study_id,treatment,replicate,time_hours,time_days,source_day_label,source_reported_time_days,temperature_c,carbon_material,process_temperature_c,dose_g_l,raw_cumulative_methane_ml,blank_mean_cumulative_methane_ml,methane_ml_g_vs,included_in_benchmark,exclusion_reason,data_origin,source_doi
kozlowski_2025_scientific_reports,food_waste,1,0,0.00000000,1,0.00000000,37,none,,0.0,0.00000000,0.00000000,0.00000000,true,,experimental_publisher_supplement,10.1038/s41598-025-02564-0
kozlowski_2025_scientific_reports,food_waste,2,0,0.00000000,1,0.00000000,37,none,,0.0,0.00000000,0.00000000,0.00000000,true,,experimental_publisher_supplement,10.1038/s41598-025-02564-0
kozlowski_2025_scientific_reports,food_waste,3,0,0.00000000,1,0.00000000,37,none,,0.0,0.00000000,0.00000000,0.00000000,true,,experimental_publisher_supplement,10.1038/s41598-025-02564-0
kozlowski_2025_scientific_reports,food_waste_torrefaction_240c,1,0,0.00000000,1,0.00000000,37,torrefaction_product,240,5.0,0.00000000,0.00000000,0.00000000,true,,experimental_publisher_supplement,10.1038/s41598-025-02564-0
kozlowski_2025_scientific_reports,food_waste_torrefaction_240c,2,0,0.00000000,1,0.00000000,37,torrefaction_product,240,5.0,0.00000000,0.00000000,0.00000000,false,excluded_from_publisher_mean; inconsistent_raw_signal,experimental_publisher_supplement,10.1038/s41598-025-02564-0
kozlowski_2025_scientific_reports,food_waste_torrefaction_240c,3,0,0.00000000,1,0.00000000,37,torrefaction_product,240,5.0,0.00000000,0.00000000,0.00000000,true,,experimental_publisher_supplement,10.1038/s41598-025-02564-0
kozlowski_2025_scientific_reports,food_waste_pyrolysis_600c,1,0,0.00000000,1,0.00000000,37,biochar,600,5.0,0.00000000,0.00000000,0.00000000,true,,experimental_publisher_supplement,10.1038/s41598-025-02564-0
kozlowski_2025_scientific_reports,food_waste_pyrolysis_600c,2,0,0.00000000,1,0.00000000,37,biochar,600,5.0,0.00000000,0.00000000,0.00000000,true,,experimental_publisher_supplement,10.1038/s41598-025-02564-0
kozlowski_2025_scientific_reports,food_waste_pyrolysis_600c,3,0,0.00000000,1,0.00000000,37,biochar,600,5.0,0.00000000,0.00000000,0.00000000,false,excluded_from_publisher_mean; inconsistent_raw_signal,experimental_publisher_supplement,10.1038/s41598-025-02564-0
kozlowski_2025_scientific_reports,food_waste_hydrochar_240c,1,0,0.00000000,1,0.00000000,37,hydrochar,240,5.0,0.00000000,0.00000000,0.00000000,true,,experimental_publisher_supplement,10.1038/s41598-025-02564-0
kozlowski_2025_scientific_reports,food_waste_hydrochar_240c,2,0,0.00000000,1,0.00000000,37,hydrochar,240,5.0,0.00000000,0.00000000,0.00000000,true,,experimental_publisher_supplement,10.1038/s41598-025-02564-0
kozlowski_2025_scientific_reports,food_waste_hydrochar_240c,3,0,0.00000000,1,0.00000000,37,hydrochar,240,5.0,0.00000000,0.00000000,0.00000000,true,,experimental_publisher_supplement,10.1038/s41598-025-02564-0
kozlowski_2025_scientific_reports,food_waste,1,1,0.04166667,1,0.01041667,37,none,,0.0,30.20000000,14.23333333,3.60780327,true,,experimental_publisher_supplement,10.1038/s41598-025-02564-0
kozlowski_2025_scientific_reports,food_waste,2,1,0.04166667,1,0.01041667,37,none,,0.0,28.10000000,14.23333333,3.13329052,true,,experimental_publisher_supplement,10.1038/s41598-025-02564-0
kozlowski_2025_scientific_reports,food_waste,3,1,0.04166667,1,0.01041667,37,none,,0.0,23.10000000,14.23333333,2.00349826,true,,experimental_publisher_supplement,10.1038/s41598-025-02564-0
kozlowski_2025_scientific_reports,food_waste_torrefaction_240c,1,1,0.04166667,1,0.01041667,37,torrefaction_product,240,5.0,34.90000000,14.23333333,4.66980799,true,,experimental_publisher_supplement,10.1038/s41598-025-02564-0
kozlowski_2025_scientific_reports,food_waste_torrefaction_240c,2,1,0.04166667,1,0.01041667,37,torrefaction_product,240,5.0,0.10000000,14.23333333,-3.19354611,false,excluded_from_publisher_mean; inconsistent_raw_signal,experimental_publisher_supplement,10.1038/s41598-025-02564-0
kozlowski_2025_scientific_reports,food_waste_torrefaction_240c,3,1,0.04166667,1,0.01041667,37,torrefaction_product,240,5.0,36.50000000,14.23333333,5.03134151,true,,experimental_publisher_supplement,10.1038/s41598-025-02564-0
kozlowski_2025_scientific_reports,food_waste_pyrolysis_600c,1,1,0.04166667,1,0.01041667,37,biochar,600,5.0,35.80000000,14.23333333,4.87317059,true,,experimental_publisher_supplement,10.1038/s41598-025-02564-0
kozlowski_2025_scientific_reports,food_waste_pyrolysis_600c,2,1,0.04166667,1,0.01041667,37,biochar,600,5.0,30.70000000,14.23333333,3.72078249,true,,experimental_publisher_supplement,10.1038/s41598-025-02564-0
kozlowski_2025_scientific_reports,food_waste_pyrolysis_600c,3,1,0.04166667,1,0.01041667,37,biochar,600,5.0,25.80000000,14.23333333,2.61358608,false,excluded_from_publisher_mean; inconsistent_raw_signal,experimental_publisher_supplement,10.1038/s41598-025-02564-0
kozlowski_2025_scientific_reports,food_waste_hydrochar_240c,1,1,0.04166667,1,0.01041667,37,hydrochar,240,5.0,30.40000000,14.23333333,3.65299496,true,,experimental_publisher_supplement,10.1038/s41598-025-02564-0
kozlowski_2025_scientific_reports,food_waste_hydrochar_240c,2,1,0.04166667,1,0.01041667,37,hydrochar,240,5.0,37.00000000,14.23333333,5.14432073,true,,experimental_publisher_supplement,10.1038/s41598-025-02564-0
kozlowski_2025_scientific_reports,food_waste_hydrochar_240c,3,1,0.04166667,1,0.01041667,37,hydrochar,240,5.0,30.80000000,14.23333333,3.74337834,true,,experimental_publisher_supplement,10.1038/s41598-025-02564-0
kozlowski_2025_scientific_reports,food_waste,1,2,0.08333333,1,0.02083333,37,none,,0.0,51.40000000,21.46666667,6.76368963,true,,experimental_publisher_supplement,10.1038/s41598-025-02564-0
kozlowski_2025_scientific_reports,food_waste,2,2,0.08333333,1,0.02083333,37,none,,0.0,49.70000000,21.46666667,6.37956026,true,,experimental_publisher_supplement,10.1038/s41598-025-02564-0
kozlowski_2025_scientific_reports,food_waste,3,2,0.08333333,1,0.02083333,37,none,,0.0,41.10000000,21.46666667,4.43631759,true,,experimental_publisher_supplement,10.1038/s41598-025-02564-0
kozlowski_2025_scientific_reports,food_waste_torrefaction_240c,1,2,0.08333333,1,0.02083333,37,torrefaction_product,240,5.0,58.00000000,21.46666667,8.25501541,true,,experimental_publisher_supplement,10.1038/s41598-025-02564-0
kozlowski_2025_scientific_reports,food_waste_torrefaction_240c,2,2,0.08333333,1,0.02083333,37,torrefaction_product,240,5.0,0.30000000,21.46666667,-4.78278721,false,excluded_from_publisher_mean; inconsistent_raw_signal,experimental_publisher_supplement,10.1038/s41598-025-02564-0
kozlowski_2025_scientific_reports,food_waste_torrefaction_240c,3,2,0.08333333,1,0.02083333,37,torrefaction_product,240,5.0,58.70000000,21.46666667,8.41318632,true,,experimental_publisher_supplement,10.1038/s41598-025-02564-0
kozlowski_2025_scientific_reports,food_waste_pyrolysis_600c,1,2,0.08333333,1,0.02083333,37,biochar,600,5.0,60.00000000,21.46666667,8.70693231,true,,experimental_publisher_supplement,10.1038/s41598-025-02564-0
kozlowski_2025_scientific_reports,food_waste_pyrolysis_600c,2,2,0.08333333,1,0.02083333,37,biochar,600,5.0,50.20000000,21.46666667,6.49253949,true,,experimental_publisher_supplement,10.1038/s41598-025-02564-0
kozlowski_2025_scientific_reports,food_waste_pyrolysis_600c,3,2,0.08333333,1,0.02083333,37,biochar,600,5.0,26.50000000,21.46666667,1.13732420,false,excluded_from_publisher_mean; inconsistent_raw_signal,experimental_publisher_supplement,10.1038/s41598-025-02564-0
kozlowski_2025_scientific_reports,food_waste_hydrochar_240c,1,2,0.08333333,1,0.02083333,37,hydrochar,240,5.0,50.60000000,21.46666667,6.58292287,true,,experimental_publisher_supplement,10.1038/s41598-025-02564-0
kozlowski_2025_scientific_reports,food_waste_hydrochar_240c,2,2,0.08333333,1,0.02083333,37,hydrochar,240,5.0,59.20000000,21.46666667,8.52616555,true,,experimental_publisher_supplement,10.1038/s41598-025-02564-0
kozlowski_2025_scientific_reports,food_waste_hydrochar_240c,3,2,0.08333333,1,0.02083333,37,hydrochar,240,5.0,50.60000000,21.46666667,6.58292287,true,,experimental_publisher_supplement,10.1038/s41598-025-02564-0
kozlowski_2025_scientific_reports,food_waste,1,3,0.12500000,1,0.03125000,37,none,,0.0,77.80000000,28.03333333,11.24519891,true,,experimental_publisher_supplement,10.1038/s41598-025-02564-0
kozlowski_2025_scientific_reports,food_waste,2,3,0.12500000,1,0.03125000,37,none,,0.0,73.50000000,28.03333333,10.27357757,true,,experimental_publisher_supplement,10.1038/s41598-025-02564-0
kozlowski_2025_scientific_reports,food_waste,3,3,0.12500000,1,0.03125000,37,none,,0.0,58.40000000,28.03333333,6.86160496,true,,experimental_publisher_supplement,10.1038/s41598-025-02564-0
kozlowski_2025_scientific_reports,food_waste_torrefaction_240c,1,3,0.12500000,1,0.03125000,37,torrefaction_product,240,5.0,82.00000000,28.03333333,12.19422440,true,,experimental_publisher_supplement,10.1038/s41598-025-02564-0
kozlowski_2025_scientific_reports,food_waste_torrefaction_240c,2,3,0.12500000,1,0.03125000,37,torrefaction_product,240,5.0,0.40000000,28.03333333,-6.24398519,false,excluded_from_publisher_mean; inconsistent_raw_signal,experimental_publisher_supplement,10.1038/s41598-025-02564-0
kozlowski_2025_scientific_reports,food_waste_torrefaction_240c,3,3,0.12500000,1,0.03125000,37,torrefaction_product,240,5.0,79.90000000,28.03333333,11.71971165,true,,experimental_publisher_supplement,10.1038/s41598-025-02564-0
kozlowski_2025_scientific_reports,food_waste_pyrolysis_600c,1,3,0.12500000,1,0.03125000,37,biochar,600,5.0,83.20000000,28.03333333,12.46537454,true,,experimental_publisher_supplement,10.1038/s41598-025-02564-0
kozlowski_2025_scientific_reports,food_waste_pyrolysis_600c,2,3,0.12500000,1,0.03125000,37,biochar,600,5.0,68.50000000,28.03333333,9.14378531,true,,experimental_publisher_supplement,10.1038/s41598-025-02564-0
kozlowski_2025_scientific_reports,food_waste_pyrolysis_600c,3,3,0.12500000,1,0.03125000,37,biochar,600,5.0,27.20000000,28.03333333,-0.18829871,false,excluded_from_publisher_mean; inconsistent_raw_signal,experimental_publisher_supplement,10.1038/s41598-025-02564-0
kozlowski_2025_scientific_reports,food_waste_hydrochar_240c,1,3,0.12500000,1,0.03125000,37,hydrochar,240,5.0,71.90000000,28.03333333,9.91204405,true,,experimental_publisher_supplement,10.1038/s41598-025-02564-0
kozlowski_2025_scientific_reports,food_waste_hydrochar_240c,2,3,0.12500000,1,0.03125000,37,hydrochar,240,5.0,79.80000000,28.03333333,11.69711581,true,,experimental_publisher_supplement,10.1038/s41598-025-02564-0
kozlowski_2025_scientific_reports,food_waste_hydrochar_240c,3,3,0.12500000,1,0.03125000,37,hydrochar,240,5.0,70.50000000,28.03333333,9.59570222,true,,experimental_publisher_supplement,10.1038/s41598-025-02564-0
kozlowski_2025_scientific_reports,food_waste,1,4,0.16666667,1,0.04166667,37,none,,0.0,99.80000000,33.56666667,14.96598140,true,,experimental_publisher_supplement,10.1038/s41598-025-02564-0
kozlowski_2025_scientific_reports,food_waste,2,4,0.16666667,1,0.04166667,37,none,,0.0,98.50000000,33.56666667,14.67223541,true,,experimental_publisher_supplement,10.1038/s41598-025-02564-0
kozlowski_2025_scientific_reports,food_waste,3,4,0.16666667,1,0.04166667,37,none,,0.0,77.80000000,33.56666667,9.99489548,true,,experimental_publisher_supplement,10.1038/s41598-025-02564-0
kozlowski_2025_scientific_reports,food_waste_torrefaction_240c,1,4,0.16666667,1,0.04166667,37,torrefaction_product,240,5.0,105.20000000,33.56666667,16.18615703,true,,experimental_publisher_supplement,10.1038/s41598-025-02564-0
kozlowski_2025_scientific_reports,food_waste_torrefaction_240c,2,4,0.16666667,1,0.04166667,37,torrefaction_product,240,5.0,0.60000000,33.56666667,-7.44909693,false,excluded_from_publisher_mean; inconsistent_raw_signal,experimental_publisher_supplement,10.1038/s41598-025-02564-0
kozlowski_2025_scientific_reports,food_waste_torrefaction_240c,3,4,0.16666667,1,0.04166667,37,torrefaction_product,240,5.0,103.70000000,33.56666667,15.84721936,true,,experimental_publisher_supplement,10.1038/s41598-025-02564-0
kozlowski_2025_scientific_reports,food_waste_pyrolysis_600c,1,4,0.16666667,1,0.04166667,37,biochar,600,5.0,106.90000000,33.56666667,16.57028640,true,,experimental_publisher_supplement,10.1038/s41598-025-02564-0
kozlowski_2025_scientific_reports,food_waste_pyrolysis_600c,2,4,0.16666667,1,0.04166667,37,biochar,600,5.0,87.20000000,33.56666667,12.11890492,true,,experimental_publisher_supplement,10.1038/s41598-025-02564-0
kozlowski_2025_scientific_reports,food_waste_pyrolysis_600c,3,4,0.16666667,1,0.04166667,37,biochar,600,5.0,27.80000000,33.56666667,-1.30302707,false,excluded_from_publisher_mean; inconsistent_raw_signal,experimental_publisher_supplement,10.1038/s41598-025-02564-0
kozlowski_2025_scientific_reports,food_waste_hydrochar_240c,1,4,0.16666667,1,0.04166667,37,hydrochar,240,5.0,90.40000000,33.56666667,12.84197196,true,,experimental_publisher_supplement,10.1038/s41598-025-02564-0
kozlowski_2025_scientific_reports,food_waste_hydrochar_240c,2,4,0.16666667,1,0.04166667,37,hydrochar,240,5.0,100.20000000,33.56666667,15.05636478,true,,experimental_publisher_supplement,10.1038/s41598-025-02564-0
kozlowski_2025_scientific_reports,food_waste_hydrochar_240c,3,4,0.16666667,1,0.04166667,37,hydrochar,240,5.0,87.80000000,33.56666667,12.25447999,true,,experimental_publisher_supplement,10.1038/s41598-025-02564-0
kozlowski_2025_scientific_reports,food_waste,1,5,0.20833333,1,0.05208333,37,none,,0.0,119.30000000,38.43333333,18.27250673,true,,experimental_publisher_supplement,10.1038/s41598-025-02564-0
kozlowski_2025_scientific_reports,food_waste,2,5,0.20833333,1,0.05208333,37,none,,0.0,122.00000000,38.43333333,18.88259455,true,,experimental_publisher_supplement,10.1038/s41598-025-02564-0
kozlowski_2025_scientific_reports,food_waste,3,5,0.20833333,1,0.05208333,37,none,,0.0,102.00000000,38.43333333,14.36342553,true,,experimental_publisher_supplement,10.1038/s41598-025-02564-0
kozlowski_2025_scientific_reports,food_waste_torrefaction_240c,1,5,0.20833333,1,0.05208333,37,torrefaction_product,240,5.0,129.70000000,38.43333333,20.62247462,true,,experimental_publisher_supplement,10.1038/s41598-025-02564-0
kozlowski_2025_scientific_reports,food_waste_torrefaction_240c,2,5,0.20833333,1,0.05208333,37,torrefaction_product,240,5.0,0.70000000,38.43333333,-8.52616555,false,excluded_from_publisher_mean; inconsistent_raw_signal,experimental_publisher_supplement,10.1038/s41598-025-02564-0
kozlowski_2025_scientific_reports,food_waste_torrefaction_240c,3,5,0.20833333,1,0.05208333,37,torrefaction_product,240,5.0,134.90000000,38.43333333,21.79745857,true,,experimental_publisher_supplement,10.1038/s41598-025-02564-0
kozlowski_2025_scientific_reports,food_waste_pyrolysis_600c,1,5,0.20833333,1,0.05208333,37,biochar,600,5.0,132.30000000,38.43333333,21.20996659,true,,experimental_publisher_supplement,10.1038/s41598-025-02564-0
kozlowski_2025_scientific_reports,food_waste_pyrolysis_600c,2,5,0.20833333,1,0.05208333,37,biochar,600,5.0,107.70000000,38.43333333,15.65138870,true,,experimental_publisher_supplement,10.1038/s41598-025-02564-0
kozlowski_2025_scientific_reports,food_waste_pyrolysis_600c,3,5,0.20833333,1,0.05208333,37,biochar,600,5.0,28.50000000,38.43333333,-2.24452061,false,excluded_from_publisher_mean; inconsistent_raw_signal,experimental_publisher_supplement,10.1038/s41598-025-02564-0
kozlowski_2025_scientific_reports,food_waste_hydrochar_240c,1,5,0.20833333,1,0.05208333,37,hydrochar,240,5.0,108.60000000,38.43333333,15.85475131,true,,experimental_publisher_supplement,10.1038/s41598-025-02564-0
kozlowski_2025_scientific_reports,food_waste_hydrochar_240c,2,5,0.20833333,1,0.05208333,37,hydrochar,240,5.0,120.70000000,38.43333333,18.58884856,true,,experimental_publisher_supplement,10.1038/s41598-025-02564-0
kozlowski_2025_scientific_reports,food_waste_hydrochar_240c,3,5,0.20833333,1,0.05208333,37,hydrochar,240,5.0,104.10000000,38.43333333,14.83793828,true,,experimental_publisher_supplement,10.1038/s41598-025-02564-0
kozlowski_2025_scientific_reports,food_waste,1,6,0.25000000,1,0.06250000,37,none,,0.0,136.80000000,42.43333333,21.32294582,true,,experimental_publisher_supplement,10.1038/s41598-025-02564-0
kozlowski_2025_scientific_reports,food_waste,2,6,0.25000000,1,0.06250000,37,none,,0.0,142.60000000,42.43333333,22.63350483,true,,experimental_publisher_supplement,10.1038/s41598-025-02564-0
kozlowski_2025_scientific_reports,food_waste,3,6,0.25000000,1,0.06250000,37,none,,0.0,123.70000000,42.43333333,18.36289011,true,,experimental_publisher_supplement,10.1038/s41598-025-02564-0
kozlowski_2025_scientific_reports,food_waste_torrefaction_240c,1,6,0.25000000,1,0.06250000,37,torrefaction_product,240,5.0,154.40000000,42.43333333,25.29981455,true,,experimental_publisher_supplement,10.1038/s41598-025-02564-0
kozlowski_2025_scientific_reports,food_waste_torrefaction_240c,2,6,0.25000000,1,0.06250000,37,torrefaction_product,240,5.0,0.90000000,42.43333333,-9.38480766,false,excluded_from_publisher_mean; inconsistent_raw_signal,experimental_publisher_supplement,10.1038/s41598-025-02564-0
kozlowski_2025_scientific_reports,food_waste_torrefaction_240c,3,6,0.25000000,1,0.06250000,37,torrefaction_product,240,5.0,163.10000000,42.43333333,27.26565308,true,,experimental_publisher_supplement,10.1038/s41598-025-02564-0
kozlowski_2025_scientific_reports,food_waste_pyrolysis_600c,1,6,0.25000000,1,0.06250000,37,biochar,600,5.0,157.90000000,42.43333333,26.09066913,true,,experimental_publisher_supplement,10.1038/s41598-025-02564-0
kozlowski_2025_scientific_reports,food_waste_pyrolysis_600c,2,6,0.25000000,1,0.06250000,37,biochar,600,5.0,128.70000000,42.43333333,19.49268237,true,,experimental_publisher_supplement,10.1038/s41598-025-02564-0
kozlowski_2025_scientific_reports,food_waste_pyrolysis_600c,3,6,0.25000000,1,0.06250000,37,biochar,600,5.0,29.20000000,42.43333333,-2.99018350,false,excluded_from_publisher_mean; inconsistent_raw_signal,experimental_publisher_supplement,10.1038/s41598-025-02564-0
kozlowski_2025_scientific_reports,food_waste_hydrochar_240c,1,6,0.25000000,1,0.06250000,37,hydrochar,240,5.0,125.30000000,42.43333333,18.72442363,true,,experimental_publisher_supplement,10.1038/s41598-025-02564-0
kozlowski_2025_scientific_reports,food_waste_hydrochar_240c,2,6,0.25000000,1,0.06250000,37,hydrochar,240,5.0,141.40000000,42.43333333,22.36235469,true,,experimental_publisher_supplement,10.1038/s41598-025-02564-0
kozlowski_2025_scientific_reports,food_waste_hydrochar_240c,3,6,0.25000000,1,0.06250000,37,hydrochar,240,5.0,120.60000000,42.43333333,17.66241891,true,,experimental_publisher_supplement,10.1038/s41598-025-02564-0
kozlowski_2025_scientific_reports,food_waste,1,7,0.29166667,1,0.07291667,37,none,,0.0,153.10000000,46.20000000,24.15495840,true,,experimental_publisher_supplement,10.1038/s41598-025-02564-0
kozlowski_2025_scientific_reports,food_waste,2,7,0.29166667,1,0.07291667,37,none,,0.0,161.70000000,46.20000000,26.09820108,true,,experimental_publisher_supplement,10.1038/s41598-025-02564-0
kozlowski_2025_scientific_reports,food_waste,3,7,0.29166667,1,0.07291667,37,none,,0.0,142.30000000,46.20000000,21.71460713,true,,experimental_publisher_supplement,10.1038/s41598-025-02564-0
kozlowski_2025_scientific_reports,food_waste_torrefaction_240c,1,7,0.29166667,1,0.07291667,37,torrefaction_product,240,5.0,175.80000000,46.20000000,29.28421524,true,,experimental_publisher_supplement,10.1038/s41598-025-02564-0
kozlowski_2025_scientific_reports,food_waste_torrefaction_240c,2,7,0.29166667,1,0.07291667,37,torrefaction_product,240,5.0,1.00000000,46.20000000,-10.21332198,false,excluded_from_publisher_mean; inconsistent_raw_signal,experimental_publisher_supplement,10.1038/s41598-025-02564-0
kozlowski_2025_scientific_reports,food_waste_torrefaction_240c,3,7,0.29166667,1,0.07291667,37,torrefaction_product,240,5.0,186.80000000,46.20000000,31.76975820,true,,experimental_publisher_supplement,10.1038/s41598-025-02564-0
kozlowski_2025_scientific_reports,food_waste_pyrolysis_600c,1,7,0.29166667,1,0.07291667,37,biochar,600,5.0,180.70000000,46.20000000,30.39141165,true,,experimental_publisher_supplement,10.1038/s41598-025-02564-0
kozlowski_2025_scientific_reports,food_waste_pyrolysis_600c,2,7,0.29166667,1,0.07291667,37,biochar,600,5.0,149.80000000,46.20000000,23.40929552,true,,experimental_publisher_supplement,10.1038/s41598-025-02564-0
kozlowski_2025_scientific_reports,food_waste_pyrolysis_600c,3,7,0.29166667,1,0.07291667,37,biochar,600,5.0,29.90000000,46.20000000,-3.68312275,false,excluded_from_publisher_mean; inconsistent_raw_signal,experimental_publisher_supplement,10.1038/s41598-025-02564-0
kozlowski_2025_scientific_reports,food_waste_hydrochar_240c,1,7,0.29166667,1,0.07291667,37,hydrochar,240,5.0,140.70000000,46.20000000,21.35307361,true,,experimental_publisher_supplement,10.1038/s41598-025-02564-0
kozlowski_2025_scientific_reports,food_waste_hydrochar_240c,2,7,0.29166667,1,0.07291667,37,hydrochar,240,5.0,162.00000000,46.20000000,26.16598862,true,,experimental_publisher_supplement,10.1038/s41598-025-02564-0
kozlowski_2025_scientific_reports,food_waste_hydrochar_240c,3,7,0.29166667,1,0.07291667,37,hydrochar,240,5.0,137.40000000,46.20000000,20.60741072,true,,experimental_publisher_supplement,10.1038/s41598-025-02564-0
kozlowski_2025_scientific_reports,food_waste,1,8,0.33333333,1,0.08333333,37,none,,0.0,168.20000000,50.00000000,26.70828890,true,,experimental_publisher_supplement,10.1038/s41598-025-02564-0
kozlowski_2025_scientific_reports,food_waste,2,8,0.33333333,1,0.08333333,37,none,,0.0,179.00000000,50.00000000,29.14864017,true,,experimental_publisher_supplement,10.1038/s41598-025-02564-0
kozlowski_2025_scientific_reports,food_waste,3,8,0.33333333,1,0.08333333,37,none,,0.0,160.50000000,50.00000000,24.96840883,true,,experimental_publisher_supplement,10.1038/s41598-025-02564-0
kozlowski_2025_scientific_reports,food_waste_torrefaction_240c,1,8,0.33333333,1,0.08333333,37,torrefaction_product,240,5.0,194.00000000,50.00000000,32.53801693,true,,experimental_publisher_supplement,10.1038/s41598-025-02564-0
kozlowski_2025_scientific_reports,food_waste_torrefaction_240c,2,8,0.33333333,1,0.08333333,37,torrefaction_product,240,5.0,1.20000000,50.00000000,-11.02677240,false,excluded_from_publisher_mean; inconsistent_raw_signal,experimental_publisher_supplement,10.1038/s41598-025-02564-0
kozlowski_2025_scientific_reports,food_waste_torrefaction_240c,3,8,0.33333333,1,0.08333333,37,torrefaction_product,240,5.0,206.50000000,50.00000000,35.36249757,true,,experimental_publisher_supplement,10.1038/s41598-025-02564-0
kozlowski_2025_scientific_reports,food_waste_pyrolysis_600c,1,8,0.33333333,1,0.08333333,37,biochar,600,5.0,199.10000000,50.00000000,33.69040503,true,,experimental_publisher_supplement,10.1038/s41598-025-02564-0
kozlowski_2025_scientific_reports,food_waste_pyrolysis_600c,2,8,0.33333333,1,0.08333333,37,biochar,600,5.0,174.70000000,50.00000000,28.17701883,true,,experimental_publisher_supplement,10.1038/s41598-025-02564-0
kozlowski_2025_scientific_reports,food_waste_pyrolysis_600c,3,8,0.33333333,1,0.08333333,37,biochar,600,5.0,30.60000000,50.00000000,-4.38359395,false,excluded_from_publisher_mean; inconsistent_raw_signal,experimental_publisher_supplement,10.1038/s41598-025-02564-0
kozlowski_2025_scientific_reports,food_waste_hydrochar_240c,1,8,0.33333333,1,0.08333333,37,hydrochar,240,5.0,155.50000000,50.00000000,23.83861657,true,,experimental_publisher_supplement,10.1038/s41598-025-02564-0
kozlowski_2025_scientific_reports,food_waste_hydrochar_240c,2,8,0.33333333,1,0.08333333,37,hydrochar,240,5.0,187.90000000,50.00000000,31.15967038,true,,experimental_publisher_supplement,10.1038/s41598-025-02564-0
kozlowski_2025_scientific_reports,food_waste_hydrochar_240c,3,8,0.33333333,1,0.08333333,37,hydrochar,240,5.0,152.90000000,50.00000000,23.25112460,true,,experimental_publisher_supplement,10.1038/s41598-025-02564-0
kozlowski_2025_scientific_reports,food_waste,1,9,0.37500000,1,0.09375000,37,none,,0.0,182.50000000,53.93333333,29.05072484,true,,experimental_publisher_supplement,10.1038/s41598-025-02564-0
kozlowski_2025_scientific_reports,food_waste,2,9,0.37500000,1,0.09375000,37,none,,0.0,193.90000000,53.93333333,31.62665118,true,,experimental_publisher_supplement,10.1038/s41598-025-02564-0
kozlowski_2025_scientific_reports,food_waste,3,9,0.37500000,1,0.09375000,37,none,,0.0,178.70000000,53.93333333,28.19208273,true,,experimental_publisher_supplement,10.1038/s41598-025-02564-0
kozlowski_2025_scientific_reports,food_waste_torrefaction_240c,1,9,0.37500000,1,0.09375000,37,torrefaction_product,240,5.0,211.40000000,53.93333333,35.58092407,true,,experimental_publisher_supplement,10.1038/s41598-025-02564-0
kozlowski_2025_scientific_reports,food_waste_torrefaction_240c,2,9,0.37500000,1,0.09375000,37,torrefaction_product,240,5.0,1.30000000,53.93333333,-11.89294647,false,excluded_from_publisher_mean; inconsistent_raw_signal,experimental_publisher_supplement,10.1038/s41598-025-02564-0
kozlowski_2025_scientific_reports,food_waste_torrefaction_240c,3,9,0.37500000,1,0.09375000,37,torrefaction_product,240,5.0,223.00000000,53.93333333,38.20204210,true,,experimental_publisher_supplement,10.1038/s41598-025-02564-0
kozlowski_2025_scientific_reports,food_waste_pyrolysis_600c,1,9,0.37500000,1,0.09375000,37,biochar,600,5.0,214.90000000,53.93333333,36.37177865,true,,experimental_publisher_supplement,10.1038/s41598-025-02564-0
kozlowski_2025_scientific_reports,food_waste_pyrolysis_600c,2,9,0.37500000,1,0.09375000,37,biochar,600,5.0,201.60000000,53.93333333,33.36653125,true,,experimental_publisher_supplement,10.1038/s41598-025-02564-0
kozlowski_2025_scientific_reports,food_waste_pyrolysis_600c,3,9,0.37500000,1,0.09375000,37,biochar,600,5.0,31.30000000,53.93333333,-5.11419294,false,excluded_from_publisher_mean; inconsistent_raw_signal,experimental_publisher_supplement,10.1038/s41598-025-02564-0
kozlowski_2025_scientific_reports,food_waste_hydrochar_240c,1,9,0.37500000,1,0.09375000,37,hydrochar,240,5.0,171.80000000,53.93333333,26.63296942,true,,experimental_publisher_supplement,10.1038/s41598-025-02564-0
kozlowski_2025_scientific_reports,food_waste_hydrochar_240c,2,9,0.37500000,1,0.09375000,37,hydrochar,240,5.0,210.20000000,53.93333333,35.30977393,true,,experimental_publisher_supplement,10.1038/s41598-025-02564-0
kozlowski_2025_scientific_reports,food_waste_hydrochar_240c,3,9,0.37500000,1,0.09375000,37,hydrochar,240,5.0,167.30000000,53.93333333,25.61615639,true,,experimental_publisher_supplement,10.1038/s41598-025-02564-0
kozlowski_2025_scientific_reports,food_waste,1,10,0.41666667,1,0.10416667,37,none,,0.0,197.00000000,58.00000000,31.40822468,true,,experimental_publisher_supplement,10.1038/s41598-025-02564-0
kozlowski_2025_scientific_reports,food_waste,2,10,0.41666667,1,0.10416667,37,none,,0.0,208.40000000,58.00000000,33.98415102,true,,experimental_publisher_supplement,10.1038/s41598-025-02564-0
kozlowski_2025_scientific_reports,food_waste,3,10,0.41666667,1,0.10416667,37,none,,0.0,197.30000000,58.00000000,31.47601221,true,,experimental_publisher_supplement,10.1038/s41598-025-02564-0
kozlowski_2025_scientific_reports,food_waste_torrefaction_240c,1,10,0.41666667,1,0.10416667,37,torrefaction_product,240,5.0,228.10000000,58.00000000,38.43553250,true,,experimental_publisher_supplement,10.1038/s41598-025-02564-0
kozlowski_2025_scientific_reports,food_waste_torrefaction_240c,2,10,0.41666667,1,0.10416667,37,torrefaction_product,240,5.0,1.40000000,58.00000000,-12.78924832,false,excluded_from_publisher_mean; inconsistent_raw_signal,experimental_publisher_supplement,10.1038/s41598-025-02564-0
kozlowski_2025_scientific_reports,food_waste_torrefaction_240c,3,10,0.41666667,1,0.10416667,37,torrefaction_product,240,5.0,238.70000000,58.00000000,40.83069208,true,,experimental_publisher_supplement,10.1038/s41598-025-02564-0
kozlowski_2025_scientific_reports,food_waste_pyrolysis_600c,1,10,0.41666667,1,0.10416667,37,biochar,600,5.0,229.80000000,58.00000000,38.81966187,true,,experimental_publisher_supplement,10.1038/s41598-025-02564-0
kozlowski_2025_scientific_reports,food_waste_pyrolysis_600c,2,10,0.41666667,1,0.10416667,37,biochar,600,5.0,220.90000000,58.00000000,36.80863165,true,,experimental_publisher_supplement,10.1038/s41598-025-02564-0
kozlowski_2025_scientific_reports,food_waste_pyrolysis_600c,3,10,0.41666667,1,0.10416667,37,biochar,600,5.0,32.00000000,58.00000000,-5.87491972,false,excluded_from_publisher_mean; inconsistent_raw_signal,experimental_publisher_supplement,10.1038/s41598-025-02564-0
kozlowski_2025_scientific_reports,food_waste_hydrochar_240c,1,10,0.41666667,1,0.10416667,37,hydrochar,240,5.0,195.00000000,58.00000000,30.95630778,true,,experimental_publisher_supplement,10.1038/s41598-025-02564-0
kozlowski_2025_scientific_reports,food_waste_hydrochar_240c,2,10,0.41666667,1,0.10416667,37,hydrochar,240,5.0,229.00000000,58.00000000,38.63889511,true,,experimental_publisher_supplement,10.1038/s41598-025-02564-0
kozlowski_2025_scientific_reports,food_waste_hydrochar_240c,3,10,0.41666667,1,0.10416667,37,hydrochar,240,5.0,181.30000000,58.00000000,27.86067700,true,,experimental_publisher_supplement,10.1038/s41598-025-02564-0
kozlowski_2025_scientific_reports,food_waste,1,11,0.45833333,1,0.11458333,37,none,,0.0,212.10000000,62.36666667,33.83351205,true,,experimental_publisher_supplement,10.1038/s41598-025-02564-0
kozlowski_2025_scientific_reports,food_waste,2,11,0.45833333,1,0.11458333,37,none,,0.0,222.80000000,62.36666667,36.25126748,true,,experimental_publisher_supplement,10.1038/s41598-025-02564-0
kozlowski_2025_scientific_reports,food_waste,3,11,0.45833333,1,0.11458333,37,none,,0.0,216.20000000,62.36666667,34.75994170,true,,experimental_publisher_supplement,10.1038/s41598-025-02564-0
kozlowski_2025_scientific_reports,food_waste_torrefaction_240c,1,11,0.45833333,1,0.11458333,37,torrefaction_product,240,5.0,244.50000000,62.36666667,41.15456586,true,,experimental_publisher_supplement,10.1038/s41598-025-02564-0
kozlowski_2025_scientific_reports,food_waste_torrefaction_240c,2,11,0.45833333,1,0.11458333,37,torrefaction_product,240,5.0,1.60000000,62.36666667,-13.73074187,false,excluded_from_publisher_mean; inconsistent_raw_signal,experimental_publisher_supplement,10.1038/s41598-025-02564-0
kozlowski_2025_scientific_reports,food_waste_torrefaction_240c,3,11,0.45833333,1,0.11458333,37,torrefaction_product,240,5.0,254.20000000,62.36666667,43.34636283,true,,experimental_publisher_supplement,10.1038/s41598-025-02564-0
kozlowski_2025_scientific_reports,food_waste_pyrolysis_600c,1,11,0.45833333,1,0.11458333,37,biochar,600,5.0,243.60000000,62.36666667,40.95120325,true,,experimental_publisher_supplement,10.1038/s41598-025-02564-0
kozlowski_2025_scientific_reports,food_waste_pyrolysis_600c,2,11,0.45833333,1,0.11458333,37,biochar,600,5.0,237.40000000,62.36666667,39.55026086,true,,experimental_publisher_supplement,10.1038/s41598-025-02564-0
kozlowski_2025_scientific_reports,food_waste_pyrolysis_600c,3,11,0.45833333,1,0.11458333,37,biochar,600,5.0,32.70000000,62.36666667,-6.70343404,false,excluded_from_publisher_mean; inconsistent_raw_signal,experimental_publisher_supplement,10.1038/s41598-025-02564-0
kozlowski_2025_scientific_reports,food_waste_hydrochar_240c,1,11,0.45833333,1,0.11458333,37,hydrochar,240,5.0,221.50000000,62.36666667,35.95752149,true,,experimental_publisher_supplement,10.1038/s41598-025-02564-0
kozlowski_2025_scientific_reports,food_waste_hydrochar_240c,2,11,0.45833333,1,0.11458333,37,hydrochar,240,5.0,246.20000000,62.36666667,41.53869523,true,,experimental_publisher_supplement,10.1038/s41598-025-02564-0
kozlowski_2025_scientific_reports,food_waste_hydrochar_240c,3,11,0.45833333,1,0.11458333,37,hydrochar,240,5.0,198.80000000,62.36666667,30.82826465,true,,experimental_publisher_supplement,10.1038/s41598-025-02564-0
kozlowski_2025_scientific_reports,food_waste,1,12,0.50000000,1,0.12500000,37,none,,0.0,227.80000000,66.80000000,36.37931060,true,,experimental_publisher_supplement,10.1038/s41598-025-02564-0
kozlowski_2025_scientific_reports,food_waste,2,12,0.50000000,1,0.12500000,37,none,,0.0,238.30000000,66.80000000,38.75187433,true,,experimental_publisher_supplement,10.1038/s41598-025-02564-0
kozlowski_2025_scientific_reports,food_waste,3,12,0.50000000,1,0.12500000,37,none,,0.0,233.80000000,66.80000000,37.73506130,true,,experimental_publisher_supplement,10.1038/s41598-025-02564-0
kozlowski_2025_scientific_reports,food_waste_torrefaction_240c,1,12,0.50000000,1,0.12500000,37,torrefaction_product,240,5.0,261.70000000,66.80000000,44.03930208,true,,experimental_publisher_supplement,10.1038/s41598-025-02564-0
kozlowski_2025_scientific_reports,food_waste_torrefaction_240c,2,12,0.50000000,1,0.12500000,37,torrefaction_product,240,5.0,1.70000000,66.80000000,-14.70989515,false,excluded_from_publisher_mean; inconsistent_raw_signal,experimental_publisher_supplement,10.1038/s41598-025-02564-0
kozlowski_2025_scientific_reports,food_waste_torrefaction_240c,3,12,0.50000000,1,0.12500000,37,torrefaction_product,240,5.0,270.00000000,66.80000000,45.91475723,true,,experimental_publisher_supplement,10.1038/s41598-025-02564-0
kozlowski_2025_scientific_reports,food_waste_pyrolysis_600c,1,12,0.50000000,1,0.12500000,37,biochar,600,5.0,257.30000000,66.80000000,43.04508490,true,,experimental_publisher_supplement,10.1038/s41598-025-02564-0
kozlowski_2025_scientific_reports,food_waste_pyrolysis_600c,2,12,0.50000000,1,0.12500000,37,biochar,600,5.0,253.40000000,66.80000000,42.16384694,true,,experimental_publisher_supplement,10.1038/s41598-025-02564-0
kozlowski_2025_scientific_reports,food_waste_pyrolysis_600c,3,12,0.50000000,1,0.12500000,37,biochar,600,5.0,33.40000000,66.80000000,-7.54701226,false,excluded_from_publisher_mean; inconsistent_raw_signal,experimental_publisher_supplement,10.1038/s41598-025-02564-0
kozlowski_2025_scientific_reports,food_waste_hydrochar_240c,1,12,0.50000000,1,0.12500000,37,hydrochar,240,5.0,243.00000000,66.80000000,39.81387905,true,,experimental_publisher_supplement,10.1038/s41598-025-02564-0
kozlowski_2025_scientific_reports,food_waste_hydrochar_240c,2,12,0.50000000,1,0.12500000,37,hydrochar,240,5.0,263.00000000,66.80000000,44.33304807,true,,experimental_publisher_supplement,10.1038/s41598-025-02564-0
kozlowski_2025_scientific_reports,food_waste_hydrochar_240c,3,12,0.50000000,1,0.12500000,37,hydrochar,240,5.0,224.20000000,66.80000000,35.56586017,true,,experimental_publisher_supplement,10.1038/s41598-025-02564-0
kozlowski_2025_scientific_reports,food_waste,1,13,0.54166667,1,0.13541667,37,none,,0.0,244.30000000,71.73333333,38.99289668,true,,experimental_publisher_supplement,10.1038/s41598-025-02564-0
kozlowski_2025_scientific_reports,food_waste,2,13,0.54166667,1,0.13541667,37,none,,0.0,254.80000000,71.73333333,41.36546041,true,,experimental_publisher_supplement,10.1038/s41598-025-02564-0
kozlowski_2025_scientific_reports,food_waste,3,13,0.54166667,1,0.13541667,37,none,,0.0,249.80000000,71.73333333,40.23566816,true,,experimental_publisher_supplement,10.1038/s41598-025-02564-0
kozlowski_2025_scientific_reports,food_waste_torrefaction_240c,1,13,0.54166667,1,0.13541667,37,torrefaction_product,240,5.0,279.60000000,71.73333333,46.96923000,true,,experimental_publisher_supplement,10.1038/s41598-025-02564-0
kozlowski_2025_scientific_reports,food_waste_torrefaction_240c,2,13,0.54166667,1,0.13541667,37,torrefaction_product,240,5.0,1.90000000,71.73333333,-15.77943182,false,excluded_from_publisher_mean; inconsistent_raw_signal,experimental_publisher_supplement,10.1038/s41598-025-02564-0
kozlowski_2025_scientific_reports,food_waste_torrefaction_240c,3,13,0.54166667,1,0.13541667,37,torrefaction_product,240,5.0,286.40000000,71.73333333,48.50574746,true,,experimental_publisher_supplement,10.1038/s41598-025-02564-0
kozlowski_2025_scientific_reports,food_waste_pyrolysis_600c,1,13,0.54166667,1,0.13541667,37,biochar,600,5.0,272.40000000,71.73333333,45.34232915,true,,experimental_publisher_supplement,10.1038/s41598-025-02564-0
kozlowski_2025_scientific_reports,food_waste_pyrolysis_600c,2,13,0.54166667,1,0.13541667,37,biochar,600,5.0,270.30000000,71.73333333,44.86781640,true,,experimental_publisher_supplement,10.1038/s41598-025-02564-0
kozlowski_2025_scientific_reports,food_waste_pyrolysis_600c,3,13,0.54166667,1,0.13541667,37,biochar,600,5.0,34.10000000,71.73333333,-8.50356970,false,excluded_from_publisher_mean; inconsistent_raw_signal,experimental_publisher_supplement,10.1038/s41598-025-02564-0
kozlowski_2025_scientific_reports,food_waste_hydrochar_240c,1,13,0.54166667,1,0.13541667,37,hydrochar,240,5.0,260.90000000,71.73333333,42.74380697,true,,experimental_publisher_supplement,10.1038/s41598-025-02564-0
kozlowski_2025_scientific_reports,food_waste_hydrochar_240c,2,13,0.54166667,1,0.13541667,37,hydrochar,240,5.0,278.70000000,71.73333333,46.76586739,true,,experimental_publisher_supplement,10.1038/s41598-025-02564-0
kozlowski_2025_scientific_reports,food_waste_hydrochar_240c,3,13,0.54166667,1,0.13541667,37,hydrochar,240,5.0,249.80000000,71.73333333,40.23566816,true,,experimental_publisher_supplement,10.1038/s41598-025-02564-0
kozlowski_2025_scientific_reports,food_waste,1,14,0.58333333,1,0.14583333,37,none,,0.0,262.20000000,76.63333333,41.93035654,true,,experimental_publisher_supplement,10.1038/s41598-025-02564-0
kozlowski_2025_scientific_reports,food_waste,2,14,0.58333333,1,0.14583333,37,none,,0.0,272.70000000,76.63333333,44.30292028,true,,experimental_publisher_supplement,10.1038/s41598-025-02564-0
kozlowski_2025_scientific_reports,food_waste,3,14,0.58333333,1,0.14583333,37,none,,0.0,266.40000000,76.63333333,42.87938204,true,,experimental_publisher_supplement,10.1038/s41598-025-02564-0
kozlowski_2025_scientific_reports,food_waste_torrefaction_240c,1,14,0.58333333,1,0.14583333,37,torrefaction_product,240,5.0,298.30000000,76.63333333,50.08745662,true,,experimental_publisher_supplement,10.1038/s41598-025-02564-0
kozlowski_2025_scientific_reports,food_waste_torrefaction_240c,2,14,0.58333333,1,0.14583333,37,torrefaction_product,240,5.0,2.00000000,76.63333333,-16.86403239,false,excluded_from_publisher_mean; inconsistent_raw_signal,experimental_publisher_supplement,10.1038/s41598-025-02564-0
kozlowski_2025_scientific_reports,food_waste_torrefaction_240c,3,14,0.58333333,1,0.14583333,37,torrefaction_product,240,5.0,303.80000000,76.63333333,51.33022810,true,,experimental_publisher_supplement,10.1038/s41598-025-02564-0
kozlowski_2025_scientific_reports,food_waste_pyrolysis_600c,1,14,0.58333333,1,0.14583333,37,biochar,600,5.0,288.90000000,76.63333333,47.96344718,true,,experimental_publisher_supplement,10.1038/s41598-025-02564-0
kozlowski_2025_scientific_reports,food_waste_pyrolysis_600c,2,14,0.58333333,1,0.14583333,37,biochar,600,5.0,288.10000000,76.63333333,47.78268042,true,,experimental_publisher_supplement,10.1038/s41598-025-02564-0
kozlowski_2025_scientific_reports,food_waste_pyrolysis_600c,3,14,0.58333333,1,0.14583333,37,biochar,600,5.0,45.10000000,76.63333333,-7.12522315,false,excluded_from_publisher_mean; inconsistent_raw_signal,experimental_publisher_supplement,10.1038/s41598-025-02564-0
kozlowski_2025_scientific_reports,food_waste_hydrochar_240c,1,14,0.58333333,1,0.14583333,37,hydrochar,240,5.0,278.10000000,76.63333333,45.52309591,true,,experimental_publisher_supplement,10.1038/s41598-025-02564-0
kozlowski_2025_scientific_reports,food_waste_hydrochar_240c,2,14,0.58333333,1,0.14583333,37,hydrochar,240,5.0,294.60000000,76.63333333,49.25141035,true,,experimental_publisher_supplement,10.1038/s41598-025-02564-0
kozlowski_2025_scientific_reports,food_waste_hydrochar_240c,3,14,0.58333333,1,0.14583333,37,hydrochar,240,5.0,271.10000000,76.63333333,43.94138676,true,,experimental_publisher_supplement,10.1038/s41598-025-02564-0
kozlowski_2025_scientific_reports,food_waste,1,15,0.62500000,1,0.15625000,37,none,,0.0,282.20000000,81.50000000,45.34986110,true,,experimental_publisher_supplement,10.1038/s41598-025-02564-0
kozlowski_2025_scientific_reports,food_waste,2,15,0.62500000,1,0.15625000,37,none,,0.0,292.60000000,81.50000000,47.69982899,true,,experimental_publisher_supplement,10.1038/s41598-025-02564-0
kozlowski_2025_scientific_reports,food_waste,3,15,0.62500000,1,0.15625000,37,none,,0.0,284.80000000,81.50000000,45.93735307,true,,experimental_publisher_supplement,10.1038/s41598-025-02564-0
kozlowski_2025_scientific_reports,food_waste_torrefaction_240c,1,15,0.62500000,1,0.15625000,37,torrefaction_product,240,5.0,317.50000000,81.50000000,53.32619442,true,,experimental_publisher_supplement,10.1038/s41598-025-02564-0
kozlowski_2025_scientific_reports,food_waste_torrefaction_240c,2,15,0.62500000,1,0.15625000,37,torrefaction_product,240,5.0,2.20000000,81.50000000,-17.91850516,false,excluded_from_publisher_mean; inconsistent_raw_signal,experimental_publisher_supplement,10.1038/s41598-025-02564-0
kozlowski_2025_scientific_reports,food_waste_torrefaction_240c,3,15,0.62500000,1,0.15625000,37,torrefaction_product,240,5.0,322.00000000,81.50000000,54.34300745,true,,experimental_publisher_supplement,10.1038/s41598-025-02564-0
kozlowski_2025_scientific_reports,food_waste_pyrolysis_600c,1,15,0.62500000,1,0.15625000,37,biochar,600,5.0,306.80000000,81.50000000,50.90843899,true,,experimental_publisher_supplement,10.1038/s41598-025-02564-0
kozlowski_2025_scientific_reports,food_waste_pyrolysis_600c,2,15,0.62500000,1,0.15625000,37,biochar,600,5.0,305.50000000,81.50000000,50.61469301,true,,experimental_publisher_supplement,10.1038/s41598-025-02564-0
kozlowski_2025_scientific_reports,food_waste_pyrolysis_600c,3,15,0.62500000,1,0.15625000,37,biochar,600,5.0,61.20000000,81.50000000,-4.58695655,false,excluded_from_publisher_mean; inconsistent_raw_signal,experimental_publisher_supplement,10.1038/s41598-025-02564-0
kozlowski_2025_scientific_reports,food_waste_hydrochar_240c,1,15,0.62500000,1,0.15625000,37,hydrochar,240,5.0,294.20000000,81.50000000,48.06136251,true,,experimental_publisher_supplement,10.1038/s41598-025-02564-0
kozlowski_2025_scientific_reports,food_waste_hydrochar_240c,2,15,0.62500000,1,0.15625000,37,hydrochar,240,5.0,311.70000000,81.50000000,52.01563540,true,,experimental_publisher_supplement,10.1038/s41598-025-02564-0
kozlowski_2025_scientific_reports,food_waste_hydrochar_240c,3,15,0.62500000,1,0.15625000,37,hydrochar,240,5.0,290.50000000,81.50000000,47.22531624,true,,experimental_publisher_supplement,10.1038/s41598-025-02564-0
kozlowski_2025_scientific_reports,food_waste,1,16,0.66666667,1,0.16666667,37,none,,0.0,304.30000000,86.43333333,49.22881451,true,,experimental_publisher_supplement,10.1038/s41598-025-02564-0
kozlowski_2025_scientific_reports,food_waste,2,16,0.66666667,1,0.16666667,37,none,,0.0,314.00000000,86.43333333,51.42061148,true,,experimental_publisher_supplement,10.1038/s41598-025-02564-0
kozlowski_2025_scientific_reports,food_waste,3,16,0.66666667,1,0.16666667,37,none,,0.0,305.40000000,86.43333333,49.47736880,true,,experimental_publisher_supplement,10.1038/s41598-025-02564-0
kozlowski_2025_scientific_reports,food_waste_torrefaction_240c,1,16,0.66666667,1,0.16666667,37,torrefaction_product,240,5.0,336.60000000,86.43333333,56.52727247,true,,experimental_publisher_supplement,10.1038/s41598-025-02564-0
kozlowski_2025_scientific_reports,food_waste_torrefaction_240c,2,16,0.66666667,1,0.16666667,37,torrefaction_product,240,5.0,2.30000000,86.43333333,-19.01063767,false,excluded_from_publisher_mean; inconsistent_raw_signal,experimental_publisher_supplement,10.1038/s41598-025-02564-0
kozlowski_2025_scientific_reports,food_waste_torrefaction_240c,3,16,0.66666667,1,0.16666667,37,torrefaction_product,240,5.0,340.50000000,86.43333333,57.40851043,true,,experimental_publisher_supplement,10.1038/s41598-025-02564-0
kozlowski_2025_scientific_reports,food_waste_pyrolysis_600c,1,16,0.66666667,1,0.16666667,37,biochar,600,5.0,325.00000000,86.43333333,53.90615444,true,,experimental_publisher_supplement,10.1038/s41598-025-02564-0
kozlowski_2025_scientific_reports,food_waste_pyrolysis_600c,2,16,0.66666667,1,0.16666667,37,biochar,600,5.0,320.90000000,86.43333333,52.97972479,true,,experimental_publisher_supplement,10.1038/s41598-025-02564-0
kozlowski_2025_scientific_reports,food_waste_pyrolysis_600c,3,16,0.66666667,1,0.16666667,37,biochar,600,5.0,76.50000000,86.43333333,-2.24452061,false,excluded_from_publisher_mean; inconsistent_raw_signal,experimental_publisher_supplement,10.1038/s41598-025-02564-0
kozlowski_2025_scientific_reports,food_waste_hydrochar_240c,1,16,0.66666667,1,0.16666667,37,hydrochar,240,5.0,309.50000000,86.43333333,50.40379845,true,,experimental_publisher_supplement,10.1038/s41598-025-02564-0
kozlowski_2025_scientific_reports,food_waste_hydrochar_240c,2,16,0.66666667,1,0.16666667,37,hydrochar,240,5.0,329.40000000,86.43333333,54.90037162,true,,experimental_publisher_supplement,10.1038/s41598-025-02564-0
kozlowski_2025_scientific_reports,food_waste_hydrochar_240c,3,16,0.66666667,1,0.16666667,37,hydrochar,240,5.0,308.60000000,86.43333333,50.20043585,true,,experimental_publisher_supplement,10.1038/s41598-025-02564-0
kozlowski_2025_scientific_reports,food_waste,1,17,0.70833333,1,0.17708333,37,none,,0.0,328.10000000,91.26666667,53.51449313,true,,experimental_publisher_supplement,10.1038/s41598-025-02564-0
kozlowski_2025_scientific_reports,food_waste,2,17,0.70833333,1,0.17708333,37,none,,0.0,335.70000000,91.26666667,55.23177735,true,,experimental_publisher_supplement,10.1038/s41598-025-02564-0
kozlowski_2025_scientific_reports,food_waste,3,17,0.70833333,1,0.17708333,37,none,,0.0,326.70000000,91.26666667,53.19815129,true,,experimental_publisher_supplement,10.1038/s41598-025-02564-0
kozlowski_2025_scientific_reports,food_waste_torrefaction_240c,1,17,0.70833333,1,0.17708333,37,torrefaction_product,240,5.0,355.40000000,91.26666667,59.68315884,true,,experimental_publisher_supplement,10.1038/s41598-025-02564-0
kozlowski_2025_scientific_reports,food_waste_torrefaction_240c,2,17,0.70833333,1,0.17708333,37,torrefaction_product,240,5.0,2.50000000,91.26666667,-20.05757849,false,excluded_from_publisher_mean; inconsistent_raw_signal,experimental_publisher_supplement,10.1038/s41598-025-02564-0
kozlowski_2025_scientific_reports,food_waste_torrefaction_240c,3,17,0.70833333,1,0.17708333,37,torrefaction_product,240,5.0,358.70000000,91.26666667,60.42882172,true,,experimental_publisher_supplement,10.1038/s41598-025-02564-0
kozlowski_2025_scientific_reports,food_waste_pyrolysis_600c,1,17,0.70833333,1,0.17708333,37,biochar,600,5.0,343.00000000,91.26666667,56.88127404,true,,experimental_publisher_supplement,10.1038/s41598-025-02564-0
kozlowski_2025_scientific_reports,food_waste_pyrolysis_600c,2,17,0.70833333,1,0.17708333,37,biochar,600,5.0,335.80000000,91.26666667,55.25437320,true,,experimental_publisher_supplement,10.1038/s41598-025-02564-0
kozlowski_2025_scientific_reports,food_waste_pyrolysis_600c,3,17,0.70833333,1,0.17708333,37,biochar,600,5.0,92.30000000,91.26666667,0.23349040,false,excluded_from_publisher_mean; inconsistent_raw_signal,experimental_publisher_supplement,10.1038/s41598-025-02564-0
kozlowski_2025_scientific_reports,food_waste_hydrochar_240c,1,17,0.70833333,1,0.17708333,37,hydrochar,240,5.0,326.60000000,91.26666667,53.17555545,true,,experimental_publisher_supplement,10.1038/s41598-025-02564-0
kozlowski_2025_scientific_reports,food_waste_hydrochar_240c,2,17,0.70833333,1,0.17708333,37,hydrochar,240,5.0,347.20000000,91.26666667,57.83029954,true,,experimental_publisher_supplement,10.1038/s41598-025-02564-0
kozlowski_2025_scientific_reports,food_waste_hydrochar_240c,3,17,0.70833333,1,0.17708333,37,hydrochar,240,5.0,326.90000000,91.26666667,53.24334298,true,,experimental_publisher_supplement,10.1038/s41598-025-02564-0
kozlowski_2025_scientific_reports,food_waste,1,18,0.75000000,1,0.18750000,37,none,,0.0,349.80000000,96.20000000,57.30306315,true,,experimental_publisher_supplement,10.1038/s41598-025-02564-0
kozlowski_2025_scientific_reports,food_waste,2,18,0.75000000,1,0.18750000,37,none,,0.0,356.30000000,96.20000000,58.77179308,true,,experimental_publisher_supplement,10.1038/s41598-025-02564-0
kozlowski_2025_scientific_reports,food_waste,3,18,0.75000000,1,0.18750000,37,none,,0.0,347.90000000,96.20000000,56.87374210,true,,experimental_publisher_supplement,10.1038/s41598-025-02564-0
kozlowski_2025_scientific_reports,food_waste_torrefaction_240c,1,18,0.75000000,1,0.18750000,37,torrefaction_product,240,5.0,373.60000000,96.20000000,62.68087428,true,,experimental_publisher_supplement,10.1038/s41598-025-02564-0
kozlowski_2025_scientific_reports,food_waste_torrefaction_240c,2,18,0.75000000,1,0.18750000,37,torrefaction_product,240,5.0,2.60000000,96.20000000,-21.14971101,false,excluded_from_publisher_mean; inconsistent_raw_signal,experimental_publisher_supplement,10.1038/s41598-025-02564-0
kozlowski_2025_scientific_reports,food_waste_torrefaction_240c,3,18,0.75000000,1,0.18750000,37,torrefaction_product,240,5.0,376.30000000,96.20000000,63.29096210,true,,experimental_publisher_supplement,10.1038/s41598-025-02564-0
kozlowski_2025_scientific_reports,food_waste_pyrolysis_600c,1,18,0.75000000,1,0.18750000,37,biochar,600,5.0,360.50000000,96.20000000,59.72081858,true,,experimental_publisher_supplement,10.1038/s41598-025-02564-0
kozlowski_2025_scientific_reports,food_waste_pyrolysis_600c,2,18,0.75000000,1,0.18750000,37,biochar,600,5.0,351.20000000,96.20000000,57.61940498,true,,experimental_publisher_supplement,10.1038/s41598-025-02564-0
kozlowski_2025_scientific_reports,food_waste_pyrolysis_600c,3,18,0.75000000,1,0.18750000,37,biochar,600,5.0,108.40000000,96.20000000,2.75669310,false,excluded_from_publisher_mean; inconsistent_raw_signal,experimental_publisher_supplement,10.1038/s41598-025-02564-0
kozlowski_2025_scientific_reports,food_waste_hydrochar_240c,1,18,0.75000000,1,0.18750000,37,hydrochar,240,5.0,344.50000000,96.20000000,56.10548336,true,,experimental_publisher_supplement,10.1038/s41598-025-02564-0
kozlowski_2025_scientific_reports,food_waste_hydrochar_240c,2,18,0.75000000,1,0.18750000,37,hydrochar,240,5.0,364.50000000,96.20000000,60.62465238,true,,experimental_publisher_supplement,10.1038/s41598-025-02564-0
kozlowski_2025_scientific_reports,food_waste_hydrochar_240c,3,18,0.75000000,1,0.18750000,37,hydrochar,240,5.0,346.20000000,96.20000000,56.48961273,true,,experimental_publisher_supplement,10.1038/s41598-025-02564-0
kozlowski_2025_scientific_reports,food_waste,1,19,0.79166667,1,0.19791667,37,none,,0.0,369.80000000,101.30000000,60.66984407,true,,experimental_publisher_supplement,10.1038/s41598-025-02564-0
kozlowski_2025_scientific_reports,food_waste,2,19,0.79166667,1,0.19791667,37,none,,0.0,375.20000000,101.30000000,61.89001971,true,,experimental_publisher_supplement,10.1038/s41598-025-02564-0
kozlowski_2025_scientific_reports,food_waste,3,19,0.79166667,1,0.19791667,37,none,,0.0,367.40000000,101.30000000,60.12754379,true,,experimental_publisher_supplement,10.1038/s41598-025-02564-0
kozlowski_2025_scientific_reports,food_waste_torrefaction_240c,1,19,0.79166667,1,0.19791667,37,torrefaction_product,240,5.0,390.60000000,101.30000000,65.36977985,true,,experimental_publisher_supplement,10.1038/s41598-025-02564-0
kozlowski_2025_scientific_reports,food_waste_torrefaction_240c,2,19,0.79166667,1,0.19791667,37,torrefaction_product,240,5.0,2.70000000,101.30000000,-22.27950326,false,excluded_from_publisher_mean; inconsistent_raw_signal,experimental_publisher_supplement,10.1038/s41598-025-02564-0
kozlowski_2025_scientific_reports,food_waste_torrefaction_240c,3,19,0.79166667,1,0.19791667,37,torrefaction_product,240,5.0,393.30000000,101.30000000,65.97986767,true,,experimental_publisher_supplement,10.1038/s41598-025-02564-0
kozlowski_2025_scientific_reports,food_waste_pyrolysis_600c,1,19,0.79166667,1,0.19791667,37,biochar,600,5.0,376.90000000,101.30000000,62.27414907,true,,experimental_publisher_supplement,10.1038/s41598-025-02564-0
kozlowski_2025_scientific_reports,food_waste_pyrolysis_600c,2,19,0.79166667,1,0.19791667,37,biochar,600,5.0,366.50000000,101.30000000,59.92418118,true,,experimental_publisher_supplement,10.1038/s41598-025-02564-0
kozlowski_2025_scientific_reports,food_waste_pyrolysis_600c,3,19,0.79166667,1,0.19791667,37,biochar,600,5.0,124.70000000,101.30000000,5.28742775,false,excluded_from_publisher_mean; inconsistent_raw_signal,experimental_publisher_supplement,10.1038/s41598-025-02564-0
kozlowski_2025_scientific_reports,food_waste_hydrochar_240c,1,19,0.79166667,1,0.19791667,37,hydrochar,240,5.0,362.40000000,101.30000000,58.99775153,true,,experimental_publisher_supplement,10.1038/s41598-025-02564-0
kozlowski_2025_scientific_reports,food_waste_hydrochar_240c,2,19,0.79166667,1,0.19791667,37,hydrochar,240,5.0,381.30000000,101.30000000,63.26836626,true,,experimental_publisher_supplement,10.1038/s41598-025-02564-0
kozlowski_2025_scientific_reports,food_waste_hydrochar_240c,3,19,0.79166667,1,0.19791667,37,hydrochar,240,5.0,365.70000000,101.30000000,59.74341442,true,,experimental_publisher_supplement,10.1038/s41598-025-02564-0
kozlowski_2025_scientific_reports,food_waste,1,20,0.83333333,1,0.20833333,37,none,,0.0,387.80000000,106.33333333,63.59977199,true,,experimental_publisher_supplement,10.1038/s41598-025-02564-0
kozlowski_2025_scientific_reports,food_waste,2,20,0.83333333,1,0.20833333,37,none,,0.0,392.70000000,106.33333333,64.70696839,true,,experimental_publisher_supplement,10.1038/s41598-025-02564-0
kozlowski_2025_scientific_reports,food_waste,3,20,0.83333333,1,0.20833333,37,none,,0.0,385.10000000,106.33333333,62.98968417,true,,experimental_publisher_supplement,10.1038/s41598-025-02564-0
kozlowski_2025_scientific_reports,food_waste_torrefaction_240c,1,20,0.83333333,1,0.20833333,37,torrefaction_product,240,5.0,406.90000000,106.33333333,67.91557840,true,,experimental_publisher_supplement,10.1038/s41598-025-02564-0
kozlowski_2025_scientific_reports,food_waste_torrefaction_240c,2,20,0.83333333,1,0.20833333,37,torrefaction_product,240,5.0,2.90000000,106.33333333,-23.37163577,false,excluded_from_publisher_mean; inconsistent_raw_signal,experimental_publisher_supplement,10.1038/s41598-025-02564-0
kozlowski_2025_scientific_reports,food_waste_torrefaction_240c,3,20,0.83333333,1,0.20833333,37,torrefaction_product,240,5.0,409.60000000,106.33333333,68.52566622,true,,experimental_publisher_supplement,10.1038/s41598-025-02564-0
kozlowski_2025_scientific_reports,food_waste_pyrolysis_600c,1,20,0.83333333,1,0.20833333,37,biochar,600,5.0,392.20000000,106.33333333,64.59398917,true,,experimental_publisher_supplement,10.1038/s41598-025-02564-0
kozlowski_2025_scientific_reports,food_waste_pyrolysis_600c,2,20,0.83333333,1,0.20833333,37,biochar,600,5.0,381.70000000,106.33333333,62.22142543,true,,experimental_publisher_supplement,10.1038/s41598-025-02564-0
kozlowski_2025_scientific_reports,food_waste_pyrolysis_600c,3,20,0.83333333,1,0.20833333,37,biochar,600,5.0,140.30000000,106.33333333,7.67505538,false,excluded_from_publisher_mean; inconsistent_raw_signal,experimental_publisher_supplement,10.1038/s41598-025-02564-0
kozlowski_2025_scientific_reports,food_waste_hydrochar_240c,1,20,0.83333333,1,0.20833333,37,hydrochar,240,5.0,380.40000000,106.33333333,61.92767945,true,,experimental_publisher_supplement,10.1038/s41598-025-02564-0
kozlowski_2025_scientific_reports,food_waste_hydrochar_240c,2,20,0.83333333,1,0.20833333,37,hydrochar,240,5.0,397.40000000,106.33333333,65.76897311,true,,experimental_publisher_supplement,10.1038/s41598-025-02564-0
kozlowski_2025_scientific_reports,food_waste_hydrochar_240c,3,20,0.83333333,1,0.20833333,37,hydrochar,240,5.0,383.60000000,106.33333333,62.65074649,true,,experimental_publisher_supplement,10.1038/s41598-025-02564-0
kozlowski_2025_scientific_reports,food_waste,1,21,0.87500000,1,0.21875000,37,none,,0.0,404.50000000,111.26666667,66.25854976,true,,experimental_publisher_supplement,10.1038/s41598-025-02564-0
kozlowski_2025_scientific_reports,food_waste,2,21,0.87500000,1,0.21875000,37,none,,0.0,409.10000000,111.26666667,67.29795863,true,,experimental_publisher_supplement,10.1038/s41598-025-02564-0
kozlowski_2025_scientific_reports,food_waste,3,21,0.87500000,1,0.21875000,37,none,,0.0,401.40000000,111.26666667,65.55807856,true,,experimental_publisher_supplement,10.1038/s41598-025-02564-0
kozlowski_2025_scientific_reports,food_waste_torrefaction_240c,1,21,0.87500000,1,0.21875000,37,torrefaction_product,240,5.0,422.80000000,111.26666667,70.39358941,true,,experimental_publisher_supplement,10.1038/s41598-025-02564-0
kozlowski_2025_scientific_reports,food_waste_torrefaction_240c,2,21,0.87500000,1,0.21875000,37,torrefaction_product,240,5.0,3.00000000,111.26666667,-24.46376829,false,excluded_from_publisher_mean; inconsistent_raw_signal,experimental_publisher_supplement,10.1038/s41598-025-02564-0
kozlowski_2025_scientific_reports,food_waste_torrefaction_240c,3,21,0.87500000,1,0.21875000,37,torrefaction_product,240,5.0,425.20000000,111.26666667,70.93588969,true,,experimental_publisher_supplement,10.1038/s41598-025-02564-0
kozlowski_2025_scientific_reports,food_waste_pyrolysis_600c,1,21,0.87500000,1,0.21875000,37,biochar,600,5.0,407.10000000,111.26666667,66.84604173,true,,experimental_publisher_supplement,10.1038/s41598-025-02564-0
kozlowski_2025_scientific_reports,food_waste_pyrolysis_600c,2,21,0.87500000,1,0.21875000,37,biochar,600,5.0,396.60000000,111.26666667,64.47347800,true,,experimental_publisher_supplement,10.1038/s41598-025-02564-0
kozlowski_2025_scientific_reports,food_waste_pyrolysis_600c,3,21,0.87500000,1,0.21875000,37,biochar,600,5.0,155.50000000,111.26666667,9.99489548,false,excluded_from_publisher_mean; inconsistent_raw_signal,experimental_publisher_supplement,10.1038/s41598-025-02564-0
kozlowski_2025_scientific_reports,food_waste_hydrochar_240c,1,21,0.87500000,1,0.21875000,37,hydrochar,240,5.0,397.40000000,111.26666667,64.65424476,true,,experimental_publisher_supplement,10.1038/s41598-025-02564-0
kozlowski_2025_scientific_reports,food_waste_hydrochar_240c,2,21,0.87500000,1,0.21875000,37,hydrochar,240,5.0,413.00000000,111.26666667,68.17919659,true,,experimental_publisher_supplement,10.1038/s41598-025-02564-0
kozlowski_2025_scientific_reports,food_waste_hydrochar_240c,3,21,0.87500000,1,0.21875000,37,hydrochar,240,5.0,400.70000000,111.26666667,65.39990764,true,,experimental_publisher_supplement,10.1038/s41598-025-02564-0
kozlowski_2025_scientific_reports,food_waste,1,22,0.91666667,1,0.22916667,37,none,,0.0,420.20000000,116.16666667,68.69890103,true,,experimental_publisher_supplement,10.1038/s41598-025-02564-0
kozlowski_2025_scientific_reports,food_waste,2,22,0.91666667,1,0.22916667,37,none,,0.0,424.80000000,116.16666667,69.73830990,true,,experimental_publisher_supplement,10.1038/s41598-025-02564-0
kozlowski_2025_scientific_reports,food_waste,3,22,0.91666667,1,0.22916667,37,none,,0.0,417.30000000,116.16666667,68.04362152,true,,experimental_publisher_supplement,10.1038/s41598-025-02564-0
kozlowski_2025_scientific_reports,food_waste_torrefaction_240c,1,22,0.91666667,1,0.22916667,37,torrefaction_product,240,5.0,437.90000000,116.16666667,72.69836561,true,,experimental_publisher_supplement,10.1038/s41598-025-02564-0
kozlowski_2025_scientific_reports,food_waste_torrefaction_240c,2,22,0.91666667,1,0.22916667,37,torrefaction_product,240,5.0,3.20000000,116.16666667,-25.52577301,false,excluded_from_publisher_mean; inconsistent_raw_signal,experimental_publisher_supplement,10.1038/s41598-025-02564-0
kozlowski_2025_scientific_reports,food_waste_torrefaction_240c,3,22,0.91666667,1,0.22916667,37,torrefaction_product,240,5.0,440.50000000,116.16666667,73.28585758,true,,experimental_publisher_supplement,10.1038/s41598-025-02564-0
kozlowski_2025_scientific_reports,food_waste_pyrolysis_600c,1,22,0.91666667,1,0.22916667,37,biochar,600,5.0,420.50000000,116.16666667,68.76668856,true,,experimental_publisher_supplement,10.1038/s41598-025-02564-0
kozlowski_2025_scientific_reports,food_waste_pyrolysis_600c,2,22,0.91666667,1,0.22916667,37,biochar,600,5.0,410.10000000,116.16666667,66.41672067,true,,experimental_publisher_supplement,10.1038/s41598-025-02564-0
kozlowski_2025_scientific_reports,food_waste_pyrolysis_600c,3,22,0.91666667,1,0.22916667,37,biochar,600,5.0,169.80000000,116.16666667,12.11890492,false,excluded_from_publisher_mean; inconsistent_raw_signal,experimental_publisher_supplement,10.1038/s41598-025-02564-0
kozlowski_2025_scientific_reports,food_waste_hydrochar_240c,1,22,0.91666667,1,0.22916667,37,hydrochar,240,5.0,413.40000000,116.16666667,67.16238356,true,,experimental_publisher_supplement,10.1038/s41598-025-02564-0
kozlowski_2025_scientific_reports,food_waste_hydrochar_240c,2,22,0.91666667,1,0.22916667,37,hydrochar,240,5.0,428.10000000,116.16666667,70.48397279,true,,experimental_publisher_supplement,10.1038/s41598-025-02564-0
kozlowski_2025_scientific_reports,food_waste_hydrochar_240c,3,22,0.91666667,1,0.22916667,37,hydrochar,240,5.0,417.20000000,116.16666667,68.02102568,true,,experimental_publisher_supplement,10.1038/s41598-025-02564-0
kozlowski_2025_scientific_reports,food_waste,1,23,0.95833333,1,0.23958333,37,none,,0.0,435.50000000,120.90000000,71.08652866,true,,experimental_publisher_supplement,10.1038/s41598-025-02564-0
kozlowski_2025_scientific_reports,food_waste,2,23,0.95833333,1,0.23958333,37,none,,0.0,439.80000000,120.90000000,72.05815000,true,,experimental_publisher_supplement,10.1038/s41598-025-02564-0
kozlowski_2025_scientific_reports,food_waste,3,23,0.95833333,1,0.23958333,37,none,,0.0,432.50000000,120.90000000,70.40865331,true,,experimental_publisher_supplement,10.1038/s41598-025-02564-0
kozlowski_2025_scientific_reports,food_waste_torrefaction_240c,1,23,0.95833333,1,0.23958333,37,torrefaction_product,240,5.0,452.90000000,120.90000000,75.01820571,true,,experimental_publisher_supplement,10.1038/s41598-025-02564-0
kozlowski_2025_scientific_reports,food_waste_torrefaction_240c,2,23,0.95833333,1,0.23958333,37,torrefaction_product,240,5.0,3.30000000,120.90000000,-26.57271383,false,excluded_from_publisher_mean; inconsistent_raw_signal,experimental_publisher_supplement,10.1038/s41598-025-02564-0
kozlowski_2025_scientific_reports,food_waste_torrefaction_240c,3,23,0.95833333,1,0.23958333,37,torrefaction_product,240,5.0,455.50000000,120.90000000,75.60569768,true,,experimental_publisher_supplement,10.1038/s41598-025-02564-0
kozlowski_2025_scientific_reports,food_waste_pyrolysis_600c,1,23,0.95833333,1,0.23958333,37,biochar,600,5.0,433.90000000,120.90000000,70.72499514,true,,experimental_publisher_supplement,10.1038/s41598-025-02564-0
kozlowski_2025_scientific_reports,food_waste_pyrolysis_600c,2,23,0.95833333,1,0.23958333,37,biochar,600,5.0,424.30000000,120.90000000,68.55579401,true,,experimental_publisher_supplement,10.1038/s41598-025-02564-0
kozlowski_2025_scientific_reports,food_waste_pyrolysis_600c,3,23,0.95833333,1,0.23958333,37,biochar,600,5.0,184.30000000,120.90000000,14.32576579,false,excluded_from_publisher_mean; inconsistent_raw_signal,experimental_publisher_supplement,10.1038/s41598-025-02564-0
kozlowski_2025_scientific_reports,food_waste_hydrochar_240c,1,23,0.95833333,1,0.23958333,37,hydrochar,240,5.0,428.60000000,120.90000000,69.52741535,true,,experimental_publisher_supplement,10.1038/s41598-025-02564-0
kozlowski_2025_scientific_reports,food_waste_hydrochar_240c,2,23,0.95833333,1,0.23958333,37,hydrochar,240,5.0,443.10000000,120.90000000,72.80381289,true,,experimental_publisher_supplement,10.1038/s41598-025-02564-0
kozlowski_2025_scientific_reports,food_waste_hydrochar_240c,3,23,0.95833333,1,0.23958333,37,hydrochar,240,5.0,433.20000000,120.90000000,70.56682422,true,,experimental_publisher_supplement,10.1038/s41598-025-02564-0
kozlowski_2025_scientific_reports,food_waste,1,24,1.00000000,1,0.25000000,37,none,,0.0,450.00000000,125.83333333,73.24819784,true,,experimental_publisher_supplement,10.1038/s41598-025-02564-0
kozlowski_2025_scientific_reports,food_waste,2,24,1.00000000,1,0.25000000,37,none,,0.0,454.30000000,125.83333333,74.21981918,true,,experimental_publisher_supplement,10.1038/s41598-025-02564-0
kozlowski_2025_scientific_reports,food_waste,3,24,1.00000000,1,0.25000000,37,none,,0.0,447.00000000,125.83333333,72.57032249,true,,experimental_publisher_supplement,10.1038/s41598-025-02564-0
kozlowski_2025_scientific_reports,food_waste_torrefaction_240c,1,24,1.00000000,1,0.25000000,37,torrefaction_product,240,5.0,468.00000000,125.83333333,77.31544996,true,,experimental_publisher_supplement,10.1038/s41598-025-02564-0
kozlowski_2025_scientific_reports,food_waste_torrefaction_240c,2,24,1.00000000,1,0.25000000,37,torrefaction_product,240,5.0,3.50000000,125.83333333,-27.64225050,false,excluded_from_publisher_mean; inconsistent_raw_signal,experimental_publisher_supplement,10.1038/s41598-025-02564-0
kozlowski_2025_scientific_reports,food_waste_torrefaction_240c,3,24,1.00000000,1,0.25000000,37,torrefaction_product,240,5.0,470.10000000,125.83333333,77.78996270,true,,experimental_publisher_supplement,10.1038/s41598-025-02564-0
kozlowski_2025_scientific_reports,food_waste_pyrolysis_600c,1,24,1.00000000,1,0.25000000,37,biochar,600,5.0,447.10000000,125.83333333,72.59291833,true,,experimental_publisher_supplement,10.1038/s41598-025-02564-0
kozlowski_2025_scientific_reports,food_waste_pyrolysis_600c,2,24,1.00000000,1,0.25000000,37,biochar,600,5.0,437.80000000,125.83333333,70.49150474,true,,experimental_publisher_supplement,10.1038/s41598-025-02564-0
kozlowski_2025_scientific_reports,food_waste_pyrolysis_600c,3,24,1.00000000,1,0.25000000,37,biochar,600,5.0,198.30000000,125.83333333,16.37445574,false,excluded_from_publisher_mean; inconsistent_raw_signal,experimental_publisher_supplement,10.1038/s41598-025-02564-0
kozlowski_2025_scientific_reports,food_waste_hydrochar_240c,1,24,1.00000000,1,0.25000000,37,hydrochar,240,5.0,443.60000000,125.83333333,71.80206375,true,,experimental_publisher_supplement,10.1038/s41598-025-02564-0
kozlowski_2025_scientific_reports,food_waste_hydrochar_240c,2,24,1.00000000,1,0.25000000,37,hydrochar,240,5.0,458.10000000,125.83333333,75.07846129,true,,experimental_publisher_supplement,10.1038/s41598-025-02564-0
kozlowski_2025_scientific_reports,food_waste_hydrochar_240c,3,24,1.00000000,1,0.25000000,37,hydrochar,240,5.0,448.70000000,125.83333333,72.95445185,true,,experimental_publisher_supplement,10.1038/s41598-025-02564-0
kozlowski_2025_scientific_reports,food_waste,1,25,1.04166667,2,0.26041667,37,none,,0.0,464.30000000,130.93333333,75.32701559,true,,experimental_publisher_supplement,10.1038/s41598-025-02564-0
kozlowski_2025_scientific_reports,food_waste,2,25,1.04166667,2,0.26041667,37,none,,0.0,468.60000000,130.93333333,76.29863693,true,,experimental_publisher_supplement,10.1038/s41598-025-02564-0
kozlowski_2025_scientific_reports,food_waste,3,25,1.04166667,2,0.26041667,37,none,,0.0,461.20000000,130.93333333,74.62654439,true,,experimental_publisher_supplement,10.1038/s41598-025-02564-0
kozlowski_2025_scientific_reports,food_waste_torrefaction_240c,1,25,1.04166667,2,0.26041667,37,torrefaction_product,240,5.0,483.00000000,130.93333333,79.55243862,true,,experimental_publisher_supplement,10.1038/s41598-025-02564-0
kozlowski_2025_scientific_reports,food_waste_torrefaction_240c,2,25,1.04166667,2,0.26041667,37,torrefaction_product,240,5.0,3.60000000,130.93333333,-28.77204275,false,excluded_from_publisher_mean; inconsistent_raw_signal,experimental_publisher_supplement,10.1038/s41598-025-02564-0
kozlowski_2025_scientific_reports,food_waste_torrefaction_240c,3,25,1.04166667,2,0.26041667,37,torrefaction_product,240,5.0,484.80000000,130.93333333,79.95916383,true,,experimental_publisher_supplement,10.1038/s41598-025-02564-0
kozlowski_2025_scientific_reports,food_waste_pyrolysis_600c,1,25,1.04166667,2,0.26041667,37,biochar,600,5.0,460.10000000,130.93333333,74.37799009,true,,experimental_publisher_supplement,10.1038/s41598-025-02564-0
kozlowski_2025_scientific_reports,food_waste_pyrolysis_600c,2,25,1.04166667,2,0.26041667,37,biochar,600,5.0,451.30000000,130.93333333,72.38955573,true,,experimental_publisher_supplement,10.1038/s41598-025-02564-0
kozlowski_2025_scientific_reports,food_waste_pyrolysis_600c,3,25,1.04166667,2,0.26041667,37,biochar,600,5.0,211.30000000,130.93333333,18.15952751,false,excluded_from_publisher_mean; inconsistent_raw_signal,experimental_publisher_supplement,10.1038/s41598-025-02564-0
kozlowski_2025_scientific_reports,food_waste_hydrochar_240c,1,25,1.04166667,2,0.26041667,37,hydrochar,240,5.0,458.60000000,130.93333333,74.03905242,true,,experimental_publisher_supplement,10.1038/s41598-025-02564-0
kozlowski_2025_scientific_reports,food_waste_hydrochar_240c,2,25,1.04166667,2,0.26041667,37,hydrochar,240,5.0,472.90000000,130.93333333,77.27025827,true,,experimental_publisher_supplement,10.1038/s41598-025-02564-0
kozlowski_2025_scientific_reports,food_waste_hydrochar_240c,3,25,1.04166667,2,0.26041667,37,hydrochar,240,5.0,463.60000000,130.93333333,75.16884467,true,,experimental_publisher_supplement,10.1038/s41598-025-02564-0
kozlowski_2025_scientific_reports,food_waste,1,26,1.08333333,2,0.27083333,37,none,,0.0,478.70000000,135.73333333,77.49621672,true,,experimental_publisher_supplement,10.1038/s41598-025-02564-0
kozlowski_2025_scientific_reports,food_waste,2,26,1.08333333,2,0.27083333,37,none,,0.0,483.40000000,135.73333333,78.55822144,true,,experimental_publisher_supplement,10.1038/s41598-025-02564-0
kozlowski_2025_scientific_reports,food_waste,3,26,1.08333333,2,0.27083333,37,none,,0.0,475.80000000,135.73333333,76.84093721,true,,experimental_publisher_supplement,10.1038/s41598-025-02564-0
kozlowski_2025_scientific_reports,food_waste_torrefaction_240c,1,26,1.08333333,2,0.27083333,37,torrefaction_product,240,5.0,497.70000000,135.73333333,81.78942728,true,,experimental_publisher_supplement,10.1038/s41598-025-02564-0
kozlowski_2025_scientific_reports,food_waste_torrefaction_240c,2,26,1.08333333,2,0.27083333,37,torrefaction_product,240,5.0,3.80000000,135.73333333,-29.81145162,false,excluded_from_publisher_mean; inconsistent_raw_signal,experimental_publisher_supplement,10.1038/s41598-025-02564-0
kozlowski_2025_scientific_reports,food_waste_torrefaction_240c,3,26,1.08333333,2,0.27083333,37,torrefaction_product,240,5.0,499.80000000,135.73333333,82.26394003,true,,experimental_publisher_supplement,10.1038/s41598-025-02564-0
kozlowski_2025_scientific_reports,food_waste_pyrolysis_600c,1,26,1.08333333,2,0.27083333,37,biochar,600,5.0,473.90000000,135.73333333,76.41161615,true,,experimental_publisher_supplement,10.1038/s41598-025-02564-0
kozlowski_2025_scientific_reports,food_waste_pyrolysis_600c,2,26,1.08333333,2,0.27083333,37,biochar,600,5.0,465.30000000,135.73333333,74.46837347,true,,experimental_publisher_supplement,10.1038/s41598-025-02564-0
kozlowski_2025_scientific_reports,food_waste_pyrolysis_600c,3,26,1.08333333,2,0.27083333,37,biochar,600,5.0,224.90000000,135.73333333,20.14796187,false,excluded_from_publisher_mean; inconsistent_raw_signal,experimental_publisher_supplement,10.1038/s41598-025-02564-0
kozlowski_2025_scientific_reports,food_waste_hydrochar_240c,1,26,1.08333333,2,0.27083333,37,hydrochar,240,5.0,473.60000000,135.73333333,76.34382862,true,,experimental_publisher_supplement,10.1038/s41598-025-02564-0
kozlowski_2025_scientific_reports,food_waste_hydrochar_240c,2,26,1.08333333,2,0.27083333,37,hydrochar,240,5.0,487.20000000,135.73333333,79.41686355,true,,experimental_publisher_supplement,10.1038/s41598-025-02564-0
kozlowski_2025_scientific_reports,food_waste_hydrochar_240c,3,26,1.08333333,2,0.27083333,37,hydrochar,240,5.0,478.40000000,135.73333333,77.42842918,true,,experimental_publisher_supplement,10.1038/s41598-025-02564-0
kozlowski_2025_scientific_reports,food_waste,1,27,1.12500000,2,0.28125000,37,none,,0.0,493.00000000,140.80000000,79.58256641,true,,experimental_publisher_supplement,10.1038/s41598-025-02564-0
kozlowski_2025_scientific_reports,food_waste,2,27,1.12500000,2,0.28125000,37,none,,0.0,497.50000000,140.80000000,80.59937944,true,,experimental_publisher_supplement,10.1038/s41598-025-02564-0
kozlowski_2025_scientific_reports,food_waste,3,27,1.12500000,2,0.28125000,37,none,,0.0,489.60000000,140.80000000,78.81430768,true,,experimental_publisher_supplement,10.1038/s41598-025-02564-0
kozlowski_2025_scientific_reports,food_waste_torrefaction_240c,1,27,1.12500000,2,0.28125000,37,torrefaction_product,240,5.0,512.50000000,140.80000000,83.98875621,true,,experimental_publisher_supplement,10.1038/s41598-025-02564-0
kozlowski_2025_scientific_reports,food_waste_torrefaction_240c,2,27,1.12500000,2,0.28125000,37,torrefaction_product,240,5.0,3.90000000,140.80000000,-30.93371193,false,excluded_from_publisher_mean; inconsistent_raw_signal,experimental_publisher_supplement,10.1038/s41598-025-02564-0
kozlowski_2025_scientific_reports,food_waste_torrefaction_240c,3,27,1.12500000,2,0.28125000,37,torrefaction_product,240,5.0,514.60000000,140.80000000,84.46326895,true,,experimental_publisher_supplement,10.1038/s41598-025-02564-0
kozlowski_2025_scientific_reports,food_waste_pyrolysis_600c,1,27,1.12500000,2,0.28125000,37,biochar,600,5.0,486.80000000,140.80000000,78.18162402,true,,experimental_publisher_supplement,10.1038/s41598-025-02564-0
kozlowski_2025_scientific_reports,food_waste_pyrolysis_600c,2,27,1.12500000,2,0.28125000,37,biochar,600,5.0,478.20000000,140.80000000,76.23838134,true,,experimental_publisher_supplement,10.1038/s41598-025-02564-0
kozlowski_2025_scientific_reports,food_waste_pyrolysis_600c,3,27,1.12500000,2,0.28125000,37,biochar,600,5.0,238.10000000,140.80000000,21.98575727,false,excluded_from_publisher_mean; inconsistent_raw_signal,experimental_publisher_supplement,10.1038/s41598-025-02564-0
kozlowski_2025_scientific_reports,food_waste_hydrochar_240c,1,27,1.12500000,2,0.28125000,37,hydrochar,240,5.0,488.40000000,140.80000000,78.54315754,true,,experimental_publisher_supplement,10.1038/s41598-025-02564-0
kozlowski_2025_scientific_reports,food_waste_hydrochar_240c,2,27,1.12500000,2,0.28125000,37,hydrochar,240,5.0,501.90000000,140.80000000,81.59359663,true,,experimental_publisher_supplement,10.1038/s41598-025-02564-0
kozlowski_2025_scientific_reports,food_waste_hydrochar_240c,3,27,1.12500000,2,0.28125000,37,hydrochar,240,5.0,493.50000000,140.80000000,79.69554564,true,,experimental_publisher_supplement,10.1038/s41598-025-02564-0
kozlowski_2025_scientific_reports,food_waste,1,28,1.16666667,2,0.29166667,37,none,,0.0,507.50000000,145.83333333,81.72163975,true,,experimental_publisher_supplement,10.1038/s41598-025-02564-0
kozlowski_2025_scientific_reports,food_waste,2,28,1.16666667,2,0.29166667,37,none,,0.0,511.90000000,145.83333333,82.71585693,true,,experimental_publisher_supplement,10.1038/s41598-025-02564-0
kozlowski_2025_scientific_reports,food_waste,3,28,1.16666667,2,0.29166667,37,none,,0.0,503.40000000,145.83333333,80.79521010,true,,experimental_publisher_supplement,10.1038/s41598-025-02564-0
kozlowski_2025_scientific_reports,food_waste_torrefaction_240c,1,28,1.16666667,2,0.29166667,37,torrefaction_product,240,5.0,527.70000000,145.83333333,86.28600046,true,,experimental_publisher_supplement,10.1038/s41598-025-02564-0
kozlowski_2025_scientific_reports,food_waste_torrefaction_240c,2,28,1.16666667,2,0.29166667,37,torrefaction_product,240,5.0,4.00000000,145.83333333,-32.04844029,false,excluded_from_publisher_mean; inconsistent_raw_signal,experimental_publisher_supplement,10.1038/s41598-025-02564-0
kozlowski_2025_scientific_reports,food_waste_torrefaction_240c,3,28,1.16666667,2,0.29166667,37,torrefaction_product,240,5.0,529.40000000,145.83333333,86.67012982,true,,experimental_publisher_supplement,10.1038/s41598-025-02564-0
kozlowski_2025_scientific_reports,food_waste_pyrolysis_600c,1,28,1.16666667,2,0.29166667,37,biochar,600,5.0,500.60000000,145.83333333,80.16252644,true,,experimental_publisher_supplement,10.1038/s41598-025-02564-0
kozlowski_2025_scientific_reports,food_waste_pyrolysis_600c,2,28,1.16666667,2,0.29166667,37,biochar,600,5.0,492.10000000,145.83333333,78.24187960,true,,experimental_publisher_supplement,10.1038/s41598-025-02564-0
kozlowski_2025_scientific_reports,food_waste_pyrolysis_600c,3,28,1.16666667,2,0.29166667,37,biochar,600,5.0,251.50000000,145.83333333,23.87627631,false,excluded_from_publisher_mean; inconsistent_raw_signal,experimental_publisher_supplement,10.1038/s41598-025-02564-0
kozlowski_2025_scientific_reports,food_waste_hydrochar_240c,1,28,1.16666667,2,0.29166667,37,hydrochar,240,5.0,502.90000000,145.83333333,80.68223087,true,,experimental_publisher_supplement,10.1038/s41598-025-02564-0
kozlowski_2025_scientific_reports,food_waste_hydrochar_240c,2,28,1.16666667,2,0.29166667,37,hydrochar,240,5.0,517.00000000,145.83333333,83.86824503,true,,experimental_publisher_supplement,10.1038/s41598-025-02564-0
kozlowski_2025_scientific_reports,food_waste_hydrochar_240c,3,28,1.16666667,2,0.29166667,37,hydrochar,240,5.0,508.40000000,145.83333333,81.92500235,true,,experimental_publisher_supplement,10.1038/s41598-025-02564-0
kozlowski_2025_scientific_reports,food_waste,1,29,1.20833333,2,0.30208333,37,none,,0.0,522.10000000,150.60000000,83.94356452,true,,experimental_publisher_supplement,10.1038/s41598-025-02564-0
kozlowski_2025_scientific_reports,food_waste,2,29,1.20833333,2,0.30208333,37,none,,0.0,526.60000000,150.60000000,84.96037755,true,,experimental_publisher_supplement,10.1038/s41598-025-02564-0
kozlowski_2025_scientific_reports,food_waste,3,29,1.20833333,2,0.30208333,37,none,,0.0,518.00000000,150.60000000,83.01713487,true,,experimental_publisher_supplement,10.1038/s41598-025-02564-0
kozlowski_2025_scientific_reports,food_waste_torrefaction_240c,1,29,1.20833333,2,0.30208333,37,torrefaction_product,240,5.0,543.20000000,150.60000000,88.71128783,true,,experimental_publisher_supplement,10.1038/s41598-025-02564-0
kozlowski_2025_scientific_reports,food_waste_torrefaction_240c,2,29,1.20833333,2,0.30208333,37,torrefaction_product,240,5.0,4.20000000,150.60000000,-33.08031721,false,excluded_from_publisher_mean; inconsistent_raw_signal,experimental_publisher_supplement,10.1038/s41598-025-02564-0
kozlowski_2025_scientific_reports,food_waste_torrefaction_240c,3,29,1.20833333,2,0.30208333,37,torrefaction_product,240,5.0,544.40000000,150.60000000,88.98243797,true,,experimental_publisher_supplement,10.1038/s41598-025-02564-0
kozlowski_2025_scientific_reports,food_waste_pyrolysis_600c,1,29,1.20833333,2,0.30208333,37,biochar,600,5.0,513.40000000,150.60000000,81.97772599,true,,experimental_publisher_supplement,10.1038/s41598-025-02564-0
kozlowski_2025_scientific_reports,food_waste_pyrolysis_600c,2,29,1.20833333,2,0.30208333,37,biochar,600,5.0,505.70000000,150.60000000,80.23784592,true,,experimental_publisher_supplement,10.1038/s41598-025-02564-0
kozlowski_2025_scientific_reports,food_waste_pyrolysis_600c,3,29,1.20833333,2,0.30208333,37,biochar,600,5.0,265.10000000,150.60000000,25.87224263,false,excluded_from_publisher_mean; inconsistent_raw_signal,experimental_publisher_supplement,10.1038/s41598-025-02564-0
kozlowski_2025_scientific_reports,food_waste_hydrochar_240c,1,29,1.20833333,2,0.30208333,37,hydrochar,240,5.0,518.00000000,150.60000000,83.01713487,true,,experimental_publisher_supplement,10.1038/s41598-025-02564-0
kozlowski_2025_scientific_reports,food_waste_hydrochar_240c,2,29,1.20833333,2,0.30208333,37,hydrochar,240,5.0,532.10000000,150.60000000,86.20314903,true,,experimental_publisher_supplement,10.1038/s41598-025-02564-0
kozlowski_2025_scientific_reports,food_waste_hydrochar_240c,3,29,1.20833333,2,0.30208333,37,hydrochar,240,5.0,523.20000000,150.60000000,84.19211881,true,,experimental_publisher_supplement,10.1038/s41598-025-02564-0
kozlowski_2025_scientific_reports,food_waste,1,30,1.25000000,2,0.31250000,37,none,,0.0,536.70000000,155.33333333,86.17302123,true,,experimental_publisher_supplement,10.1038/s41598-025-02564-0
kozlowski_2025_scientific_reports,food_waste,2,30,1.25000000,2,0.31250000,37,none,,0.0,541.10000000,155.33333333,87.16723842,true,,experimental_publisher_supplement,10.1038/s41598-025-02564-0
kozlowski_2025_scientific_reports,food_waste,3,30,1.25000000,2,0.31250000,37,none,,0.0,532.50000000,155.33333333,85.22399574,true,,experimental_publisher_supplement,10.1038/s41598-025-02564-0
kozlowski_2025_scientific_reports,food_waste_torrefaction_240c,1,30,1.25000000,2,0.31250000,37,torrefaction_product,240,5.0,558.40000000,155.33333333,91.07631962,true,,experimental_publisher_supplement,10.1038/s41598-025-02564-0
kozlowski_2025_scientific_reports,food_waste_torrefaction_240c,2,30,1.25000000,2,0.31250000,37,torrefaction_product,240,5.0,4.30000000,155.33333333,-34.12725804,false,excluded_from_publisher_mean; inconsistent_raw_signal,experimental_publisher_supplement,10.1038/s41598-025-02564-0
kozlowski_2025_scientific_reports,food_waste_torrefaction_240c,3,30,1.25000000,2,0.31250000,37,torrefaction_product,240,5.0,559.40000000,155.33333333,91.30227807,true,,experimental_publisher_supplement,10.1038/s41598-025-02564-0
kozlowski_2025_scientific_reports,food_waste_pyrolysis_600c,1,30,1.25000000,2,0.31250000,37,biochar,600,5.0,526.50000000,155.33333333,83.86824503,true,,experimental_publisher_supplement,10.1038/s41598-025-02564-0
kozlowski_2025_scientific_reports,food_waste_pyrolysis_600c,2,30,1.25000000,2,0.31250000,37,biochar,600,5.0,518.90000000,155.33333333,82.15096081,true,,experimental_publisher_supplement,10.1038/s41598-025-02564-0
kozlowski_2025_scientific_reports,food_waste_pyrolysis_600c,3,30,1.25000000,2,0.31250000,37,biochar,600,5.0,278.00000000,155.33333333,27.71756998,false,excluded_from_publisher_mean; inconsistent_raw_signal,experimental_publisher_supplement,10.1038/s41598-025-02564-0
kozlowski_2025_scientific_reports,food_waste_hydrochar_240c,1,30,1.25000000,2,0.31250000,37,hydrochar,240,5.0,532.60000000,155.33333333,85.24659158,true,,experimental_publisher_supplement,10.1038/s41598-025-02564-0
kozlowski_2025_scientific_reports,food_waste_hydrochar_240c,2,30,1.25000000,2,0.31250000,37,hydrochar,240,5.0,547.00000000,155.33333333,88.50039328,true,,experimental_publisher_supplement,10.1038/s41598-025-02564-0
kozlowski_2025_scientific_reports,food_waste_hydrochar_240c,3,30,1.25000000,2,0.31250000,37,hydrochar,240,5.0,538.00000000,155.33333333,86.46676722,true,,experimental_publisher_supplement,10.1038/s41598-025-02564-0
kozlowski_2025_scientific_reports,food_waste,1,31,1.29166667,2,0.32291667,37,none,,0.0,551.30000000,159.96666667,88.42507379,true,,experimental_publisher_supplement,10.1038/s41598-025-02564-0
kozlowski_2025_scientific_reports,food_waste,2,31,1.29166667,2,0.32291667,37,none,,0.0,555.40000000,159.96666667,89.35150344,true,,experimental_publisher_supplement,10.1038/s41598-025-02564-0
kozlowski_2025_scientific_reports,food_waste,3,31,1.29166667,2,0.32291667,37,none,,0.0,546.80000000,159.96666667,87.40826076,true,,experimental_publisher_supplement,10.1038/s41598-025-02564-0
kozlowski_2025_scientific_reports,food_waste_torrefaction_240c,1,31,1.29166667,2,0.32291667,37,torrefaction_product,240,5.0,573.50000000,159.96666667,93.44135140,true,,experimental_publisher_supplement,10.1038/s41598-025-02564-0
kozlowski_2025_scientific_reports,food_waste_torrefaction_240c,2,31,1.29166667,2,0.32291667,37,torrefaction_product,240,5.0,4.50000000,159.96666667,-35.12900717,false,excluded_from_publisher_mean; inconsistent_raw_signal,experimental_publisher_supplement,10.1038/s41598-025-02564-0
kozlowski_2025_scientific_reports,food_waste_torrefaction_240c,3,31,1.29166667,2,0.32291667,37,torrefaction_product,240,5.0,574.30000000,159.96666667,93.62211816,true,,experimental_publisher_supplement,10.1038/s41598-025-02564-0
kozlowski_2025_scientific_reports,food_waste_pyrolysis_600c,1,31,1.29166667,2,0.32291667,37,biochar,600,5.0,539.10000000,159.96666667,85.66838069,true,,experimental_publisher_supplement,10.1038/s41598-025-02564-0
kozlowski_2025_scientific_reports,food_waste_pyrolysis_600c,2,31,1.29166667,2,0.32291667,37,biochar,600,5.0,532.50000000,159.96666667,84.17705492,true,,experimental_publisher_supplement,10.1038/s41598-025-02564-0
kozlowski_2025_scientific_reports,food_waste_pyrolysis_600c,3,31,1.29166667,2,0.32291667,37,biochar,600,5.0,291.80000000,159.96666667,29.78885578,false,excluded_from_publisher_mean; inconsistent_raw_signal,experimental_publisher_supplement,10.1038/s41598-025-02564-0
kozlowski_2025_scientific_reports,food_waste_hydrochar_240c,1,31,1.29166667,2,0.32291667,37,hydrochar,240,5.0,547.20000000,159.96666667,87.49864414,true,,experimental_publisher_supplement,10.1038/s41598-025-02564-0
kozlowski_2025_scientific_reports,food_waste_hydrochar_240c,2,31,1.29166667,2,0.32291667,37,hydrochar,240,5.0,562.00000000,159.96666667,90.84282922,true,,experimental_publisher_supplement,10.1038/s41598-025-02564-0
kozlowski_2025_scientific_reports,food_waste_hydrochar_240c,3,31,1.29166667,2,0.32291667,37,hydrochar,240,5.0,553.30000000,159.96666667,88.87699069,true,,experimental_publisher_supplement,10.1038/s41598-025-02564-0
kozlowski_2025_scientific_reports,food_waste,1,32,1.33333333,2,0.33333333,37,none,,0.0,565.60000000,164.73333333,90.57921103,true,,experimental_publisher_supplement,10.1038/s41598-025-02564-0
kozlowski_2025_scientific_reports,food_waste,2,32,1.33333333,2,0.33333333,37,none,,0.0,570.00000000,164.73333333,91.57342821,true,,experimental_publisher_supplement,10.1038/s41598-025-02564-0
kozlowski_2025_scientific_reports,food_waste,3,32,1.33333333,2,0.33333333,37,none,,0.0,561.40000000,164.73333333,89.63018553,true,,experimental_publisher_supplement,10.1038/s41598-025-02564-0
kozlowski_2025_scientific_reports,food_waste_torrefaction_240c,1,32,1.33333333,2,0.33333333,37,torrefaction_product,240,5.0,588.40000000,164.73333333,95.73106371,true,,experimental_publisher_supplement,10.1038/s41598-025-02564-0
kozlowski_2025_scientific_reports,food_waste_torrefaction_240c,2,32,1.33333333,2,0.33333333,37,torrefaction_product,240,5.0,4.60000000,164.73333333,-36.18347994,false,excluded_from_publisher_mean; inconsistent_raw_signal,experimental_publisher_supplement,10.1038/s41598-025-02564-0
kozlowski_2025_scientific_reports,food_waste_torrefaction_240c,3,32,1.33333333,2,0.33333333,37,torrefaction_product,240,5.0,589.00000000,164.73333333,95.86663878,true,,experimental_publisher_supplement,10.1038/s41598-025-02564-0
kozlowski_2025_scientific_reports,food_waste_pyrolysis_600c,1,32,1.33333333,2,0.33333333,37,biochar,600,5.0,552.00000000,164.73333333,87.50617609,true,,experimental_publisher_supplement,10.1038/s41598-025-02564-0
kozlowski_2025_scientific_reports,food_waste_pyrolysis_600c,2,32,1.33333333,2,0.33333333,37,biochar,600,5.0,545.40000000,164.73333333,86.01485032,true,,experimental_publisher_supplement,10.1038/s41598-025-02564-0
kozlowski_2025_scientific_reports,food_waste_pyrolysis_600c,3,32,1.33333333,2,0.33333333,37,biochar,600,5.0,304.90000000,164.73333333,31.67184287,false,excluded_from_publisher_mean; inconsistent_raw_signal,experimental_publisher_supplement,10.1038/s41598-025-02564-0
kozlowski_2025_scientific_reports,food_waste_hydrochar_240c,1,32,1.33333333,2,0.33333333,37,hydrochar,240,5.0,561.90000000,164.73333333,89.74316476,true,,experimental_publisher_supplement,10.1038/s41598-025-02564-0
kozlowski_2025_scientific_reports,food_waste_hydrochar_240c,2,32,1.33333333,2,0.33333333,37,hydrochar,240,5.0,577.40000000,164.73333333,93.24552075,true,,experimental_publisher_supplement,10.1038/s41598-025-02564-0
kozlowski_2025_scientific_reports,food_waste_hydrochar_240c,3,32,1.33333333,2,0.33333333,37,hydrochar,240,5.0,569.10000000,164.73333333,91.37006560,true,,experimental_publisher_supplement,10.1038/s41598-025-02564-0
kozlowski_2025_scientific_reports,food_waste,1,33,1.37500000,2,0.34375000,37,none,,0.0,580.50000000,169.70000000,92.82373164,true,,experimental_publisher_supplement,10.1038/s41598-025-02564-0
kozlowski_2025_scientific_reports,food_waste,2,33,1.37500000,2,0.34375000,37,none,,0.0,585.00000000,169.70000000,93.84054467,true,,experimental_publisher_supplement,10.1038/s41598-025-02564-0
kozlowski_2025_scientific_reports,food_waste,3,33,1.37500000,2,0.34375000,37,none,,0.0,576.40000000,169.70000000,91.89730199,true,,experimental_publisher_supplement,10.1038/s41598-025-02564-0
kozlowski_2025_scientific_reports,food_waste_torrefaction_240c,1,33,1.37500000,2,0.34375000,37,torrefaction_product,240,5.0,603.60000000,169.70000000,98.04337185,true,,experimental_publisher_supplement,10.1038/s41598-025-02564-0
kozlowski_2025_scientific_reports,food_waste_torrefaction_240c,2,33,1.37500000,2,0.34375000,37,torrefaction_product,240,5.0,4.80000000,169.70000000,-37.26054856,false,excluded_from_publisher_mean; inconsistent_raw_signal,experimental_publisher_supplement,10.1038/s41598-025-02564-0
kozlowski_2025_scientific_reports,food_waste_torrefaction_240c,3,33,1.37500000,2,0.34375000,37,torrefaction_product,240,5.0,603.80000000,169.70000000,98.08856354,true,,experimental_publisher_supplement,10.1038/s41598-025-02564-0
kozlowski_2025_scientific_reports,food_waste_pyrolysis_600c,1,33,1.37500000,2,0.34375000,37,biochar,600,5.0,565.00000000,169.70000000,89.32137565,true,,experimental_publisher_supplement,10.1038/s41598-025-02564-0
kozlowski_2025_scientific_reports,food_waste_pyrolysis_600c,2,33,1.37500000,2,0.34375000,37,biochar,600,5.0,559.20000000,169.70000000,88.01081663,true,,experimental_publisher_supplement,10.1038/s41598-025-02564-0
kozlowski_2025_scientific_reports,food_waste_pyrolysis_600c,3,33,1.37500000,2,0.34375000,37,biochar,600,5.0,318.60000000,169.70000000,33.64521334,false,excluded_from_publisher_mean; inconsistent_raw_signal,experimental_publisher_supplement,10.1038/s41598-025-02564-0
kozlowski_2025_scientific_reports,food_waste_hydrochar_240c,1,33,1.37500000,2,0.34375000,37,hydrochar,240,5.0,577.10000000,169.70000000,92.05547290,true,,experimental_publisher_supplement,10.1038/s41598-025-02564-0
kozlowski_2025_scientific_reports,food_waste_hydrochar_240c,2,33,1.37500000,2,0.34375000,37,hydrochar,240,5.0,592.80000000,169.70000000,95.60302058,true,,experimental_publisher_supplement,10.1038/s41598-025-02564-0
kozlowski_2025_scientific_reports,food_waste_hydrochar_240c,3,33,1.37500000,2,0.34375000,37,hydrochar,240,5.0,584.30000000,169.70000000,93.68237375,true,,experimental_publisher_supplement,10.1038/s41598-025-02564-0
kozlowski_2025_scientific_reports,food_waste,1,34,1.41666667,2,0.35416667,37,none,,0.0,595.70000000,174.50000000,95.17369953,true,,experimental_publisher_supplement,10.1038/s41598-025-02564-0
kozlowski_2025_scientific_reports,food_waste,2,34,1.41666667,2,0.35416667,37,none,,0.0,599.60000000,174.50000000,96.05493749,true,,experimental_publisher_supplement,10.1038/s41598-025-02564-0
kozlowski_2025_scientific_reports,food_waste,3,34,1.41666667,2,0.35416667,37,none,,0.0,591.00000000,174.50000000,94.11169481,true,,experimental_publisher_supplement,10.1038/s41598-025-02564-0
kozlowski_2025_scientific_reports,food_waste_torrefaction_240c,1,34,1.41666667,2,0.35416667,37,torrefaction_product,240,5.0,619.00000000,174.50000000,100.43853143,true,,experimental_publisher_supplement,10.1038/s41598-025-02564-0
kozlowski_2025_scientific_reports,food_waste_torrefaction_240c,2,34,1.41666667,2,0.35416667,37,torrefaction_product,240,5.0,4.90000000,174.50000000,-38.32255328,false,excluded_from_publisher_mean; inconsistent_raw_signal,experimental_publisher_supplement,10.1038/s41598-025-02564-0
kozlowski_2025_scientific_reports,food_waste_torrefaction_240c,3,34,1.41666667,2,0.35416667,37,torrefaction_product,240,5.0,618.80000000,174.50000000,100.39333974,true,,experimental_publisher_supplement,10.1038/s41598-025-02564-0
kozlowski_2025_scientific_reports,food_waste_pyrolysis_600c,1,34,1.41666667,2,0.35416667,37,biochar,600,5.0,578.00000000,174.50000000,91.17423495,true,,experimental_publisher_supplement,10.1038/s41598-025-02564-0
kozlowski_2025_scientific_reports,food_waste_pyrolysis_600c,2,34,1.41666667,2,0.35416667,37,biochar,600,5.0,572.30000000,174.50000000,89.88627178,true,,experimental_publisher_supplement,10.1038/s41598-025-02564-0
kozlowski_2025_scientific_reports,food_waste_pyrolysis_600c,3,34,1.41666667,2,0.35416667,37,biochar,600,5.0,332.40000000,174.50000000,35.67883940,false,excluded_from_publisher_mean; inconsistent_raw_signal,experimental_publisher_supplement,10.1038/s41598-025-02564-0
kozlowski_2025_scientific_reports,food_waste_hydrochar_240c,1,34,1.41666667,2,0.35416667,37,hydrochar,240,5.0,592.30000000,174.50000000,94.40544079,true,,experimental_publisher_supplement,10.1038/s41598-025-02564-0
kozlowski_2025_scientific_reports,food_waste_hydrochar_240c,2,34,1.41666667,2,0.35416667,37,hydrochar,240,5.0,608.20000000,174.50000000,97.99818016,true,,experimental_publisher_supplement,10.1038/s41598-025-02564-0
kozlowski_2025_scientific_reports,food_waste_hydrochar_240c,3,34,1.41666667,2,0.35416667,37,hydrochar,240,5.0,599.70000000,174.50000000,96.07753333,true,,experimental_publisher_supplement,10.1038/s41598-025-02564-0
kozlowski_2025_scientific_reports,food_waste,1,35,1.45833333,2,0.36458333,37,none,,0.0,610.60000000,179.23333333,97.47094378,true,,experimental_publisher_supplement,10.1038/s41598-025-02564-0
kozlowski_2025_scientific_reports,food_waste,2,35,1.45833333,2,0.36458333,37,none,,0.0,613.60000000,179.23333333,98.14881913,true,,experimental_publisher_supplement,10.1038/s41598-025-02564-0
kozlowski_2025_scientific_reports,food_waste,3,35,1.45833333,2,0.36458333,37,none,,0.0,605.70000000,179.23333333,96.36374737,true,,experimental_publisher_supplement,10.1038/s41598-025-02564-0
kozlowski_2025_scientific_reports,food_waste_torrefaction_240c,1,35,1.45833333,2,0.36458333,37,torrefaction_product,240,5.0,634.20000000,179.23333333,102.80356322,true,,experimental_publisher_supplement,10.1038/s41598-025-02564-0
kozlowski_2025_scientific_reports,food_waste_torrefaction_240c,2,35,1.45833333,2,0.36458333,37,torrefaction_product,240,5.0,5.10000000,179.23333333,-39.34689825,false,excluded_from_publisher_mean; inconsistent_raw_signal,experimental_publisher_supplement,10.1038/s41598-025-02564-0
kozlowski_2025_scientific_reports,food_waste_torrefaction_240c,3,35,1.45833333,2,0.36458333,37,torrefaction_product,240,5.0,633.80000000,179.23333333,102.71317984,true,,experimental_publisher_supplement,10.1038/s41598-025-02564-0
kozlowski_2025_scientific_reports,food_waste_pyrolysis_600c,1,35,1.45833333,2,0.36458333,37,biochar,600,5.0,590.90000000,179.23333333,93.01956230,true,,experimental_publisher_supplement,10.1038/s41598-025-02564-0
kozlowski_2025_scientific_reports,food_waste_pyrolysis_600c,2,35,1.45833333,2,0.36458333,37,biochar,600,5.0,585.90000000,179.23333333,91.88977004,true,,experimental_publisher_supplement,10.1038/s41598-025-02564-0
kozlowski_2025_scientific_reports,food_waste_pyrolysis_600c,3,35,1.45833333,2,0.36458333,37,biochar,600,5.0,345.70000000,179.23333333,37.61455013,false,excluded_from_publisher_mean; inconsistent_raw_signal,experimental_publisher_supplement,10.1038/s41598-025-02564-0
kozlowski_2025_scientific_reports,food_waste_hydrochar_240c,1,35,1.45833333,2,0.36458333,37,hydrochar,240,5.0,607.50000000,179.23333333,96.77047258,true,,experimental_publisher_supplement,10.1038/s41598-025-02564-0
kozlowski_2025_scientific_reports,food_waste_hydrochar_240c,2,35,1.45833333,2,0.36458333,37,hydrochar,240,5.0,623.40000000,179.23333333,100.36321195,true,,experimental_publisher_supplement,10.1038/s41598-025-02564-0
kozlowski_2025_scientific_reports,food_waste_hydrochar_240c,3,35,1.45833333,2,0.36458333,37,hydrochar,240,5.0,614.80000000,179.23333333,98.41996927,true,,experimental_publisher_supplement,10.1038/s41598-025-02564-0
kozlowski_2025_scientific_reports,food_waste,1,36,1.50000000,2,0.37500000,37,none,,0.0,625.20000000,184.06666667,99.67780465,true,,experimental_publisher_supplement,10.1038/s41598-025-02564-0
kozlowski_2025_scientific_reports,food_waste,2,36,1.50000000,2,0.37500000,37,none,,0.0,628.30000000,184.06666667,100.37827585,true,,experimental_publisher_supplement,10.1038/s41598-025-02564-0
kozlowski_2025_scientific_reports,food_waste,3,36,1.50000000,2,0.37500000,37,none,,0.0,620.30000000,184.06666667,98.57060824,true,,experimental_publisher_supplement,10.1038/s41598-025-02564-0
kozlowski_2025_scientific_reports,food_waste_torrefaction_240c,1,36,1.50000000,2,0.37500000,37,torrefaction_product,240,5.0,649.30000000,184.06666667,105.12340332,true,,experimental_publisher_supplement,10.1038/s41598-025-02564-0
kozlowski_2025_scientific_reports,food_waste_torrefaction_240c,2,36,1.50000000,2,0.37500000,37,torrefaction_product,240,5.0,5.20000000,184.06666667,-40.41643492,false,excluded_from_publisher_mean; inconsistent_raw_signal,experimental_publisher_supplement,10.1038/s41598-025-02564-0
kozlowski_2025_scientific_reports,food_waste_torrefaction_240c,3,36,1.50000000,2,0.37500000,37,torrefaction_product,240,5.0,649.10000000,184.06666667,105.07821163,true,,experimental_publisher_supplement,10.1038/s41598-025-02564-0
kozlowski_2025_scientific_reports,food_waste_pyrolysis_600c,1,36,1.50000000,2,0.37500000,37,biochar,600,5.0,603.60000000,184.06666667,94.79710211,true,,experimental_publisher_supplement,10.1038/s41598-025-02564-0
kozlowski_2025_scientific_reports,food_waste_pyrolysis_600c,2,36,1.50000000,2,0.37500000,37,biochar,600,5.0,598.80000000,184.06666667,93.71250154,true,,experimental_publisher_supplement,10.1038/s41598-025-02564-0
kozlowski_2025_scientific_reports,food_waste_pyrolysis_600c,3,36,1.50000000,2,0.37500000,37,biochar,600,5.0,359.50000000,184.06666667,39.64064424,false,excluded_from_publisher_mean; inconsistent_raw_signal,experimental_publisher_supplement,10.1038/s41598-025-02564-0
kozlowski_2025_scientific_reports,food_waste_hydrochar_240c,1,36,1.50000000,2,0.37500000,37,hydrochar,240,5.0,622.60000000,184.06666667,99.09031268,true,,experimental_publisher_supplement,10.1038/s41598-025-02564-0
kozlowski_2025_scientific_reports,food_waste_hydrochar_240c,2,36,1.50000000,2,0.37500000,37,hydrochar,240,5.0,638.50000000,184.06666667,102.68305205,true,,experimental_publisher_supplement,10.1038/s41598-025-02564-0
kozlowski_2025_scientific_reports,food_waste_hydrochar_240c,3,36,1.50000000,2,0.37500000,37,hydrochar,240,5.0,630.70000000,184.06666667,100.92057613,true,,experimental_publisher_supplement,10.1038/s41598-025-02564-0
kozlowski_2025_scientific_reports,food_waste,1,37,1.54166667,2,0.38541667,37,none,,0.0,639.80000000,188.80000000,101.90726136,true,,experimental_publisher_supplement,10.1038/s41598-025-02564-0
kozlowski_2025_scientific_reports,food_waste,2,37,1.54166667,2,0.38541667,37,none,,0.0,643.40000000,188.80000000,102.72071179,true,,experimental_publisher_supplement,10.1038/s41598-025-02564-0
kozlowski_2025_scientific_reports,food_waste,3,37,1.54166667,2,0.38541667,37,none,,0.0,635.30000000,188.80000000,100.89044834,true,,experimental_publisher_supplement,10.1038/s41598-025-02564-0
kozlowski_2025_scientific_reports,food_waste_torrefaction_240c,1,37,1.54166667,2,0.38541667,37,torrefaction_product,240,5.0,664.40000000,188.80000000,107.46583926,true,,experimental_publisher_supplement,10.1038/s41598-025-02564-0
kozlowski_2025_scientific_reports,food_waste_torrefaction_240c,2,37,1.54166667,2,0.38541667,37,torrefaction_product,240,5.0,5.30000000,188.80000000,-41.46337574,false,excluded_from_publisher_mean; inconsistent_raw_signal,experimental_publisher_supplement,10.1038/s41598-025-02564-0
kozlowski_2025_scientific_reports,food_waste_torrefaction_240c,3,37,1.54166667,2,0.38541667,37,torrefaction_product,240,5.0,663.80000000,188.80000000,107.33026419,true,,experimental_publisher_supplement,10.1038/s41598-025-02564-0
kozlowski_2025_scientific_reports,food_waste_pyrolysis_600c,1,37,1.54166667,2,0.38541667,37,biochar,600,5.0,616.60000000,188.80000000,96.66502530,true,,experimental_publisher_supplement,10.1038/s41598-025-02564-0
kozlowski_2025_scientific_reports,food_waste_pyrolysis_600c,2,37,1.54166667,2,0.38541667,37,biochar,600,5.0,612.10000000,188.80000000,95.64821227,true,,experimental_publisher_supplement,10.1038/s41598-025-02564-0
kozlowski_2025_scientific_reports,food_waste_pyrolysis_600c,3,37,1.54166667,2,0.38541667,37,biochar,600,5.0,373.00000000,188.80000000,41.62154666,false,excluded_from_publisher_mean; inconsistent_raw_signal,experimental_publisher_supplement,10.1038/s41598-025-02564-0
kozlowski_2025_scientific_reports,food_waste_hydrochar_240c,1,37,1.54166667,2,0.38541667,37,hydrochar,240,5.0,637.70000000,188.80000000,101.43274862,true,,experimental_publisher_supplement,10.1038/s41598-025-02564-0
kozlowski_2025_scientific_reports,food_waste_hydrochar_240c,2,37,1.54166667,2,0.38541667,37,hydrochar,240,5.0,653.50000000,188.80000000,105.00289214,true,,experimental_publisher_supplement,10.1038/s41598-025-02564-0
kozlowski_2025_scientific_reports,food_waste_hydrochar_240c,3,37,1.54166667,2,0.38541667,37,hydrochar,240,5.0,646.10000000,188.80000000,103.33079961,true,,experimental_publisher_supplement,10.1038/s41598-025-02564-0
kozlowski_2025_scientific_reports,food_waste,1,38,1.58333333,2,0.39583333,37,none,,0.0,654.70000000,193.43333333,104.22710146,true,,experimental_publisher_supplement,10.1038/s41598-025-02564-0
kozlowski_2025_scientific_reports,food_waste,2,38,1.58333333,2,0.39583333,37,none,,0.0,658.00000000,193.43333333,104.97276435,true,,experimental_publisher_supplement,10.1038/s41598-025-02564-0
kozlowski_2025_scientific_reports,food_waste,3,38,1.58333333,2,0.39583333,37,none,,0.0,649.80000000,193.43333333,103.11990505,true,,experimental_publisher_supplement,10.1038/s41598-025-02564-0
kozlowski_2025_scientific_reports,food_waste_torrefaction_240c,1,38,1.58333333,2,0.39583333,37,torrefaction_product,240,5.0,679.50000000,193.43333333,109.83087104,true,,experimental_publisher_supplement,10.1038/s41598-025-02564-0
kozlowski_2025_scientific_reports,food_waste_torrefaction_240c,2,38,1.58333333,2,0.39583333,37,torrefaction_product,240,5.0,5.50000000,193.43333333,-42.46512488,false,excluded_from_publisher_mean; inconsistent_raw_signal,experimental_publisher_supplement,10.1038/s41598-025-02564-0
kozlowski_2025_scientific_reports,food_waste_torrefaction_240c,3,38,1.58333333,2,0.39583333,37,torrefaction_product,240,5.0,679.20000000,193.43333333,109.76308351,true,,experimental_publisher_supplement,10.1038/s41598-025-02564-0
kozlowski_2025_scientific_reports,food_waste_pyrolysis_600c,1,38,1.58333333,2,0.39583333,37,biochar,600,5.0,629.40000000,193.43333333,98.51035265,true,,experimental_publisher_supplement,10.1038/s41598-025-02564-0
kozlowski_2025_scientific_reports,food_waste_pyrolysis_600c,2,38,1.58333333,2,0.39583333,37,biochar,600,5.0,625.30000000,193.43333333,97.58392300,true,,experimental_publisher_supplement,10.1038/s41598-025-02564-0
kozlowski_2025_scientific_reports,food_waste_pyrolysis_600c,3,38,1.58333333,2,0.39583333,37,biochar,600,5.0,386.40000000,193.43333333,43.60244908,false,excluded_from_publisher_mean; inconsistent_raw_signal,experimental_publisher_supplement,10.1038/s41598-025-02564-0
kozlowski_2025_scientific_reports,food_waste_hydrochar_240c,1,38,1.58333333,2,0.39583333,37,hydrochar,240,5.0,652.70000000,193.43333333,103.77518456,true,,experimental_publisher_supplement,10.1038/s41598-025-02564-0
kozlowski_2025_scientific_reports,food_waste_hydrochar_240c,2,38,1.58333333,2,0.39583333,37,hydrochar,240,5.0,668.80000000,193.43333333,107.41311562,true,,experimental_publisher_supplement,10.1038/s41598-025-02564-0
kozlowski_2025_scientific_reports,food_waste_hydrochar_240c,3,38,1.58333333,2,0.39583333,37,hydrochar,240,5.0,661.60000000,193.43333333,105.78621477,true,,experimental_publisher_supplement,10.1038/s41598-025-02564-0
kozlowski_2025_scientific_reports,food_waste,1,39,1.62500000,2,0.40625000,37,none,,0.0,669.80000000,198.06666667,106.59213325,true,,experimental_publisher_supplement,10.1038/s41598-025-02564-0
kozlowski_2025_scientific_reports,food_waste,2,39,1.62500000,2,0.40625000,37,none,,0.0,672.70000000,198.06666667,107.24741275,true,,experimental_publisher_supplement,10.1038/s41598-025-02564-0
kozlowski_2025_scientific_reports,food_waste,3,39,1.62500000,2,0.40625000,37,none,,0.0,664.20000000,198.06666667,105.32676592,true,,experimental_publisher_supplement,10.1038/s41598-025-02564-0
kozlowski_2025_scientific_reports,food_waste_torrefaction_240c,1,39,1.62500000,2,0.40625000,37,torrefaction_product,240,5.0,694.80000000,198.06666667,112.24109452,true,,experimental_publisher_supplement,10.1038/s41598-025-02564-0
kozlowski_2025_scientific_reports,food_waste_torrefaction_240c,2,39,1.62500000,2,0.40625000,37,torrefaction_product,240,5.0,5.60000000,198.06666667,-43.48946985,false,excluded_from_publisher_mean; inconsistent_raw_signal,experimental_publisher_supplement,10.1038/s41598-025-02564-0
kozlowski_2025_scientific_reports,food_waste_torrefaction_240c,3,39,1.62500000,2,0.40625000,37,torrefaction_product,240,5.0,694.50000000,198.06666667,112.17330698,true,,experimental_publisher_supplement,10.1038/s41598-025-02564-0
kozlowski_2025_scientific_reports,food_waste_pyrolysis_600c,1,39,1.62500000,2,0.40625000,37,biochar,600,5.0,642.60000000,198.06666667,100.44606338,true,,experimental_publisher_supplement,10.1038/s41598-025-02564-0
kozlowski_2025_scientific_reports,food_waste_pyrolysis_600c,2,39,1.62500000,2,0.40625000,37,biochar,600,5.0,638.20000000,198.06666667,99.45184620,true,,experimental_publisher_supplement,10.1038/s41598-025-02564-0
kozlowski_2025_scientific_reports,food_waste_pyrolysis_600c,3,39,1.62500000,2,0.40625000,37,biochar,600,5.0,400.30000000,198.06666667,45.69633072,false,excluded_from_publisher_mean; inconsistent_raw_signal,experimental_publisher_supplement,10.1038/s41598-025-02564-0
kozlowski_2025_scientific_reports,food_waste_hydrochar_240c,1,39,1.62500000,2,0.40625000,37,hydrochar,240,5.0,668.00000000,198.06666667,106.18540804,true,,experimental_publisher_supplement,10.1038/s41598-025-02564-0
kozlowski_2025_scientific_reports,food_waste_hydrochar_240c,2,39,1.62500000,2,0.40625000,37,hydrochar,240,5.0,683.60000000,198.06666667,109.71035987,true,,experimental_publisher_supplement,10.1038/s41598-025-02564-0
kozlowski_2025_scientific_reports,food_waste_hydrochar_240c,3,39,1.62500000,2,0.40625000,37,hydrochar,240,5.0,676.90000000,198.06666667,108.19643825,true,,experimental_publisher_supplement,10.1038/s41598-025-02564-0
kozlowski_2025_scientific_reports,food_waste,1,40,1.66666667,2,0.41666667,37,none,,0.0,684.60000000,202.80000000,108.86678165,true,,experimental_publisher_supplement,10.1038/s41598-025-02564-0
kozlowski_2025_scientific_reports,food_waste,2,40,1.66666667,2,0.41666667,37,none,,0.0,687.50000000,202.80000000,109.52206116,true,,experimental_publisher_supplement,10.1038/s41598-025-02564-0
kozlowski_2025_scientific_reports,food_waste,3,40,1.66666667,2,0.41666667,37,none,,0.0,679.00000000,202.80000000,107.60141433,true,,experimental_publisher_supplement,10.1038/s41598-025-02564-0
kozlowski_2025_scientific_reports,food_waste_torrefaction_240c,1,40,1.66666667,2,0.41666667,37,torrefaction_product,240,5.0,709.90000000,202.80000000,114.58353046,true,,experimental_publisher_supplement,10.1038/s41598-025-02564-0
kozlowski_2025_scientific_reports,food_waste_torrefaction_240c,2,40,1.66666667,2,0.41666667,37,torrefaction_product,240,5.0,5.80000000,202.80000000,-44.51381483,false,excluded_from_publisher_mean; inconsistent_raw_signal,experimental_publisher_supplement,10.1038/s41598-025-02564-0
kozlowski_2025_scientific_reports,food_waste_torrefaction_240c,3,40,1.66666667,2,0.41666667,37,torrefaction_product,240,5.0,709.50000000,202.80000000,114.49314708,true,,experimental_publisher_supplement,10.1038/s41598-025-02564-0
kozlowski_2025_scientific_reports,food_waste_pyrolysis_600c,1,40,1.66666667,2,0.41666667,37,biochar,600,5.0,655.30000000,202.80000000,102.24619904,true,,experimental_publisher_supplement,10.1038/s41598-025-02564-0
kozlowski_2025_scientific_reports,food_waste_pyrolysis_600c,2,40,1.66666667,2,0.41666667,37,biochar,600,5.0,651.40000000,202.80000000,101.36496108,true,,experimental_publisher_supplement,10.1038/s41598-025-02564-0
kozlowski_2025_scientific_reports,food_waste_pyrolysis_600c,3,40,1.66666667,2,0.41666667,37,biochar,600,5.0,413.60000000,202.80000000,47.63204145,false,excluded_from_publisher_mean; inconsistent_raw_signal,experimental_publisher_supplement,10.1038/s41598-025-02564-0
kozlowski_2025_scientific_reports,food_waste_hydrochar_240c,1,40,1.66666667,2,0.41666667,37,hydrochar,240,5.0,683.20000000,202.80000000,108.55043982,true,,experimental_publisher_supplement,10.1038/s41598-025-02564-0
kozlowski_2025_scientific_reports,food_waste_hydrochar_240c,2,40,1.66666667,2,0.41666667,37,hydrochar,240,5.0,698.40000000,202.80000000,111.98500828,true,,experimental_publisher_supplement,10.1038/s41598-025-02564-0
kozlowski_2025_scientific_reports,food_waste_hydrochar_240c,3,40,1.66666667,2,0.41666667,37,hydrochar,240,5.0,691.90000000,202.80000000,110.51627834,true,,experimental_publisher_supplement,10.1038/s41598-025-02564-0
kozlowski_2025_scientific_reports,food_waste,1,41,1.70833333,2,0.42708333,37,none,,0.0,699.90000000,207.23333333,111.32219682,true,,experimental_publisher_supplement,10.1038/s41598-025-02564-0
kozlowski_2025_scientific_reports,food_waste,2,41,1.70833333,2,0.42708333,37,none,,0.0,702.50000000,207.23333333,111.90968879,true,,experimental_publisher_supplement,10.1038/s41598-025-02564-0
kozlowski_2025_scientific_reports,food_waste,3,41,1.70833333,2,0.42708333,37,none,,0.0,693.90000000,207.23333333,109.96644611,true,,experimental_publisher_supplement,10.1038/s41598-025-02564-0
kozlowski_2025_scientific_reports,food_waste_torrefaction_240c,1,41,1.70833333,2,0.42708333,37,torrefaction_product,240,5.0,725.00000000,207.23333333,116.99375394,true,,experimental_publisher_supplement,10.1038/s41598-025-02564-0
kozlowski_2025_scientific_reports,food_waste_torrefaction_240c,2,41,1.70833333,2,0.42708333,37,torrefaction_product,240,5.0,5.90000000,207.23333333,-45.49296812,false,excluded_from_publisher_mean; inconsistent_raw_signal,experimental_publisher_supplement,10.1038/s41598-025-02564-0
kozlowski_2025_scientific_reports,food_waste_torrefaction_240c,3,41,1.70833333,2,0.42708333,37,torrefaction_product,240,5.0,724.50000000,207.23333333,116.88077471,true,,experimental_publisher_supplement,10.1038/s41598-025-02564-0
kozlowski_2025_scientific_reports,food_waste_pyrolysis_600c,1,41,1.70833333,2,0.42708333,37,biochar,600,5.0,668.10000000,207.23333333,104.13671808,true,,experimental_publisher_supplement,10.1038/s41598-025-02564-0
kozlowski_2025_scientific_reports,food_waste_pyrolysis_600c,2,41,1.70833333,2,0.42708333,37,biochar,600,5.0,664.20000000,207.23333333,103.25548012,true,,experimental_publisher_supplement,10.1038/s41598-025-02564-0
kozlowski_2025_scientific_reports,food_waste_pyrolysis_600c,3,41,1.70833333,2,0.42708333,37,biochar,600,5.0,426.90000000,207.23333333,49.63553972,false,excluded_from_publisher_mean; inconsistent_raw_signal,experimental_publisher_supplement,10.1038/s41598-025-02564-0
kozlowski_2025_scientific_reports,food_waste_hydrochar_240c,1,41,1.70833333,2,0.42708333,37,hydrochar,240,5.0,698.10000000,207.23333333,110.91547161,true,,experimental_publisher_supplement,10.1038/s41598-025-02564-0
kozlowski_2025_scientific_reports,food_waste_hydrochar_240c,2,41,1.70833333,2,0.42708333,37,hydrochar,240,5.0,713.40000000,207.23333333,114.37263591,true,,experimental_publisher_supplement,10.1038/s41598-025-02564-0
kozlowski_2025_scientific_reports,food_waste_hydrochar_240c,3,41,1.70833333,2,0.42708333,37,hydrochar,240,5.0,707.30000000,207.23333333,112.99428936,true,,experimental_publisher_supplement,10.1038/s41598-025-02564-0
kozlowski_2025_scientific_reports,food_waste,1,42,1.75000000,2,0.43750000,37,none,,0.0,715.40000000,211.50000000,113.86046342,true,,experimental_publisher_supplement,10.1038/s41598-025-02564-0
kozlowski_2025_scientific_reports,food_waste,2,42,1.75000000,2,0.43750000,37,none,,0.0,717.20000000,211.50000000,114.26718863,true,,experimental_publisher_supplement,10.1038/s41598-025-02564-0
kozlowski_2025_scientific_reports,food_waste,3,42,1.75000000,2,0.43750000,37,none,,0.0,708.40000000,211.50000000,112.27875426,true,,experimental_publisher_supplement,10.1038/s41598-025-02564-0
kozlowski_2025_scientific_reports,food_waste_torrefaction_240c,1,42,1.75000000,2,0.43750000,37,torrefaction_product,240,5.0,740.20000000,211.50000000,119.46423300,true,,experimental_publisher_supplement,10.1038/s41598-025-02564-0
kozlowski_2025_scientific_reports,food_waste_torrefaction_240c,2,42,1.75000000,2,0.43750000,37,torrefaction_product,240,5.0,6.10000000,211.50000000,-46.41186582,false,excluded_from_publisher_mean; inconsistent_raw_signal,experimental_publisher_supplement,10.1038/s41598-025-02564-0
kozlowski_2025_scientific_reports,food_waste_torrefaction_240c,3,42,1.75000000,2,0.43750000,37,torrefaction_product,240,5.0,739.60000000,211.50000000,119.32865793,true,,experimental_publisher_supplement,10.1038/s41598-025-02564-0
kozlowski_2025_scientific_reports,food_waste_pyrolysis_600c,1,42,1.75000000,2,0.43750000,37,biochar,600,5.0,681.10000000,211.50000000,106.11008855,true,,experimental_publisher_supplement,10.1038/s41598-025-02564-0
kozlowski_2025_scientific_reports,food_waste_pyrolysis_600c,2,42,1.75000000,2,0.43750000,37,biochar,600,5.0,677.40000000,211.50000000,105.27404228,true,,experimental_publisher_supplement,10.1038/s41598-025-02564-0
kozlowski_2025_scientific_reports,food_waste_pyrolysis_600c,3,42,1.75000000,2,0.43750000,37,biochar,600,5.0,439.90000000,211.50000000,51.60891019,false,excluded_from_publisher_mean; inconsistent_raw_signal,experimental_publisher_supplement,10.1038/s41598-025-02564-0
kozlowski_2025_scientific_reports,food_waste_hydrochar_240c,1,42,1.75000000,2,0.43750000,37,hydrochar,240,5.0,713.20000000,211.50000000,113.36335483,true,,experimental_publisher_supplement,10.1038/s41598-025-02564-0
kozlowski_2025_scientific_reports,food_waste_hydrochar_240c,2,42,1.75000000,2,0.43750000,37,hydrochar,240,5.0,728.40000000,211.50000000,116.79792328,true,,experimental_publisher_supplement,10.1038/s41598-025-02564-0
kozlowski_2025_scientific_reports,food_waste_hydrochar_240c,3,42,1.75000000,2,0.43750000,37,hydrochar,240,5.0,722.20000000,211.50000000,115.39698088,true,,experimental_publisher_supplement,10.1038/s41598-025-02564-0
kozlowski_2025_scientific_reports,food_waste,1,43,1.79166667,2,0.44791667,37,none,,0.0,730.70000000,215.26666667,116.46651755,true,,experimental_publisher_supplement,10.1038/s41598-025-02564-0
kozlowski_2025_scientific_reports,food_waste,2,43,1.79166667,2,0.44791667,37,none,,0.0,732.20000000,215.26666667,116.80545523,true,,experimental_publisher_supplement,10.1038/s41598-025-02564-0
kozlowski_2025_scientific_reports,food_waste,3,43,1.79166667,2,0.44791667,37,none,,0.0,723.20000000,215.26666667,114.77182917,true,,experimental_publisher_supplement,10.1038/s41598-025-02564-0
kozlowski_2025_scientific_reports,food_waste_torrefaction_240c,1,43,1.79166667,2,0.44791667,37,torrefaction_product,240,5.0,755.40000000,215.26666667,122.04769129,true,,experimental_publisher_supplement,10.1038/s41598-025-02564-0
kozlowski_2025_scientific_reports,food_waste_torrefaction_240c,2,43,1.79166667,2,0.44791667,37,torrefaction_product,240,5.0,6.20000000,215.26666667,-47.24038014,false,excluded_from_publisher_mean; inconsistent_raw_signal,experimental_publisher_supplement,10.1038/s41598-025-02564-0
kozlowski_2025_scientific_reports,food_waste_torrefaction_240c,3,43,1.79166667,2,0.44791667,37,torrefaction_product,240,5.0,755.00000000,215.26666667,121.95730791,true,,experimental_publisher_supplement,10.1038/s41598-025-02564-0
kozlowski_2025_scientific_reports,food_waste_pyrolysis_600c,1,43,1.79166667,2,0.44791667,37,biochar,600,5.0,694.60000000,215.26666667,108.30941747,true,,experimental_publisher_supplement,10.1038/s41598-025-02564-0
kozlowski_2025_scientific_reports,food_waste_pyrolysis_600c,2,43,1.79166667,2,0.44791667,37,biochar,600,5.0,690.50000000,215.26666667,107.38298783,true,,experimental_publisher_supplement,10.1038/s41598-025-02564-0
kozlowski_2025_scientific_reports,food_waste_pyrolysis_600c,3,43,1.79166667,2,0.44791667,37,biochar,600,5.0,453.30000000,215.26666667,53.78564327,false,excluded_from_publisher_mean; inconsistent_raw_signal,experimental_publisher_supplement,10.1038/s41598-025-02564-0
kozlowski_2025_scientific_reports,food_waste_hydrochar_240c,1,43,1.79166667,2,0.44791667,37,hydrochar,240,5.0,727.80000000,215.26666667,115.81123804,true,,experimental_publisher_supplement,10.1038/s41598-025-02564-0
kozlowski_2025_scientific_reports,food_waste_hydrochar_240c,2,43,1.79166667,2,0.44791667,37,hydrochar,240,5.0,743.30000000,215.26666667,119.31359403,true,,experimental_publisher_supplement,10.1038/s41598-025-02564-0
kozlowski_2025_scientific_reports,food_waste_hydrochar_240c,3,43,1.79166667,2,0.44791667,37,hydrochar,240,5.0,737.50000000,215.26666667,118.00303502,true,,experimental_publisher_supplement,10.1038/s41598-025-02564-0
kozlowski_2025_scientific_reports,food_waste,1,44,1.83333333,2,0.45833333,37,none,,0.0,746.50000000,218.86666667,119.22321065,true,,experimental_publisher_supplement,10.1038/s41598-025-02564-0
kozlowski_2025_scientific_reports,food_waste,2,44,1.83333333,2,0.45833333,37,none,,0.0,747.10000000,218.86666667,119.35878572,true,,experimental_publisher_supplement,10.1038/s41598-025-02564-0
kozlowski_2025_scientific_reports,food_waste,3,44,1.83333333,2,0.45833333,37,none,,0.0,737.90000000,218.86666667,117.27996798,true,,experimental_publisher_supplement,10.1038/s41598-025-02564-0
kozlowski_2025_scientific_reports,food_waste_torrefaction_240c,1,44,1.83333333,2,0.45833333,37,torrefaction_product,240,5.0,770.50000000,218.86666667,124.64621348,true,,experimental_publisher_supplement,10.1038/s41598-025-02564-0
kozlowski_2025_scientific_reports,food_waste_torrefaction_240c,2,44,1.83333333,2,0.45833333,37,torrefaction_product,240,5.0,6.40000000,218.86666667,-48.00863887,false,excluded_from_publisher_mean; inconsistent_raw_signal,experimental_publisher_supplement,10.1038/s41598-025-02564-0
kozlowski_2025_scientific_reports,food_waste_torrefaction_240c,3,44,1.83333333,2,0.45833333,37,torrefaction_product,240,5.0,770.20000000,218.86666667,124.57842594,true,,experimental_publisher_supplement,10.1038/s41598-025-02564-0
kozlowski_2025_scientific_reports,food_waste_pyrolysis_600c,1,44,1.83333333,2,0.45833333,37,biochar,600,5.0,707.80000000,218.86666667,110.47861860,true,,experimental_publisher_supplement,10.1038/s41598-025-02564-0
kozlowski_2025_scientific_reports,food_waste_pyrolysis_600c,2,44,1.83333333,2,0.45833333,37,biochar,600,5.0,704.10000000,218.86666667,109.64257233,true,,experimental_publisher_supplement,10.1038/s41598-025-02564-0
kozlowski_2025_scientific_reports,food_waste_pyrolysis_600c,3,44,1.83333333,2,0.45833333,37,biochar,600,5.0,466.50000000,218.86666667,55.95484440,false,excluded_from_publisher_mean; inconsistent_raw_signal,experimental_publisher_supplement,10.1038/s41598-025-02564-0
kozlowski_2025_scientific_reports,food_waste_hydrochar_240c,1,44,1.83333333,2,0.45833333,37,hydrochar,240,5.0,742.90000000,218.86666667,118.40976023,true,,experimental_publisher_supplement,10.1038/s41598-025-02564-0
kozlowski_2025_scientific_reports,food_waste_hydrochar_240c,2,44,1.83333333,2,0.45833333,37,hydrochar,240,5.0,758.50000000,218.86666667,121.93471206,true,,experimental_publisher_supplement,10.1038/s41598-025-02564-0
kozlowski_2025_scientific_reports,food_waste_hydrochar_240c,3,44,1.83333333,2,0.45833333,37,hydrochar,240,5.0,752.70000000,218.86666667,120.62415305,true,,experimental_publisher_supplement,10.1038/s41598-025-02564-0
kozlowski_2025_scientific_reports,food_waste,1,45,1.87500000,2,0.46875000,37,none,,0.0,762.10000000,222.40000000,121.94977596,true,,experimental_publisher_supplement,10.1038/s41598-025-02564-0
kozlowski_2025_scientific_reports,food_waste,2,45,1.87500000,2,0.46875000,37,none,,0.0,762.10000000,222.40000000,121.94977596,true,,experimental_publisher_supplement,10.1038/s41598-025-02564-0
kozlowski_2025_scientific_reports,food_waste,3,45,1.87500000,2,0.46875000,37,none,,0.0,752.60000000,222.40000000,119.80317068,true,,experimental_publisher_supplement,10.1038/s41598-025-02564-0
kozlowski_2025_scientific_reports,food_waste_torrefaction_240c,1,45,1.87500000,2,0.46875000,37,torrefaction_product,240,5.0,786.00000000,222.40000000,127.35018294,true,,experimental_publisher_supplement,10.1038/s41598-025-02564-0
kozlowski_2025_scientific_reports,food_waste_torrefaction_240c,2,45,1.87500000,2,0.46875000,37,torrefaction_product,240,5.0,6.50000000,222.40000000,-48.78442955,false,excluded_from_publisher_mean; inconsistent_raw_signal,experimental_publisher_supplement,10.1038/s41598-025-02564-0
kozlowski_2025_scientific_reports,food_waste_torrefaction_240c,3,45,1.87500000,2,0.46875000,37,torrefaction_product,240,5.0,785.20000000,222.40000000,127.16941618,true,,experimental_publisher_supplement,10.1038/s41598-025-02564-0
kozlowski_2025_scientific_reports,food_waste_pyrolysis_600c,1,45,1.87500000,2,0.46875000,37,biochar,600,5.0,721.50000000,222.40000000,112.77586285,true,,experimental_publisher_supplement,10.1038/s41598-025-02564-0
kozlowski_2025_scientific_reports,food_waste_pyrolysis_600c,2,45,1.87500000,2,0.46875000,37,biochar,600,5.0,717.20000000,222.40000000,111.80424151,true,,experimental_publisher_supplement,10.1038/s41598-025-02564-0
kozlowski_2025_scientific_reports,food_waste_pyrolysis_600c,3,45,1.87500000,2,0.46875000,37,biochar,600,5.0,479.60000000,222.40000000,58.11651358,false,excluded_from_publisher_mean; inconsistent_raw_signal,experimental_publisher_supplement,10.1038/s41598-025-02564-0
kozlowski_2025_scientific_reports,food_waste_hydrochar_240c,1,45,1.87500000,2,0.46875000,37,hydrochar,240,5.0,757.60000000,222.40000000,120.93296293,true,,experimental_publisher_supplement,10.1038/s41598-025-02564-0
kozlowski_2025_scientific_reports,food_waste_hydrochar_240c,2,45,1.87500000,2,0.46875000,37,hydrochar,240,5.0,773.70000000,222.40000000,124.57089399,true,,experimental_publisher_supplement,10.1038/s41598-025-02564-0
kozlowski_2025_scientific_reports,food_waste_hydrochar_240c,3,45,1.87500000,2,0.46875000,37,hydrochar,240,5.0,767.70000000,222.40000000,123.21514329,true,,experimental_publisher_supplement,10.1038/s41598-025-02564-0
kozlowski_2025_scientific_reports,food_waste,1,46,1.91666667,2,0.47916667,37,none,,0.0,777.80000000,225.76666667,124.73659686,true,,experimental_publisher_supplement,10.1038/s41598-025-02564-0
kozlowski_2025_scientific_reports,food_waste,2,46,1.91666667,2,0.47916667,37,none,,0.0,776.80000000,225.76666667,124.51063840,true,,experimental_publisher_supplement,10.1038/s41598-025-02564-0
kozlowski_2025_scientific_reports,food_waste,3,46,1.91666667,2,0.47916667,37,none,,0.0,767.20000000,225.76666667,122.34143728,true,,experimental_publisher_supplement,10.1038/s41598-025-02564-0
kozlowski_2025_scientific_reports,food_waste_torrefaction_240c,1,46,1.91666667,2,0.47916667,37,torrefaction_product,240,5.0,801.20000000,225.76666667,130.02402461,true,,experimental_publisher_supplement,10.1038/s41598-025-02564-0
kozlowski_2025_scientific_reports,food_waste_torrefaction_240c,2,46,1.91666667,2,0.47916667,37,torrefaction_product,240,5.0,6.70000000,225.76666667,-49.49996465,false,excluded_from_publisher_mean; inconsistent_raw_signal,experimental_publisher_supplement,10.1038/s41598-025-02564-0
kozlowski_2025_scientific_reports,food_waste_torrefaction_240c,3,46,1.91666667,2,0.47916667,37,torrefaction_product,240,5.0,800.20000000,225.76666667,129.79806616,true,,experimental_publisher_supplement,10.1038/s41598-025-02564-0
kozlowski_2025_scientific_reports,food_waste_pyrolysis_600c,1,46,1.91666667,2,0.47916667,37,biochar,600,5.0,734.70000000,225.76666667,114.99778762,true,,experimental_publisher_supplement,10.1038/s41598-025-02564-0
kozlowski_2025_scientific_reports,food_waste_pyrolysis_600c,2,46,1.91666667,2,0.47916667,37,biochar,600,5.0,730.80000000,225.76666667,114.11654966,true,,experimental_publisher_supplement,10.1038/s41598-025-02564-0
kozlowski_2025_scientific_reports,food_waste_pyrolysis_600c,3,46,1.91666667,2,0.47916667,37,biochar,600,5.0,492.30000000,225.76666667,60.22545912,false,excluded_from_publisher_mean; inconsistent_raw_signal,experimental_publisher_supplement,10.1038/s41598-025-02564-0
kozlowski_2025_scientific_reports,food_waste_hydrochar_240c,1,46,1.91666667,2,0.47916667,37,hydrochar,240,5.0,772.40000000,225.76666667,123.51642122,true,,experimental_publisher_supplement,10.1038/s41598-025-02564-0
kozlowski_2025_scientific_reports,food_waste_hydrochar_240c,2,46,1.91666667,2,0.47916667,37,hydrochar,240,5.0,788.70000000,225.76666667,127.19954397,true,,experimental_publisher_supplement,10.1038/s41598-025-02564-0
kozlowski_2025_scientific_reports,food_waste_hydrochar_240c,3,46,1.91666667,2,0.47916667,37,hydrochar,240,5.0,782.50000000,225.76666667,125.79860158,true,,experimental_publisher_supplement,10.1038/s41598-025-02564-0
kozlowski_2025_scientific_reports,food_waste,1,47,1.95833333,2,0.48958333,37,none,,0.0,793.40000000,228.93333333,127.54601360,true,,experimental_publisher_supplement,10.1038/s41598-025-02564-0
kozlowski_2025_scientific_reports,food_waste,2,47,1.95833333,2,0.48958333,37,none,,0.0,791.60000000,228.93333333,127.13928838,true,,experimental_publisher_supplement,10.1038/s41598-025-02564-0
kozlowski_2025_scientific_reports,food_waste,3,47,1.95833333,2,0.48958333,37,none,,0.0,781.90000000,228.93333333,124.94749141,true,,experimental_publisher_supplement,10.1038/s41598-025-02564-0
kozlowski_2025_scientific_reports,food_waste_torrefaction_240c,1,47,1.95833333,2,0.48958333,37,torrefaction_product,240,5.0,816.70000000,228.93333333,132.81084550,true,,experimental_publisher_supplement,10.1038/s41598-025-02564-0
kozlowski_2025_scientific_reports,food_waste_torrefaction_240c,2,47,1.95833333,2,0.48958333,37,torrefaction_product,240,5.0,6.80000000,228.93333333,-50.19290390,false,excluded_from_publisher_mean; inconsistent_raw_signal,experimental_publisher_supplement,10.1038/s41598-025-02564-0
kozlowski_2025_scientific_reports,food_waste_torrefaction_240c,3,47,1.95833333,2,0.48958333,37,torrefaction_product,240,5.0,815.40000000,228.93333333,132.51709952,true,,experimental_publisher_supplement,10.1038/s41598-025-02564-0
kozlowski_2025_scientific_reports,food_waste_pyrolysis_600c,1,47,1.95833333,2,0.48958333,37,biochar,600,5.0,748.10000000,228.93333333,117.31009577,true,,experimental_publisher_supplement,10.1038/s41598-025-02564-0
kozlowski_2025_scientific_reports,food_waste_pyrolysis_600c,2,47,1.95833333,2,0.48958333,37,biochar,600,5.0,744.20000000,228.93333333,116.42885781,true,,experimental_publisher_supplement,10.1038/s41598-025-02564-0
kozlowski_2025_scientific_reports,food_waste_pyrolysis_600c,3,47,1.95833333,2,0.48958333,37,biochar,600,5.0,505.60000000,228.93333333,62.51517142,false,excluded_from_publisher_mean; inconsistent_raw_signal,experimental_publisher_supplement,10.1038/s41598-025-02564-0
kozlowski_2025_scientific_reports,food_waste_hydrochar_240c,1,47,1.95833333,2,0.48958333,37,hydrochar,240,5.0,786.90000000,228.93333333,126.07728366,true,,experimental_publisher_supplement,10.1038/s41598-025-02564-0
kozlowski_2025_scientific_reports,food_waste_hydrochar_240c,2,47,1.95833333,2,0.48958333,37,hydrochar,240,5.0,803.50000000,228.93333333,129.82819395,true,,experimental_publisher_supplement,10.1038/s41598-025-02564-0
kozlowski_2025_scientific_reports,food_waste_hydrochar_240c,3,47,1.95833333,2,0.48958333,37,hydrochar,240,5.0,797.80000000,228.93333333,128.54023078,true,,experimental_publisher_supplement,10.1038/s41598-025-02564-0
kozlowski_2025_scientific_reports,food_waste,1,48,2.00000000,2,0.50000000,37,none,,0.0,809.30000000,231.93333333,130.46087761,true,,experimental_publisher_supplement,10.1038/s41598-025-02564-0
kozlowski_2025_scientific_reports,food_waste,2,48,2.00000000,2,0.50000000,37,none,,0.0,807.20000000,231.93333333,129.98636487,true,,experimental_publisher_supplement,10.1038/s41598-025-02564-0
kozlowski_2025_scientific_reports,food_waste,3,48,2.00000000,2,0.50000000,37,none,,0.0,796.60000000,231.93333333,127.59120529,true,,experimental_publisher_supplement,10.1038/s41598-025-02564-0
kozlowski_2025_scientific_reports,food_waste_torrefaction_240c,1,48,2.00000000,2,0.50000000,37,torrefaction_product,240,5.0,832.30000000,231.93333333,135.65792198,true,,experimental_publisher_supplement,10.1038/s41598-025-02564-0
kozlowski_2025_scientific_reports,food_waste_torrefaction_240c,2,48,2.00000000,2,0.50000000,37,torrefaction_product,240,5.0,6.90000000,231.93333333,-50.84818341,false,excluded_from_publisher_mean; inconsistent_raw_signal,experimental_publisher_supplement,10.1038/s41598-025-02564-0
kozlowski_2025_scientific_reports,food_waste_torrefaction_240c,3,48,2.00000000,2,0.50000000,37,torrefaction_product,240,5.0,830.70000000,231.93333333,135.29638846,true,,experimental_publisher_supplement,10.1038/s41598-025-02564-0
kozlowski_2025_scientific_reports,food_waste_pyrolysis_600c,1,48,2.00000000,2,0.50000000,37,biochar,600,5.0,762.10000000,231.93333333,119.79563873,true,,experimental_publisher_supplement,10.1038/s41598-025-02564-0
kozlowski_2025_scientific_reports,food_waste_pyrolysis_600c,2,48,2.00000000,2,0.50000000,37,biochar,600,5.0,757.50000000,231.93333333,118.75622985,true,,experimental_publisher_supplement,10.1038/s41598-025-02564-0
kozlowski_2025_scientific_reports,food_waste_pyrolysis_600c,3,48,2.00000000,2,0.50000000,37,biochar,600,5.0,518.90000000,231.93333333,64.84254347,false,excluded_from_publisher_mean; inconsistent_raw_signal,experimental_publisher_supplement,10.1038/s41598-025-02564-0
kozlowski_2025_scientific_reports,food_waste_hydrochar_240c,1,48,2.00000000,2,0.50000000,37,hydrochar,240,5.0,802.20000000,231.93333333,128.85657261,true,,experimental_publisher_supplement,10.1038/s41598-025-02564-0
kozlowski_2025_scientific_reports,food_waste_hydrochar_240c,2,48,2.00000000,2,0.50000000,37,hydrochar,240,5.0,818.60000000,231.93333333,132.56229121,true,,experimental_publisher_supplement,10.1038/s41598-025-02564-0
kozlowski_2025_scientific_reports,food_waste_hydrochar_240c,3,48,2.00000000,2,0.50000000,37,hydrochar,240,5.0,812.40000000,231.93333333,131.16134881,true,,experimental_publisher_supplement,10.1038/s41598-025-02564-0
kozlowski_2025_scientific_reports,food_waste,1,49,2.04166667,3,0.51041667,37,none,,0.0,825.00000000,234.70000000,133.38327358,true,,experimental_publisher_supplement,10.1038/s41598-025-02564-0
kozlowski_2025_scientific_reports,food_waste,2,49,2.04166667,3,0.51041667,37,none,,0.0,821.90000000,234.70000000,132.68280238,true,,experimental_publisher_supplement,10.1038/s41598-025-02564-0
kozlowski_2025_scientific_reports,food_waste,3,49,2.04166667,3,0.51041667,37,none,,0.0,811.40000000,234.70000000,130.31023865,true,,experimental_publisher_supplement,10.1038/s41598-025-02564-0
kozlowski_2025_scientific_reports,food_waste_torrefaction_240c,1,49,2.04166667,3,0.51041667,37,torrefaction_product,240,5.0,847.50000000,234.70000000,138.46733872,true,,experimental_publisher_supplement,10.1038/s41598-025-02564-0
kozlowski_2025_scientific_reports,food_waste_torrefaction_240c,2,49,2.04166667,3,0.51041667,37,torrefaction_product,240,5.0,7.10000000,234.70000000,-51.42814343,false,excluded_from_publisher_mean; inconsistent_raw_signal,experimental_publisher_supplement,10.1038/s41598-025-02564-0
kozlowski_2025_scientific_reports,food_waste_torrefaction_240c,3,49,2.04166667,3,0.51041667,37,torrefaction_product,240,5.0,845.70000000,234.70000000,138.06061351,true,,experimental_publisher_supplement,10.1038/s41598-025-02564-0
kozlowski_2025_scientific_reports,food_waste_pyrolysis_600c,1,49,2.04166667,3,0.51041667,37,biochar,600,5.0,774.60000000,234.70000000,121.99496765,true,,experimental_publisher_supplement,10.1038/s41598-025-02564-0
kozlowski_2025_scientific_reports,food_waste_pyrolysis_600c,2,49,2.04166667,3,0.51041667,37,biochar,600,5.0,771.40000000,234.70000000,121.27190061,true,,experimental_publisher_supplement,10.1038/s41598-025-02564-0
kozlowski_2025_scientific_reports,food_waste_pyrolysis_600c,3,49,2.04166667,3,0.51041667,37,biochar,600,5.0,532.10000000,234.70000000,67.20004330,false,excluded_from_publisher_mean; inconsistent_raw_signal,experimental_publisher_supplement,10.1038/s41598-025-02564-0
kozlowski_2025_scientific_reports,food_waste_hydrochar_240c,1,49,2.04166667,3,0.51041667,37,hydrochar,240,5.0,816.90000000,234.70000000,131.55301013,true,,experimental_publisher_supplement,10.1038/s41598-025-02564-0
kozlowski_2025_scientific_reports,food_waste_hydrochar_240c,2,49,2.04166667,3,0.51041667,37,hydrochar,240,5.0,833.60000000,234.70000000,135.32651626,true,,experimental_publisher_supplement,10.1038/s41598-025-02564-0
kozlowski_2025_scientific_reports,food_waste_hydrochar_240c,3,49,2.04166667,3,0.51041667,37,hydrochar,240,5.0,827.80000000,234.70000000,134.01595724,true,,experimental_publisher_supplement,10.1038/s41598-025-02564-0
kozlowski_2025_scientific_reports,food_waste,1,50,2.08333333,3,0.52083333,37,none,,0.0,840.40000000,237.43333333,136.24541396,true,,experimental_publisher_supplement,10.1038/s41598-025-02564-0
kozlowski_2025_scientific_reports,food_waste,2,50,2.08333333,3,0.52083333,37,none,,0.0,836.80000000,237.43333333,135.43196353,true,,experimental_publisher_supplement,10.1038/s41598-025-02564-0
kozlowski_2025_scientific_reports,food_waste,3,50,2.08333333,3,0.52083333,37,none,,0.0,826.00000000,237.43333333,132.99161226,true,,experimental_publisher_supplement,10.1038/s41598-025-02564-0
kozlowski_2025_scientific_reports,food_waste_torrefaction_240c,1,50,2.08333333,3,0.52083333,37,torrefaction_product,240,5.0,862.20000000,237.43333333,141.17130819,true,,experimental_publisher_supplement,10.1038/s41598-025-02564-0
kozlowski_2025_scientific_reports,food_waste_torrefaction_240c,2,50,2.08333333,3,0.52083333,37,torrefaction_product,240,5.0,7.20000000,237.43333333,-52.02316735,false,excluded_from_publisher_mean; inconsistent_raw_signal,experimental_publisher_supplement,10.1038/s41598-025-02564-0
kozlowski_2025_scientific_reports,food_waste_torrefaction_240c,3,50,2.08333333,3,0.52083333,37,torrefaction_product,240,5.0,860.70000000,237.43333333,140.83237051,true,,experimental_publisher_supplement,10.1038/s41598-025-02564-0
kozlowski_2025_scientific_reports,food_waste_pyrolysis_600c,1,50,2.08333333,3,0.52083333,37,biochar,600,5.0,788.00000000,237.43333333,124.40519113,true,,experimental_publisher_supplement,10.1038/s41598-025-02564-0
kozlowski_2025_scientific_reports,food_waste_pyrolysis_600c,2,50,2.08333333,3,0.52083333,37,biochar,600,5.0,784.20000000,237.43333333,123.54654901,true,,experimental_publisher_supplement,10.1038/s41598-025-02564-0
kozlowski_2025_scientific_reports,food_waste_pyrolysis_600c,3,50,2.08333333,3,0.52083333,37,biochar,600,5.0,545.50000000,237.43333333,69.61026678,false,excluded_from_publisher_mean; inconsistent_raw_signal,experimental_publisher_supplement,10.1038/s41598-025-02564-0
kozlowski_2025_scientific_reports,food_waste_hydrochar_240c,1,50,2.08333333,3,0.52083333,37,hydrochar,240,5.0,831.60000000,237.43333333,134.25697959,true,,experimental_publisher_supplement,10.1038/s41598-025-02564-0
kozlowski_2025_scientific_reports,food_waste_hydrochar_240c,2,50,2.08333333,3,0.52083333,37,hydrochar,240,5.0,848.60000000,237.43333333,138.09827325,true,,experimental_publisher_supplement,10.1038/s41598-025-02564-0
kozlowski_2025_scientific_reports,food_waste_hydrochar_240c,3,50,2.08333333,3,0.52083333,37,hydrochar,240,5.0,843.10000000,237.43333333,136.85550177,true,,experimental_publisher_supplement,10.1038/s41598-025-02564-0
kozlowski_2025_scientific_reports,food_waste,1,51,2.12500000,3,0.53125000,37,none,,0.0,855.80000000,239.96666667,139.15274602,true,,experimental_publisher_supplement,10.1038/s41598-025-02564-0
kozlowski_2025_scientific_reports,food_waste,2,51,2.12500000,3,0.53125000,37,none,,0.0,851.60000000,239.96666667,138.20372053,true,,experimental_publisher_supplement,10.1038/s41598-025-02564-0
kozlowski_2025_scientific_reports,food_waste,3,51,2.12500000,3,0.53125000,37,none,,0.0,841.00000000,239.96666667,135.80856095,true,,experimental_publisher_supplement,10.1038/s41598-025-02564-0
kozlowski_2025_scientific_reports,food_waste_torrefaction_240c,1,51,2.12500000,3,0.53125000,37,torrefaction_product,240,5.0,877.00000000,239.96666667,143.94306518,true,,experimental_publisher_supplement,10.1038/s41598-025-02564-0
kozlowski_2025_scientific_reports,food_waste_torrefaction_240c,2,51,2.12500000,3,0.53125000,37,torrefaction_product,240,5.0,7.40000000,239.96666667,-52.55040374,false,excluded_from_publisher_mean; inconsistent_raw_signal,experimental_publisher_supplement,10.1038/s41598-025-02564-0
kozlowski_2025_scientific_reports,food_waste_torrefaction_240c,3,51,2.12500000,3,0.53125000,37,torrefaction_product,240,5.0,875.70000000,239.96666667,143.64931920,true,,experimental_publisher_supplement,10.1038/s41598-025-02564-0
kozlowski_2025_scientific_reports,food_waste_pyrolysis_600c,1,51,2.12500000,3,0.53125000,37,biochar,600,5.0,800.40000000,239.96666667,126.63464784,true,,experimental_publisher_supplement,10.1038/s41598-025-02564-0
kozlowski_2025_scientific_reports,food_waste_pyrolysis_600c,2,51,2.12500000,3,0.53125000,37,biochar,600,5.0,797.60000000,239.96666667,126.00196418,true,,experimental_publisher_supplement,10.1038/s41598-025-02564-0
kozlowski_2025_scientific_reports,food_waste_pyrolysis_600c,3,51,2.12500000,3,0.53125000,37,biochar,600,5.0,558.10000000,239.96666667,71.88491519,false,excluded_from_publisher_mean; inconsistent_raw_signal,experimental_publisher_supplement,10.1038/s41598-025-02564-0
kozlowski_2025_scientific_reports,food_waste_hydrochar_240c,1,51,2.12500000,3,0.53125000,37,hydrochar,240,5.0,846.40000000,239.96666667,137.02873659,true,,experimental_publisher_supplement,10.1038/s41598-025-02564-0
kozlowski_2025_scientific_reports,food_waste_hydrochar_240c,2,51,2.12500000,3,0.53125000,37,hydrochar,240,5.0,863.60000000,239.96666667,140.91522194,true,,experimental_publisher_supplement,10.1038/s41598-025-02564-0
kozlowski_2025_scientific_reports,food_waste_hydrochar_240c,3,51,2.12500000,3,0.53125000,37,hydrochar,240,5.0,858.00000000,239.96666667,139.64985462,true,,experimental_publisher_supplement,10.1038/s41598-025-02564-0
kozlowski_2025_scientific_reports,food_waste,1,52,2.16666667,3,0.54166667,37,none,,0.0,871.30000000,242.43333333,142.09773783,true,,experimental_publisher_supplement,10.1038/s41598-025-02564-0
kozlowski_2025_scientific_reports,food_waste,2,52,2.16666667,3,0.54166667,37,none,,0.0,866.70000000,242.43333333,141.05832896,true,,experimental_publisher_supplement,10.1038/s41598-025-02564-0
kozlowski_2025_scientific_reports,food_waste,3,52,2.16666667,3,0.54166667,37,none,,0.0,856.00000000,242.43333333,138.64057354,true,,experimental_publisher_supplement,10.1038/s41598-025-02564-0
kozlowski_2025_scientific_reports,food_waste_torrefaction_240c,1,52,2.16666667,3,0.54166667,37,torrefaction_product,240,5.0,892.20000000,242.43333333,146.82026946,true,,experimental_publisher_supplement,10.1038/s41598-025-02564-0
kozlowski_2025_scientific_reports,food_waste_torrefaction_240c,2,52,2.16666667,3,0.54166667,37,torrefaction_product,240,5.0,7.50000000,242.43333333,-53.08517207,false,excluded_from_publisher_mean; inconsistent_raw_signal,experimental_publisher_supplement,10.1038/s41598-025-02564-0
kozlowski_2025_scientific_reports,food_waste_torrefaction_240c,3,52,2.16666667,3,0.54166667,37,torrefaction_product,240,5.0,890.90000000,242.43333333,146.52652347,true,,experimental_publisher_supplement,10.1038/s41598-025-02564-0
kozlowski_2025_scientific_reports,food_waste_pyrolysis_600c,1,52,2.16666667,3,0.54166667,37,biochar,600,5.0,814.00000000,242.43333333,129.15031860,true,,experimental_publisher_supplement,10.1038/s41598-025-02564-0
kozlowski_2025_scientific_reports,food_waste_pyrolysis_600c,2,52,2.16666667,3,0.54166667,37,biochar,600,5.0,810.80000000,242.43333333,128.42725155,true,,experimental_publisher_supplement,10.1038/s41598-025-02564-0
kozlowski_2025_scientific_reports,food_waste_pyrolysis_600c,3,52,2.16666667,3,0.54166667,37,biochar,600,5.0,571.80000000,242.43333333,74.42318178,false,excluded_from_publisher_mean; inconsistent_raw_signal,experimental_publisher_supplement,10.1038/s41598-025-02564-0
kozlowski_2025_scientific_reports,food_waste_hydrochar_240c,1,52,2.16666667,3,0.54166667,37,hydrochar,240,5.0,861.10000000,242.43333333,139.79296164,true,,experimental_publisher_supplement,10.1038/s41598-025-02564-0
kozlowski_2025_scientific_reports,food_waste_hydrochar_240c,2,52,2.16666667,3,0.54166667,37,hydrochar,240,5.0,878.30000000,242.43333333,143.67944699,true,,experimental_publisher_supplement,10.1038/s41598-025-02564-0
kozlowski_2025_scientific_reports,food_waste_hydrochar_240c,3,52,2.16666667,3,0.54166667,37,hydrochar,240,5.0,873.10000000,242.43333333,142.50446305,true,,experimental_publisher_supplement,10.1038/s41598-025-02564-0
kozlowski_2025_scientific_reports,food_waste,1,53,2.20833333,3,0.55208333,37,none,,0.0,886.60000000,244.86666667,145.00506990,true,,experimental_publisher_supplement,10.1038/s41598-025-02564-0
kozlowski_2025_scientific_reports,food_waste,2,53,2.20833333,3,0.55208333,37,none,,0.0,881.70000000,244.86666667,143.89787349,true,,experimental_publisher_supplement,10.1038/s41598-025-02564-0
kozlowski_2025_scientific_reports,food_waste,3,53,2.20833333,3,0.55208333,37,none,,0.0,870.40000000,244.86666667,141.34454300,true,,experimental_publisher_supplement,10.1038/s41598-025-02564-0
kozlowski_2025_scientific_reports,food_waste_torrefaction_240c,1,53,2.20833333,3,0.55208333,37,torrefaction_product,240,5.0,907.20000000,244.86666667,149.65981399,true,,experimental_publisher_supplement,10.1038/s41598-025-02564-0
kozlowski_2025_scientific_reports,food_waste_torrefaction_240c,2,53,2.20833333,3,0.55208333,37,torrefaction_product,240,5.0,7.70000000,244.86666667,-53.58981261,false,excluded_from_publisher_mean; inconsistent_raw_signal,experimental_publisher_supplement,10.1038/s41598-025-02564-0
kozlowski_2025_scientific_reports,food_waste_torrefaction_240c,3,53,2.20833333,3,0.55208333,37,torrefaction_product,240,5.0,906.00000000,244.86666667,149.38866385,true,,experimental_publisher_supplement,10.1038/s41598-025-02564-0
kozlowski_2025_scientific_reports,food_waste_pyrolysis_600c,1,53,2.20833333,3,0.55208333,37,biochar,600,5.0,826.60000000,244.86666667,131.44756285,true,,experimental_publisher_supplement,10.1038/s41598-025-02564-0
kozlowski_2025_scientific_reports,food_waste_pyrolysis_600c,2,53,2.20833333,3,0.55208333,37,biochar,600,5.0,824.10000000,244.86666667,130.88266672,true,,experimental_publisher_supplement,10.1038/s41598-025-02564-0
kozlowski_2025_scientific_reports,food_waste_pyrolysis_600c,3,53,2.20833333,3,0.55208333,37,biochar,600,5.0,584.60000000,244.86666667,76.76561773,false,excluded_from_publisher_mean; inconsistent_raw_signal,experimental_publisher_supplement,10.1038/s41598-025-02564-0
kozlowski_2025_scientific_reports,food_waste_hydrochar_240c,1,53,2.20833333,3,0.55208333,37,hydrochar,240,5.0,875.70000000,244.86666667,142.54212279,true,,experimental_publisher_supplement,10.1038/s41598-025-02564-0
kozlowski_2025_scientific_reports,food_waste_hydrochar_240c,2,53,2.20833333,3,0.55208333,37,hydrochar,240,5.0,892.90000000,244.86666667,146.42860814,true,,experimental_publisher_supplement,10.1038/s41598-025-02564-0
kozlowski_2025_scientific_reports,food_waste_hydrochar_240c,3,53,2.20833333,3,0.55208333,37,hydrochar,240,5.0,887.60000000,244.86666667,145.23102835,true,,experimental_publisher_supplement,10.1038/s41598-025-02564-0
kozlowski_2025_scientific_reports,food_waste,1,54,2.25000000,3,0.56250000,37,none,,0.0,902.20000000,247.16666667,148.01031730,true,,experimental_publisher_supplement,10.1038/s41598-025-02564-0
kozlowski_2025_scientific_reports,food_waste,2,54,2.25000000,3,0.56250000,37,none,,0.0,896.00000000,247.16666667,146.60937490,true,,experimental_publisher_supplement,10.1038/s41598-025-02564-0
kozlowski_2025_scientific_reports,food_waste,3,54,2.25000000,3,0.56250000,37,none,,0.0,884.70000000,247.16666667,144.05604441,true,,experimental_publisher_supplement,10.1038/s41598-025-02564-0
kozlowski_2025_scientific_reports,food_waste_torrefaction_240c,1,54,2.25000000,3,0.56250000,37,torrefaction_product,240,5.0,922.00000000,247.16666667,152.48429463,true,,experimental_publisher_supplement,10.1038/s41598-025-02564-0
kozlowski_2025_scientific_reports,food_waste_torrefaction_240c,2,54,2.25000000,3,0.56250000,37,torrefaction_product,240,5.0,7.80000000,247.16666667,-54.08692120,false,excluded_from_publisher_mean; inconsistent_raw_signal,experimental_publisher_supplement,10.1038/s41598-025-02564-0
kozlowski_2025_scientific_reports,food_waste_torrefaction_240c,3,54,2.25000000,3,0.56250000,37,torrefaction_product,240,5.0,920.60000000,247.16666667,152.16795280,true,,experimental_publisher_supplement,10.1038/s41598-025-02564-0
kozlowski_2025_scientific_reports,food_waste_pyrolysis_600c,1,54,2.25000000,3,0.56250000,37,biochar,600,5.0,840.00000000,247.16666667,133.95570165,true,,experimental_publisher_supplement,10.1038/s41598-025-02564-0
kozlowski_2025_scientific_reports,food_waste_pyrolysis_600c,2,54,2.25000000,3,0.56250000,37,biochar,600,5.0,837.40000000,247.16666667,133.36820968,true,,experimental_publisher_supplement,10.1038/s41598-025-02564-0
kozlowski_2025_scientific_reports,food_waste_pyrolysis_600c,3,54,2.25000000,3,0.56250000,37,biochar,600,5.0,597.90000000,247.16666667,79.25116069,false,excluded_from_publisher_mean; inconsistent_raw_signal,experimental_publisher_supplement,10.1038/s41598-025-02564-0
kozlowski_2025_scientific_reports,food_waste_hydrochar_240c,1,54,2.25000000,3,0.56250000,37,hydrochar,240,5.0,890.30000000,247.16666667,145.32141173,true,,experimental_publisher_supplement,10.1038/s41598-025-02564-0
kozlowski_2025_scientific_reports,food_waste_hydrochar_240c,2,54,2.25000000,3,0.56250000,37,hydrochar,240,5.0,907.90000000,247.16666667,149.29828047,true,,experimental_publisher_supplement,10.1038/s41598-025-02564-0
kozlowski_2025_scientific_reports,food_waste_hydrochar_240c,3,54,2.25000000,3,0.56250000,37,hydrochar,240,5.0,902.40000000,247.16666667,148.05550899,true,,experimental_publisher_supplement,10.1038/s41598-025-02564-0
kozlowski_2025_scientific_reports,food_waste,1,55,2.29166667,3,0.57291667,37,none,,0.0,917.10000000,249.46666667,150.85739378,true,,experimental_publisher_supplement,10.1038/s41598-025-02564-0
kozlowski_2025_scientific_reports,food_waste,2,55,2.29166667,3,0.57291667,37,none,,0.0,910.40000000,249.46666667,149.34347216,true,,experimental_publisher_supplement,10.1038/s41598-025-02564-0
kozlowski_2025_scientific_reports,food_waste,3,55,2.29166667,3,0.57291667,37,none,,0.0,899.40000000,249.46666667,146.85792920,true,,experimental_publisher_supplement,10.1038/s41598-025-02564-0
kozlowski_2025_scientific_reports,food_waste_torrefaction_240c,1,55,2.29166667,3,0.57291667,37,torrefaction_product,240,5.0,936.40000000,249.46666667,155.21839188,true,,experimental_publisher_supplement,10.1038/s41598-025-02564-0
kozlowski_2025_scientific_reports,food_waste_torrefaction_240c,2,55,2.29166667,3,0.57291667,37,torrefaction_product,240,5.0,8.00000000,249.46666667,-54.56143395,false,excluded_from_publisher_mean; inconsistent_raw_signal,experimental_publisher_supplement,10.1038/s41598-025-02564-0
kozlowski_2025_scientific_reports,food_waste_torrefaction_240c,3,55,2.29166667,3,0.57291667,37,torrefaction_product,240,5.0,935.00000000,249.46666667,154.90205005,true,,experimental_publisher_supplement,10.1038/s41598-025-02564-0
kozlowski_2025_scientific_reports,food_waste_pyrolysis_600c,1,55,2.29166667,3,0.57291667,37,biochar,600,5.0,853.20000000,249.46666667,136.41864877,true,,experimental_publisher_supplement,10.1038/s41598-025-02564-0
kozlowski_2025_scientific_reports,food_waste_pyrolysis_600c,2,55,2.29166667,3,0.57291667,37,biochar,600,5.0,849.90000000,249.46666667,135.67298588,true,,experimental_publisher_supplement,10.1038/s41598-025-02564-0
kozlowski_2025_scientific_reports,food_waste_pyrolysis_600c,3,55,2.29166667,3,0.57291667,37,biochar,600,5.0,610.80000000,249.46666667,81.64632027,false,excluded_from_publisher_mean; inconsistent_raw_signal,experimental_publisher_supplement,10.1038/s41598-025-02564-0
kozlowski_2025_scientific_reports,food_waste_hydrochar_240c,1,55,2.29166667,3,0.57291667,37,hydrochar,240,5.0,905.20000000,249.46666667,148.16848822,true,,experimental_publisher_supplement,10.1038/s41598-025-02564-0
kozlowski_2025_scientific_reports,food_waste_hydrochar_240c,2,55,2.29166667,3,0.57291667,37,hydrochar,240,5.0,922.30000000,249.46666667,152.03237773,true,,experimental_publisher_supplement,10.1038/s41598-025-02564-0
kozlowski_2025_scientific_reports,food_waste_hydrochar_240c,3,55,2.29166667,3,0.57291667,37,hydrochar,240,5.0,917.60000000,249.46666667,150.97037301,true,,experimental_publisher_supplement,10.1038/s41598-025-02564-0
kozlowski_2025_scientific_reports,food_waste,1,56,2.33333333,3,0.58333333,37,none,,0.0,932.30000000,251.80000000,153.76472585,true,,experimental_publisher_supplement,10.1038/s41598-025-02564-0
kozlowski_2025_scientific_reports,food_waste,2,56,2.33333333,3,0.58333333,37,none,,0.0,924.90000000,251.80000000,152.09263331,true,,experimental_publisher_supplement,10.1038/s41598-025-02564-0
kozlowski_2025_scientific_reports,food_waste,3,56,2.33333333,3,0.58333333,37,none,,0.0,914.10000000,251.80000000,149.65228204,true,,experimental_publisher_supplement,10.1038/s41598-025-02564-0
kozlowski_2025_scientific_reports,food_waste_torrefaction_240c,1,56,2.33333333,3,0.58333333,37,torrefaction_product,240,5.0,951.00000000,251.80000000,157.99014888,true,,experimental_publisher_supplement,10.1038/s41598-025-02564-0
kozlowski_2025_scientific_reports,food_waste_torrefaction_240c,2,56,2.33333333,3,0.58333333,37,torrefaction_product,240,5.0,8.10000000,251.80000000,-55.06607449,false,excluded_from_publisher_mean; inconsistent_raw_signal,experimental_publisher_supplement,10.1038/s41598-025-02564-0
kozlowski_2025_scientific_reports,food_waste_torrefaction_240c,3,56,2.33333333,3,0.58333333,37,torrefaction_product,240,5.0,949.70000000,251.80000000,157.69640290,true,,experimental_publisher_supplement,10.1038/s41598-025-02564-0
kozlowski_2025_scientific_reports,food_waste_pyrolysis_600c,1,56,2.33333333,3,0.58333333,37,biochar,600,5.0,866.10000000,251.80000000,138.80627640,true,,experimental_publisher_supplement,10.1038/s41598-025-02564-0
kozlowski_2025_scientific_reports,food_waste_pyrolysis_600c,2,56,2.33333333,3,0.58333333,37,biochar,600,5.0,863.50000000,251.80000000,138.21878443,true,,experimental_publisher_supplement,10.1038/s41598-025-02564-0
kozlowski_2025_scientific_reports,food_waste_pyrolysis_600c,3,56,2.33333333,3,0.58333333,37,biochar,600,5.0,623.20000000,251.80000000,83.92096867,false,excluded_from_publisher_mean; inconsistent_raw_signal,experimental_publisher_supplement,10.1038/s41598-025-02564-0
kozlowski_2025_scientific_reports,food_waste_hydrochar_240c,1,56,2.33333333,3,0.58333333,37,hydrochar,240,5.0,919.50000000,251.80000000,150.87245768,true,,experimental_publisher_supplement,10.1038/s41598-025-02564-0
kozlowski_2025_scientific_reports,food_waste_hydrochar_240c,2,56,2.33333333,3,0.58333333,37,hydrochar,240,5.0,936.60000000,251.80000000,154.73634719,true,,experimental_publisher_supplement,10.1038/s41598-025-02564-0
kozlowski_2025_scientific_reports,food_waste_hydrochar_240c,3,56,2.33333333,3,0.58333333,37,hydrochar,240,5.0,932.50000000,251.80000000,153.80991754,true,,experimental_publisher_supplement,10.1038/s41598-025-02564-0
kozlowski_2025_scientific_reports,food_waste,1,57,2.37500000,3,0.59375000,37,none,,0.0,947.30000000,254.13333333,156.62686623,true,,experimental_publisher_supplement,10.1038/s41598-025-02564-0
kozlowski_2025_scientific_reports,food_waste,2,57,2.37500000,3,0.59375000,37,none,,0.0,940.00000000,254.13333333,154.97736954,true,,experimental_publisher_supplement,10.1038/s41598-025-02564-0
kozlowski_2025_scientific_reports,food_waste,3,57,2.37500000,3,0.59375000,37,none,,0.0,928.20000000,254.13333333,152.31105982,true,,experimental_publisher_supplement,10.1038/s41598-025-02564-0
kozlowski_2025_scientific_reports,food_waste_torrefaction_240c,1,57,2.37500000,3,0.59375000,37,torrefaction_product,240,5.0,966.20000000,254.13333333,160.89748095,true,,experimental_publisher_supplement,10.1038/s41598-025-02564-0
kozlowski_2025_scientific_reports,food_waste_torrefaction_240c,2,57,2.37500000,3,0.59375000,37,torrefaction_product,240,5.0,8.20000000,254.13333333,-55.57071503,false,excluded_from_publisher_mean; inconsistent_raw_signal,experimental_publisher_supplement,10.1038/s41598-025-02564-0
kozlowski_2025_scientific_reports,food_waste_torrefaction_240c,3,57,2.37500000,3,0.59375000,37,torrefaction_product,240,5.0,964.50000000,254.13333333,160.51335158,true,,experimental_publisher_supplement,10.1038/s41598-025-02564-0
kozlowski_2025_scientific_reports,food_waste_pyrolysis_600c,1,57,2.37500000,3,0.59375000,37,biochar,600,5.0,880.00000000,254.13333333,141.41986248,true,,experimental_publisher_supplement,10.1038/s41598-025-02564-0
kozlowski_2025_scientific_reports,food_waste_pyrolysis_600c,2,57,2.37500000,3,0.59375000,37,biochar,600,5.0,876.20000000,254.13333333,140.56122037,true,,experimental_publisher_supplement,10.1038/s41598-025-02564-0
kozlowski_2025_scientific_reports,food_waste_pyrolysis_600c,3,57,2.37500000,3,0.59375000,37,biochar,600,5.0,636.80000000,254.13333333,86.46676722,false,excluded_from_publisher_mean; inconsistent_raw_signal,experimental_publisher_supplement,10.1038/s41598-025-02564-0
kozlowski_2025_scientific_reports,food_waste_hydrochar_240c,1,57,2.37500000,3,0.59375000,37,hydrochar,240,5.0,934.00000000,254.13333333,153.62161883,true,,experimental_publisher_supplement,10.1038/s41598-025-02564-0
kozlowski_2025_scientific_reports,food_waste_hydrochar_240c,2,57,2.37500000,3,0.59375000,37,hydrochar,240,5.0,951.50000000,254.13333333,157.57589172,true,,experimental_publisher_supplement,10.1038/s41598-025-02564-0
kozlowski_2025_scientific_reports,food_waste_hydrochar_240c,3,57,2.37500000,3,0.59375000,37,hydrochar,240,5.0,947.00000000,254.13333333,156.55907869,true,,experimental_publisher_supplement,10.1038/s41598-025-02564-0
kozlowski_2025_scientific_reports,food_waste,1,58,2.41666667,3,0.60416667,37,none,,0.0,962.50000000,256.43333333,159.54173025,true,,experimental_publisher_supplement,10.1038/s41598-025-02564-0
kozlowski_2025_scientific_reports,food_waste,2,58,2.41666667,3,0.60416667,37,none,,0.0,954.20000000,256.43333333,157.66627510,true,,experimental_publisher_supplement,10.1038/s41598-025-02564-0
kozlowski_2025_scientific_reports,food_waste,3,58,2.41666667,3,0.60416667,37,none,,0.0,942.60000000,256.43333333,155.04515707,true,,experimental_publisher_supplement,10.1038/s41598-025-02564-0
kozlowski_2025_scientific_reports,food_waste_torrefaction_240c,1,58,2.41666667,3,0.60416667,37,torrefaction_product,240,5.0,981.30000000,256.43333333,163.78974912,true,,experimental_publisher_supplement,10.1038/s41598-025-02564-0
kozlowski_2025_scientific_reports,food_waste_torrefaction_240c,2,58,2.41666667,3,0.60416667,37,torrefaction_product,240,5.0,8.40000000,256.43333333,-56.04522778,false,excluded_from_publisher_mean; inconsistent_raw_signal,experimental_publisher_supplement,10.1038/s41598-025-02564-0
kozlowski_2025_scientific_reports,food_waste_torrefaction_240c,3,58,2.41666667,3,0.60416667,37,torrefaction_product,240,5.0,979.10000000,256.43333333,163.29264053,true,,experimental_publisher_supplement,10.1038/s41598-025-02564-0
kozlowski_2025_scientific_reports,food_waste_pyrolysis_600c,1,58,2.41666667,3,0.60416667,37,biochar,600,5.0,893.10000000,256.43333333,143.86021375,true,,experimental_publisher_supplement,10.1038/s41598-025-02564-0
kozlowski_2025_scientific_reports,food_waste_pyrolysis_600c,2,58,2.41666667,3,0.60416667,37,biochar,600,5.0,889.60000000,256.43333333,143.06935917,true,,experimental_publisher_supplement,10.1038/s41598-025-02564-0
kozlowski_2025_scientific_reports,food_waste_pyrolysis_600c,3,58,2.41666667,3,0.60416667,37,biochar,600,5.0,649.00000000,256.43333333,88.70375588,false,excluded_from_publisher_mean; inconsistent_raw_signal,experimental_publisher_supplement,10.1038/s41598-025-02564-0
kozlowski_2025_scientific_reports,food_waste_hydrochar_240c,1,58,2.41666667,3,0.60416667,37,hydrochar,240,5.0,949.10000000,256.43333333,156.51388700,true,,experimental_publisher_supplement,10.1038/s41598-025-02564-0
kozlowski_2025_scientific_reports,food_waste_hydrochar_240c,2,58,2.41666667,3,0.60416667,37,hydrochar,240,5.0,966.50000000,256.43333333,160.44556405,true,,experimental_publisher_supplement,10.1038/s41598-025-02564-0
kozlowski_2025_scientific_reports,food_waste_hydrochar_240c,3,58,2.41666667,3,0.60416667,37,hydrochar,240,5.0,961.40000000,256.43333333,159.29317595,true,,experimental_publisher_supplement,10.1038/s41598-025-02564-0
kozlowski_2025_scientific_reports,food_waste,1,59,2.45833333,3,0.61458333,37,none,,0.0,977.70000000,258.70000000,162.46412621,true,,experimental_publisher_supplement,10.1038/s41598-025-02564-0
kozlowski_2025_scientific_reports,food_waste,2,59,2.45833333,3,0.61458333,37,none,,0.0,968.30000000,258.70000000,160.34011677,true,,experimental_publisher_supplement,10.1038/s41598-025-02564-0
kozlowski_2025_scientific_reports,food_waste,3,59,2.45833333,3,0.61458333,37,none,,0.0,957.30000000,258.70000000,157.85457381,true,,experimental_publisher_supplement,10.1038/s41598-025-02564-0
kozlowski_2025_scientific_reports,food_waste_torrefaction_240c,1,59,2.45833333,3,0.61458333,37,torrefaction_product,240,5.0,995.50000000,258.70000000,166.48618664,true,,experimental_publisher_supplement,10.1038/s41598-025-02564-0
kozlowski_2025_scientific_reports,food_waste_torrefaction_240c,2,59,2.45833333,3,0.61458333,37,torrefaction_product,240,5.0,8.50000000,258.70000000,-56.53480442,false,excluded_from_publisher_mean; inconsistent_raw_signal,experimental_publisher_supplement,10.1038/s41598-025-02564-0
kozlowski_2025_scientific_reports,food_waste_torrefaction_240c,3,59,2.45833333,3,0.61458333,37,torrefaction_product,240,5.0,993.30000000,258.70000000,165.98907805,true,,experimental_publisher_supplement,10.1038/s41598-025-02564-0
kozlowski_2025_scientific_reports,food_waste_pyrolysis_600c,1,59,2.45833333,3,0.61458333,37,biochar,600,5.0,906.40000000,258.70000000,146.35328866,true,,experimental_publisher_supplement,10.1038/s41598-025-02564-0
kozlowski_2025_scientific_reports,food_waste_pyrolysis_600c,2,59,2.45833333,3,0.61458333,37,biochar,600,5.0,902.50000000,258.70000000,145.47205070,true,,experimental_publisher_supplement,10.1038/s41598-025-02564-0
kozlowski_2025_scientific_reports,food_waste_pyrolysis_600c,3,59,2.45833333,3,0.61458333,37,biochar,600,5.0,662.30000000,258.70000000,91.19683079,false,excluded_from_publisher_mean; inconsistent_raw_signal,experimental_publisher_supplement,10.1038/s41598-025-02564-0
kozlowski_2025_scientific_reports,food_waste_hydrochar_240c,1,59,2.45833333,3,0.61458333,37,hydrochar,240,5.0,964.10000000,258.70000000,159.39109128,true,,experimental_publisher_supplement,10.1038/s41598-025-02564-0
kozlowski_2025_scientific_reports,food_waste_hydrochar_240c,2,59,2.45833333,3,0.61458333,37,hydrochar,240,5.0,980.80000000,258.70000000,163.16459741,true,,experimental_publisher_supplement,10.1038/s41598-025-02564-0
kozlowski_2025_scientific_reports,food_waste_hydrochar_240c,3,59,2.45833333,3,0.61458333,37,hydrochar,240,5.0,976.20000000,258.70000000,162.12518853,true,,experimental_publisher_supplement,10.1038/s41598-025-02564-0
kozlowski_2025_scientific_reports,food_waste,1,60,2.50000000,3,0.62500000,37,none,,0.0,992.40000000,260.86666667,165.29613880,true,,experimental_publisher_supplement,10.1038/s41598-025-02564-0
kozlowski_2025_scientific_reports,food_waste,2,60,2.50000000,3,0.62500000,37,none,,0.0,982.60000000,260.86666667,163.08174598,true,,experimental_publisher_supplement,10.1038/s41598-025-02564-0
kozlowski_2025_scientific_reports,food_waste,3,60,2.50000000,3,0.62500000,37,none,,0.0,971.80000000,260.86666667,160.64139471,true,,experimental_publisher_supplement,10.1038/s41598-025-02564-0
kozlowski_2025_scientific_reports,food_waste_torrefaction_240c,1,60,2.50000000,3,0.62500000,37,torrefaction_product,240,5.0,1009.50000000,260.86666667,169.16002831,true,,experimental_publisher_supplement,10.1038/s41598-025-02564-0
kozlowski_2025_scientific_reports,food_waste_torrefaction_240c,2,60,2.50000000,3,0.62500000,37,torrefaction_product,240,5.0,21.50000000,260.86666667,-54.08692120,false,excluded_from_publisher_mean; inconsistent_raw_signal,experimental_publisher_supplement,10.1038/s41598-025-02564-0
kozlowski_2025_scientific_reports,food_waste_torrefaction_240c,3,60,2.50000000,3,0.62500000,37,torrefaction_product,240,5.0,1007.80000000,260.86666667,168.77589894,true,,experimental_publisher_supplement,10.1038/s41598-025-02564-0
kozlowski_2025_scientific_reports,food_waste_pyrolysis_600c,1,60,2.50000000,3,0.62500000,37,biochar,600,5.0,919.20000000,260.86666667,148.75598019,true,,experimental_publisher_supplement,10.1038/s41598-025-02564-0
kozlowski_2025_scientific_reports,food_waste_pyrolysis_600c,2,60,2.50000000,3,0.62500000,37,biochar,600,5.0,915.60000000,260.86666667,147.94252977,true,,experimental_publisher_supplement,10.1038/s41598-025-02564-0
kozlowski_2025_scientific_reports,food_waste_pyrolysis_600c,3,60,2.50000000,3,0.62500000,37,biochar,600,5.0,674.80000000,260.86666667,93.53173478,false,excluded_from_publisher_mean; inconsistent_raw_signal,experimental_publisher_supplement,10.1038/s41598-025-02564-0
kozlowski_2025_scientific_reports,food_waste_hydrochar_240c,1,60,2.50000000,3,0.62500000,37,hydrochar,240,5.0,978.30000000,260.86666667,162.11012464,true,,experimental_publisher_supplement,10.1038/s41598-025-02564-0
kozlowski_2025_scientific_reports,food_waste_hydrochar_240c,2,60,2.50000000,3,0.62500000,37,hydrochar,240,5.0,995.00000000,260.86666667,165.88363077,true,,experimental_publisher_supplement,10.1038/s41598-025-02564-0
kozlowski_2025_scientific_reports,food_waste_hydrochar_240c,3,60,2.50000000,3,0.62500000,37,hydrochar,240,5.0,991.10000000,260.86666667,165.00239281,true,,experimental_publisher_supplement,10.1038/s41598-025-02564-0
kozlowski_2025_scientific_reports,food_waste,1,61,2.54166667,3,0.63541667,37,none,,0.0,1007.10000000,263.00000000,168.13568333,true,,experimental_publisher_supplement,10.1038/s41598-025-02564-0
kozlowski_2025_scientific_reports,food_waste,2,61,2.54166667,3,0.63541667,37,none,,0.0,996.80000000,263.00000000,165.80831128,true,,experimental_publisher_supplement,10.1038/s41598-025-02564-0
kozlowski_2025_scientific_reports,food_waste,3,61,2.54166667,3,0.63541667,37,none,,0.0,985.70000000,263.00000000,163.30017248,true,,experimental_publisher_supplement,10.1038/s41598-025-02564-0
kozlowski_2025_scientific_reports,food_waste_torrefaction_240c,1,61,2.54166667,3,0.63541667,37,torrefaction_product,240,5.0,1024.40000000,263.00000000,172.04476453,true,,experimental_publisher_supplement,10.1038/s41598-025-02564-0
kozlowski_2025_scientific_reports,food_waste_torrefaction_240c,2,61,2.54166667,3,0.63541667,37,torrefaction_product,240,5.0,35.60000000,263.00000000,-51.38295174,false,excluded_from_publisher_mean; inconsistent_raw_signal,experimental_publisher_supplement,10.1038/s41598-025-02564-0
kozlowski_2025_scientific_reports,food_waste_torrefaction_240c,3,61,2.54166667,3,0.63541667,37,torrefaction_product,240,5.0,1022.60000000,263.00000000,171.63803932,true,,experimental_publisher_supplement,10.1038/s41598-025-02564-0
kozlowski_2025_scientific_reports,food_waste_pyrolysis_600c,1,61,2.54166667,3,0.63541667,37,biochar,600,5.0,932.20000000,263.00000000,151.21139536,true,,experimental_publisher_supplement,10.1038/s41598-025-02564-0
kozlowski_2025_scientific_reports,food_waste_pyrolysis_600c,2,61,2.54166667,3,0.63541667,37,biochar,600,5.0,928.70000000,263.00000000,150.42054078,true,,experimental_publisher_supplement,10.1038/s41598-025-02564-0
kozlowski_2025_scientific_reports,food_waste_pyrolysis_600c,3,61,2.54166667,3,0.63541667,37,biochar,600,5.0,687.90000000,263.00000000,96.00974580,false,excluded_from_publisher_mean; inconsistent_raw_signal,experimental_publisher_supplement,10.1038/s41598-025-02564-0
kozlowski_2025_scientific_reports,food_waste_hydrochar_240c,1,61,2.54166667,3,0.63541667,37,hydrochar,240,5.0,992.30000000,263.00000000,164.79149826,true,,experimental_publisher_supplement,10.1038/s41598-025-02564-0
kozlowski_2025_scientific_reports,food_waste_hydrochar_240c,2,61,2.54166667,3,0.63541667,37,hydrochar,240,5.0,1009.30000000,263.00000000,168.63279192,true,,experimental_publisher_supplement,10.1038/s41598-025-02564-0
kozlowski_2025_scientific_reports,food_waste_hydrochar_240c,3,61,2.54166667,3,0.63541667,37,hydrochar,240,5.0,1005.60000000,263.00000000,167.79674565,true,,experimental_publisher_supplement,10.1038/s41598-025-02564-0
kozlowski_2025_scientific_reports,food_waste,1,62,2.58333333,3,0.64583333,37,none,,0.0,1021.50000000,265.13333333,170.90744033,true,,experimental_publisher_supplement,10.1038/s41598-025-02564-0
kozlowski_2025_scientific_reports,food_waste,2,62,2.58333333,3,0.64583333,37,none,,0.0,1010.00000000,265.13333333,168.30891814,true,,experimental_publisher_supplement,10.1038/s41598-025-02564-0
kozlowski_2025_scientific_reports,food_waste,3,62,2.58333333,3,0.64583333,37,none,,0.0,999.60000000,265.13333333,165.95895025,true,,experimental_publisher_supplement,10.1038/s41598-025-02564-0
kozlowski_2025_scientific_reports,food_waste_torrefaction_240c,1,62,2.58333333,3,0.64583333,37,torrefaction_product,240,5.0,1038.70000000,265.13333333,174.79392568,true,,experimental_publisher_supplement,10.1038/s41598-025-02564-0
kozlowski_2025_scientific_reports,food_waste_torrefaction_240c,2,62,2.58333333,3,0.64583333,37,torrefaction_product,240,5.0,50.10000000,265.13333333,-48.58859890,false,excluded_from_publisher_mean; inconsistent_raw_signal,experimental_publisher_supplement,10.1038/s41598-025-02564-0
kozlowski_2025_scientific_reports,food_waste_torrefaction_240c,3,62,2.58333333,3,0.64583333,37,torrefaction_product,240,5.0,1036.90000000,265.13333333,174.38720047,true,,experimental_publisher_supplement,10.1038/s41598-025-02564-0
kozlowski_2025_scientific_reports,food_waste_pyrolysis_600c,1,62,2.58333333,3,0.64583333,37,biochar,600,5.0,945.20000000,265.13333333,153.66681052,true,,experimental_publisher_supplement,10.1038/s41598-025-02564-0
kozlowski_2025_scientific_reports,food_waste_pyrolysis_600c,2,62,2.58333333,3,0.64583333,37,biochar,600,5.0,941.30000000,265.13333333,152.78557256,true,,experimental_publisher_supplement,10.1038/s41598-025-02564-0
kozlowski_2025_scientific_reports,food_waste_pyrolysis_600c,3,62,2.58333333,3,0.64583333,37,biochar,600,5.0,700.30000000,265.13333333,98.32958589,false,excluded_from_publisher_mean; inconsistent_raw_signal,experimental_publisher_supplement,10.1038/s41598-025-02564-0
kozlowski_2025_scientific_reports,food_waste_hydrochar_240c,1,62,2.58333333,3,0.64583333,37,hydrochar,240,5.0,1006.70000000,265.13333333,167.56325525,true,,experimental_publisher_supplement,10.1038/s41598-025-02564-0
kozlowski_2025_scientific_reports,food_waste_hydrochar_240c,2,62,2.58333333,3,0.64583333,37,hydrochar,240,5.0,1023.50000000,265.13333333,171.35935723,true,,experimental_publisher_supplement,10.1038/s41598-025-02564-0
kozlowski_2025_scientific_reports,food_waste_hydrochar_240c,3,62,2.58333333,3,0.64583333,37,hydrochar,240,5.0,1019.80000000,265.13333333,170.52331096,true,,experimental_publisher_supplement,10.1038/s41598-025-02564-0
kozlowski_2025_scientific_reports,food_waste,1,63,2.62500000,3,0.65625000,37,none,,0.0,1036.00000000,267.30000000,173.69426122,true,,experimental_publisher_supplement,10.1038/s41598-025-02564-0
kozlowski_2025_scientific_reports,food_waste,2,63,2.62500000,3,0.65625000,37,none,,0.0,1024.10000000,267.30000000,171.00535566,true,,experimental_publisher_supplement,10.1038/s41598-025-02564-0
kozlowski_2025_scientific_reports,food_waste,3,63,2.62500000,3,0.65625000,37,none,,0.0,1014.10000000,267.30000000,168.74577115,true,,experimental_publisher_supplement,10.1038/s41598-025-02564-0
kozlowski_2025_scientific_reports,food_waste_torrefaction_240c,1,63,2.62500000,3,0.65625000,37,torrefaction_product,240,5.0,1052.50000000,267.30000000,177.42257566,true,,experimental_publisher_supplement,10.1038/s41598-025-02564-0
kozlowski_2025_scientific_reports,food_waste_torrefaction_240c,2,63,2.62500000,3,0.65625000,37,torrefaction_product,240,5.0,64.50000000,267.30000000,-45.82437385,false,excluded_from_publisher_mean; inconsistent_raw_signal,experimental_publisher_supplement,10.1038/s41598-025-02564-0
kozlowski_2025_scientific_reports,food_waste_torrefaction_240c,3,63,2.62500000,3,0.65625000,37,torrefaction_product,240,5.0,1051.00000000,267.30000000,177.08363799,true,,experimental_publisher_supplement,10.1038/s41598-025-02564-0
kozlowski_2025_scientific_reports,food_waste_pyrolysis_600c,1,63,2.62500000,3,0.65625000,37,biochar,600,5.0,957.80000000,267.30000000,156.02431036,true,,experimental_publisher_supplement,10.1038/s41598-025-02564-0
kozlowski_2025_scientific_reports,food_waste_pyrolysis_600c,2,63,2.62500000,3,0.65625000,37,biochar,600,5.0,954.40000000,267.30000000,155.25605163,true,,experimental_publisher_supplement,10.1038/s41598-025-02564-0
kozlowski_2025_scientific_reports,food_waste_pyrolysis_600c,3,63,2.62500000,3,0.65625000,37,biochar,600,5.0,713.40000000,267.30000000,100.80006496,false,excluded_from_publisher_mean; inconsistent_raw_signal,experimental_publisher_supplement,10.1038/s41598-025-02564-0
kozlowski_2025_scientific_reports,food_waste_hydrochar_240c,1,63,2.62500000,3,0.65625000,37,hydrochar,240,5.0,1020.80000000,267.30000000,170.25969277,true,,experimental_publisher_supplement,10.1038/s41598-025-02564-0
kozlowski_2025_scientific_reports,food_waste_hydrochar_240c,2,63,2.62500000,3,0.65625000,37,hydrochar,240,5.0,1037.40000000,267.30000000,174.01060305,true,,experimental_publisher_supplement,10.1038/s41598-025-02564-0
kozlowski_2025_scientific_reports,food_waste_hydrochar_240c,3,63,2.62500000,3,0.65625000,37,hydrochar,240,5.0,1034.20000000,267.30000000,173.28753601,true,,experimental_publisher_supplement,10.1038/s41598-025-02564-0
kozlowski_2025_scientific_reports,food_waste,1,64,2.66666667,3,0.66666667,37,none,,0.0,1051.00000000,269.50000000,176.58652939,true,,experimental_publisher_supplement,10.1038/s41598-025-02564-0
kozlowski_2025_scientific_reports,food_waste,2,64,2.66666667,3,0.66666667,37,none,,0.0,1038.20000000,269.50000000,173.69426122,true,,experimental_publisher_supplement,10.1038/s41598-025-02564-0
kozlowski_2025_scientific_reports,food_waste,3,64,2.66666667,3,0.66666667,37,none,,0.0,1027.70000000,269.50000000,171.32169749,true,,experimental_publisher_supplement,10.1038/s41598-025-02564-0
kozlowski_2025_scientific_reports,food_waste_torrefaction_240c,1,64,2.66666667,3,0.66666667,37,torrefaction_product,240,5.0,1066.70000000,269.50000000,180.13407707,true,,experimental_publisher_supplement,10.1038/s41598-025-02564-0
kozlowski_2025_scientific_reports,food_waste_torrefaction_240c,2,64,2.66666667,3,0.66666667,37,torrefaction_product,240,5.0,78.40000000,269.50000000,-43.18065997,false,excluded_from_publisher_mean; inconsistent_raw_signal,experimental_publisher_supplement,10.1038/s41598-025-02564-0
kozlowski_2025_scientific_reports,food_waste_torrefaction_240c,3,64,2.66666667,3,0.66666667,37,torrefaction_product,240,5.0,1065.40000000,269.50000000,179.84033109,true,,experimental_publisher_supplement,10.1038/s41598-025-02564-0
kozlowski_2025_scientific_reports,food_waste_pyrolysis_600c,1,64,2.66666667,3,0.66666667,37,biochar,600,5.0,971.10000000,269.50000000,158.53244916,true,,experimental_publisher_supplement,10.1038/s41598-025-02564-0
kozlowski_2025_scientific_reports,food_waste_pyrolysis_600c,2,64,2.66666667,3,0.66666667,37,biochar,600,5.0,967.00000000,269.50000000,157.60601952,true,,experimental_publisher_supplement,10.1038/s41598-025-02564-0
kozlowski_2025_scientific_reports,food_waste_pyrolysis_600c,3,64,2.66666667,3,0.66666667,37,biochar,600,5.0,726.10000000,269.50000000,103.17262869,false,excluded_from_publisher_mean; inconsistent_raw_signal,experimental_publisher_supplement,10.1038/s41598-025-02564-0
kozlowski_2025_scientific_reports,food_waste_hydrochar_240c,1,64,2.66666667,3,0.66666667,37,hydrochar,240,5.0,1034.70000000,269.50000000,172.90340664,true,,experimental_publisher_supplement,10.1038/s41598-025-02564-0
kozlowski_2025_scientific_reports,food_waste_hydrochar_240c,2,64,2.66666667,3,0.66666667,37,hydrochar,240,5.0,1051.00000000,269.50000000,176.58652939,true,,experimental_publisher_supplement,10.1038/s41598-025-02564-0
kozlowski_2025_scientific_reports,food_waste_hydrochar_240c,3,64,2.66666667,3,0.66666667,37,hydrochar,240,5.0,1048.80000000,269.50000000,176.08942080,true,,experimental_publisher_supplement,10.1038/s41598-025-02564-0
kozlowski_2025_scientific_reports,food_waste,1,65,2.70833333,3,0.67708333,37,none,,0.0,1065.20000000,271.66666667,179.30556275,true,,experimental_publisher_supplement,10.1038/s41598-025-02564-0
kozlowski_2025_scientific_reports,food_waste,2,65,2.70833333,3,0.67708333,37,none,,0.0,1051.20000000,271.66666667,176.14214444,true,,experimental_publisher_supplement,10.1038/s41598-025-02564-0
kozlowski_2025_scientific_reports,food_waste,3,65,2.70833333,3,0.67708333,37,none,,0.0,1041.50000000,271.66666667,173.95034747,true,,experimental_publisher_supplement,10.1038/s41598-025-02564-0
kozlowski_2025_scientific_reports,food_waste_torrefaction_240c,1,65,2.70833333,3,0.67708333,37,torrefaction_product,240,5.0,1081.10000000,271.66666667,182.89830212,true,,experimental_publisher_supplement,10.1038/s41598-025-02564-0
kozlowski_2025_scientific_reports,food_waste_torrefaction_240c,2,65,2.70833333,3,0.67708333,37,torrefaction_product,240,5.0,92.50000000,271.66666667,-40.48422246,false,excluded_from_publisher_mean; inconsistent_raw_signal,experimental_publisher_supplement,10.1038/s41598-025-02564-0
kozlowski_2025_scientific_reports,food_waste_torrefaction_240c,3,65,2.70833333,3,0.67708333,37,torrefaction_product,240,5.0,1079.70000000,271.66666667,182.58196029,true,,experimental_publisher_supplement,10.1038/s41598-025-02564-0
kozlowski_2025_scientific_reports,food_waste_pyrolysis_600c,1,65,2.70833333,3,0.67708333,37,biochar,600,5.0,983.80000000,271.66666667,160.91254485,true,,experimental_publisher_supplement,10.1038/s41598-025-02564-0
kozlowski_2025_scientific_reports,food_waste_pyrolysis_600c,2,65,2.70833333,3,0.67708333,37,biochar,600,5.0,980.30000000,271.66666667,160.12169027,true,,experimental_publisher_supplement,10.1038/s41598-025-02564-0
kozlowski_2025_scientific_reports,food_waste_pyrolysis_600c,3,65,2.70833333,3,0.67708333,37,biochar,600,5.0,738.80000000,271.66666667,105.55272437,false,excluded_from_publisher_mean; inconsistent_raw_signal,experimental_publisher_supplement,10.1038/s41598-025-02564-0
kozlowski_2025_scientific_reports,food_waste_hydrochar_240c,1,65,2.70833333,3,0.67708333,37,hydrochar,240,5.0,1049.00000000,271.66666667,175.64503585,true,,experimental_publisher_supplement,10.1038/s41598-025-02564-0
kozlowski_2025_scientific_reports,food_waste_hydrochar_240c,2,65,2.70833333,3,0.67708333,37,hydrochar,240,5.0,1065.50000000,271.66666667,179.37335029,true,,experimental_publisher_supplement,10.1038/s41598-025-02564-0
kozlowski_2025_scientific_reports,food_waste_hydrochar_240c,3,65,2.70833333,3,0.67708333,37,hydrochar,240,5.0,1063.00000000,271.66666667,178.80845416,true,,experimental_publisher_supplement,10.1038/s41598-025-02564-0
kozlowski_2025_scientific_reports,food_waste,1,66,2.75000000,3,0.68750000,37,none,,0.0,1079.30000000,273.83333333,182.00200027,true,,experimental_publisher_supplement,10.1038/s41598-025-02564-0
kozlowski_2025_scientific_reports,food_waste,2,66,2.75000000,3,0.68750000,37,none,,0.0,1065.10000000,273.83333333,178.79339026,true,,experimental_publisher_supplement,10.1038/s41598-025-02564-0
kozlowski_2025_scientific_reports,food_waste,3,66,2.75000000,3,0.68750000,37,none,,0.0,1055.60000000,273.83333333,176.64678498,true,,experimental_publisher_supplement,10.1038/s41598-025-02564-0
kozlowski_2025_scientific_reports,food_waste_torrefaction_240c,1,66,2.75000000,3,0.68750000,37,torrefaction_product,240,5.0,1094.90000000,273.83333333,185.52695210,true,,experimental_publisher_supplement,10.1038/s41598-025-02564-0
kozlowski_2025_scientific_reports,food_waste_torrefaction_240c,2,66,2.75000000,3,0.68750000,37,torrefaction_product,240,5.0,94.80000000,273.83333333,-40.45409466,false,excluded_from_publisher_mean; inconsistent_raw_signal,experimental_publisher_supplement,10.1038/s41598-025-02564-0
kozlowski_2025_scientific_reports,food_waste_torrefaction_240c,3,66,2.75000000,3,0.68750000,37,torrefaction_product,240,5.0,1093.70000000,273.83333333,185.25580196,true,,experimental_publisher_supplement,10.1038/s41598-025-02564-0
kozlowski_2025_scientific_reports,food_waste_pyrolysis_600c,1,66,2.75000000,3,0.68750000,37,biochar,600,5.0,997.20000000,273.83333333,163.45081145,true,,experimental_publisher_supplement,10.1038/s41598-025-02564-0
kozlowski_2025_scientific_reports,food_waste_pyrolysis_600c,2,66,2.75000000,3,0.68750000,37,biochar,600,5.0,993.00000000,273.83333333,162.50178595,true,,experimental_publisher_supplement,10.1038/s41598-025-02564-0
kozlowski_2025_scientific_reports,food_waste_pyrolysis_600c,3,66,2.75000000,3,0.68750000,37,biochar,600,5.0,752.00000000,273.83333333,108.04579928,false,excluded_from_publisher_mean; inconsistent_raw_signal,experimental_publisher_supplement,10.1038/s41598-025-02564-0
kozlowski_2025_scientific_reports,food_waste_hydrochar_240c,1,66,2.75000000,3,0.68750000,37,hydrochar,240,5.0,1063.10000000,273.83333333,178.34147336,true,,experimental_publisher_supplement,10.1038/s41598-025-02564-0
kozlowski_2025_scientific_reports,food_waste_hydrochar_240c,2,66,2.75000000,3,0.68750000,37,hydrochar,240,5.0,1079.30000000,273.83333333,182.00200027,true,,experimental_publisher_supplement,10.1038/s41598-025-02564-0
kozlowski_2025_scientific_reports,food_waste_hydrochar_240c,3,66,2.75000000,3,0.68750000,37,hydrochar,240,5.0,1077.00000000,273.83333333,181.48229583,true,,experimental_publisher_supplement,10.1038/s41598-025-02564-0
kozlowski_2025_scientific_reports,food_waste,1,67,2.79166667,3,0.69791667,37,none,,0.0,1093.80000000,275.96666667,184.79635311,true,,experimental_publisher_supplement,10.1038/s41598-025-02564-0
kozlowski_2025_scientific_reports,food_waste,2,67,2.79166667,3,0.69791667,37,none,,0.0,1078.40000000,275.96666667,181.31659297,true,,experimental_publisher_supplement,10.1038/s41598-025-02564-0
kozlowski_2025_scientific_reports,food_waste,3,67,2.79166667,3,0.69791667,37,none,,0.0,1069.00000000,275.96666667,179.19258353,true,,experimental_publisher_supplement,10.1038/s41598-025-02564-0
kozlowski_2025_scientific_reports,food_waste_torrefaction_240c,1,67,2.79166667,3,0.69791667,37,torrefaction_product,240,5.0,1108.90000000,275.96666667,188.20832572,true,,experimental_publisher_supplement,10.1038/s41598-025-02564-0
kozlowski_2025_scientific_reports,food_waste_torrefaction_240c,2,67,2.79166667,3,0.69791667,37,torrefaction_product,240,5.0,95.80000000,275.96666667,-40.71018091,false,excluded_from_publisher_mean; inconsistent_raw_signal,experimental_publisher_supplement,10.1038/s41598-025-02564-0
kozlowski_2025_scientific_reports,food_waste_torrefaction_240c,3,67,2.79166667,3,0.69791667,37,torrefaction_product,240,5.0,1107.90000000,275.96666667,187.98236727,true,,experimental_publisher_supplement,10.1038/s41598-025-02564-0
kozlowski_2025_scientific_reports,food_waste_pyrolysis_600c,1,67,2.79166667,3,0.69791667,37,biochar,600,5.0,1010.00000000,275.96666667,165.86103492,true,,experimental_publisher_supplement,10.1038/s41598-025-02564-0
kozlowski_2025_scientific_reports,food_waste_pyrolysis_600c,2,67,2.79166667,3,0.69791667,37,biochar,600,5.0,1006.40000000,275.96666667,165.04758450,true,,experimental_publisher_supplement,10.1038/s41598-025-02564-0
kozlowski_2025_scientific_reports,food_waste_pyrolysis_600c,3,67,2.79166667,3,0.69791667,37,biochar,600,5.0,764.60000000,275.96666667,110.41083107,false,excluded_from_publisher_mean; inconsistent_raw_signal,experimental_publisher_supplement,10.1038/s41598-025-02564-0
kozlowski_2025_scientific_reports,food_waste_hydrochar_240c,1,67,2.79166667,3,0.69791667,37,hydrochar,240,5.0,1076.90000000,275.96666667,180.97765529,true,,experimental_publisher_supplement,10.1038/s41598-025-02564-0
kozlowski_2025_scientific_reports,food_waste_hydrochar_240c,2,67,2.79166667,3,0.69791667,37,hydrochar,240,5.0,1093.00000000,275.96666667,184.61558635,true,,experimental_publisher_supplement,10.1038/s41598-025-02564-0
kozlowski_2025_scientific_reports,food_waste_hydrochar_240c,3,67,2.79166667,3,0.69791667,37,hydrochar,240,5.0,1091.30000000,275.96666667,184.23145698,true,,experimental_publisher_supplement,10.1038/s41598-025-02564-0
kozlowski_2025_scientific_reports,food_waste,1,68,2.83333333,3,0.70833333,37,none,,0.0,1107.90000000,278.10000000,187.50032257,true,,experimental_publisher_supplement,10.1038/s41598-025-02564-0
kozlowski_2025_scientific_reports,food_waste,2,68,2.83333333,3,0.70833333,37,none,,0.0,1091.80000000,278.10000000,183.86239151,true,,experimental_publisher_supplement,10.1038/s41598-025-02564-0
kozlowski_2025_scientific_reports,food_waste,3,68,2.83333333,3,0.70833333,37,none,,0.0,1082.60000000,278.10000000,181.78357376,true,,experimental_publisher_supplement,10.1038/s41598-025-02564-0
kozlowski_2025_scientific_reports,food_waste_torrefaction_240c,1,68,2.83333333,3,0.70833333,37,torrefaction_product,240,5.0,1123.00000000,278.10000000,190.91229518,true,,experimental_publisher_supplement,10.1038/s41598-025-02564-0
kozlowski_2025_scientific_reports,food_waste_torrefaction_240c,2,68,2.83333333,3,0.70833333,37,torrefaction_product,240,5.0,96.80000000,278.10000000,-40.96626715,false,excluded_from_publisher_mean; inconsistent_raw_signal,experimental_publisher_supplement,10.1038/s41598-025-02564-0
kozlowski_2025_scientific_reports,food_waste_torrefaction_240c,3,68,2.83333333,3,0.70833333,37,torrefaction_product,240,5.0,1122.10000000,278.10000000,190.70893258,true,,experimental_publisher_supplement,10.1038/s41598-025-02564-0
kozlowski_2025_scientific_reports,food_waste_pyrolysis_600c,1,68,2.83333333,3,0.70833333,37,biochar,600,5.0,1023.30000000,278.10000000,168.38423762,true,,experimental_publisher_supplement,10.1038/s41598-025-02564-0
kozlowski_2025_scientific_reports,food_waste_pyrolysis_600c,2,68,2.83333333,3,0.70833333,37,biochar,600,5.0,1019.10000000,278.10000000,167.43521213,true,,experimental_publisher_supplement,10.1038/s41598-025-02564-0
kozlowski_2025_scientific_reports,food_waste_pyrolysis_600c,3,68,2.83333333,3,0.70833333,37,biochar,600,5.0,777.60000000,278.10000000,112.86624623,false,excluded_from_publisher_mean; inconsistent_raw_signal,experimental_publisher_supplement,10.1038/s41598-025-02564-0
kozlowski_2025_scientific_reports,food_waste_hydrochar_240c,1,68,2.83333333,3,0.70833333,37,hydrochar,240,5.0,1090.80000000,278.10000000,183.63643306,true,,experimental_publisher_supplement,10.1038/s41598-025-02564-0
kozlowski_2025_scientific_reports,food_waste_hydrochar_240c,2,68,2.83333333,3,0.70833333,37,hydrochar,240,5.0,1106.90000000,278.10000000,187.27436412,true,,experimental_publisher_supplement,10.1038/s41598-025-02564-0
kozlowski_2025_scientific_reports,food_waste_hydrochar_240c,3,68,2.83333333,3,0.70833333,37,hydrochar,240,5.0,1105.20000000,278.10000000,186.89023476,true,,experimental_publisher_supplement,10.1038/s41598-025-02564-0
kozlowski_2025_scientific_reports,food_waste,1,69,2.87500000,3,0.71875000,37,none,,0.0,1121.70000000,280.20000000,190.14403645,true,,experimental_publisher_supplement,10.1038/s41598-025-02564-0
kozlowski_2025_scientific_reports,food_waste,2,69,2.87500000,3,0.71875000,37,none,,0.0,1105.20000000,280.20000000,186.41572201,true,,experimental_publisher_supplement,10.1038/s41598-025-02564-0
kozlowski_2025_scientific_reports,food_waste,3,69,2.87500000,3,0.71875000,37,none,,0.0,1096.50000000,280.20000000,184.44988349,true,,experimental_publisher_supplement,10.1038/s41598-025-02564-0
kozlowski_2025_scientific_reports,food_waste_torrefaction_240c,1,69,2.87500000,3,0.71875000,37,torrefaction_product,240,5.0,1137.00000000,280.20000000,193.60120075,true,,experimental_publisher_supplement,10.1038/s41598-025-02564-0
kozlowski_2025_scientific_reports,food_waste_torrefaction_240c,2,69,2.87500000,3,0.71875000,37,torrefaction_product,240,5.0,97.70000000,280.20000000,-41.23741729,false,excluded_from_publisher_mean; inconsistent_raw_signal,experimental_publisher_supplement,10.1038/s41598-025-02564-0
kozlowski_2025_scientific_reports,food_waste_torrefaction_240c,3,69,2.87500000,3,0.71875000,37,torrefaction_product,240,5.0,1135.80000000,280.20000000,193.33005061,true,,experimental_publisher_supplement,10.1038/s41598-025-02564-0
kozlowski_2025_scientific_reports,food_waste_pyrolysis_600c,1,69,2.87500000,3,0.71875000,37,biochar,600,5.0,1036.10000000,280.20000000,170.80199305,true,,experimental_publisher_supplement,10.1038/s41598-025-02564-0
kozlowski_2025_scientific_reports,food_waste_pyrolysis_600c,2,69,2.87500000,3,0.71875000,37,biochar,600,5.0,1032.10000000,280.20000000,169.89815925,true,,experimental_publisher_supplement,10.1038/s41598-025-02564-0
kozlowski_2025_scientific_reports,food_waste_pyrolysis_600c,3,69,2.87500000,3,0.71875000,37,biochar,600,5.0,790.30000000,280.20000000,115.26140581,false,excluded_from_publisher_mean; inconsistent_raw_signal,experimental_publisher_supplement,10.1038/s41598-025-02564-0
kozlowski_2025_scientific_reports,food_waste_hydrochar_240c,1,69,2.87500000,3,0.71875000,37,hydrochar,240,5.0,1104.80000000,280.20000000,186.32533863,true,,experimental_publisher_supplement,10.1038/s41598-025-02564-0
kozlowski_2025_scientific_reports,food_waste_hydrochar_240c,2,69,2.87500000,3,0.71875000,37,hydrochar,240,5.0,1120.20000000,280.20000000,189.80509877,true,,experimental_publisher_supplement,10.1038/s41598-025-02564-0
kozlowski_2025_scientific_reports,food_waste_hydrochar_240c,3,69,2.87500000,3,0.71875000,37,hydrochar,240,5.0,1119.10000000,280.20000000,189.55654448,true,,experimental_publisher_supplement,10.1038/s41598-025-02564-0
kozlowski_2025_scientific_reports,food_waste,1,70,2.91666667,3,0.72916667,37,none,,0.0,1135.50000000,282.23333333,192.80281422,true,,experimental_publisher_supplement,10.1038/s41598-025-02564-0
kozlowski_2025_scientific_reports,food_waste,2,70,2.91666667,3,0.72916667,37,none,,0.0,1118.60000000,282.23333333,188.98411640,true,,experimental_publisher_supplement,10.1038/s41598-025-02564-0
kozlowski_2025_scientific_reports,food_waste,3,70,2.91666667,3,0.72916667,37,none,,0.0,1109.80000000,282.23333333,186.99568203,true,,experimental_publisher_supplement,10.1038/s41598-025-02564-0
kozlowski_2025_scientific_reports,food_waste_torrefaction_240c,1,70,2.91666667,3,0.72916667,37,torrefaction_product,240,5.0,1150.80000000,282.23333333,196.25997852,true,,experimental_publisher_supplement,10.1038/s41598-025-02564-0
kozlowski_2025_scientific_reports,food_waste_torrefaction_240c,2,70,2.91666667,3,0.72916667,37,torrefaction_product,240,5.0,98.70000000,282.23333333,-41.47090769,false,excluded_from_publisher_mean; inconsistent_raw_signal,experimental_publisher_supplement,10.1038/s41598-025-02564-0
kozlowski_2025_scientific_reports,food_waste_torrefaction_240c,3,70,2.91666667,3,0.72916667,37,torrefaction_product,240,5.0,1149.40000000,282.23333333,195.94363669,true,,experimental_publisher_supplement,10.1038/s41598-025-02564-0
kozlowski_2025_scientific_reports,food_waste_pyrolysis_600c,1,70,2.91666667,3,0.72916667,37,biochar,600,5.0,1049.00000000,282.23333333,173.25740822,true,,experimental_publisher_supplement,10.1038/s41598-025-02564-0
kozlowski_2025_scientific_reports,food_waste_pyrolysis_600c,2,70,2.91666667,3,0.72916667,37,biochar,600,5.0,1044.80000000,282.23333333,172.30838272,true,,experimental_publisher_supplement,10.1038/s41598-025-02564-0
kozlowski_2025_scientific_reports,food_waste_pyrolysis_600c,3,70,2.91666667,3,0.72916667,37,biochar,600,5.0,802.90000000,282.23333333,117.64903345,false,excluded_from_publisher_mean; inconsistent_raw_signal,experimental_publisher_supplement,10.1038/s41598-025-02564-0
kozlowski_2025_scientific_reports,food_waste_hydrochar_240c,1,70,2.91666667,3,0.72916667,37,hydrochar,240,5.0,1118.50000000,282.23333333,188.96152056,true,,experimental_publisher_supplement,10.1038/s41598-025-02564-0
kozlowski_2025_scientific_reports,food_waste_hydrochar_240c,2,70,2.91666667,3,0.72916667,37,hydrochar,240,5.0,1133.70000000,282.23333333,192.39608901,true,,experimental_publisher_supplement,10.1038/s41598-025-02564-0
kozlowski_2025_scientific_reports,food_waste_hydrochar_240c,3,70,2.91666667,3,0.72916667,37,hydrochar,240,5.0,1133.10000000,282.23333333,192.26051394,true,,experimental_publisher_supplement,10.1038/s41598-025-02564-0
kozlowski_2025_scientific_reports,food_waste,1,71,2.95833333,3,0.73958333,37,none,,0.0,1149.10000000,284.33333333,195.40133641,true,,experimental_publisher_supplement,10.1038/s41598-025-02564-0
kozlowski_2025_scientific_reports,food_waste,2,71,2.95833333,3,0.73958333,37,none,,0.0,1132.00000000,284.33333333,191.53744690,true,,experimental_publisher_supplement,10.1038/s41598-025-02564-0
kozlowski_2025_scientific_reports,food_waste,3,71,2.95833333,3,0.73958333,37,none,,0.0,1123.30000000,284.33333333,189.57160837,true,,experimental_publisher_supplement,10.1038/s41598-025-02564-0
kozlowski_2025_scientific_reports,food_waste_torrefaction_240c,1,71,2.95833333,3,0.73958333,37,torrefaction_product,240,5.0,1164.50000000,284.33333333,198.88109655,true,,experimental_publisher_supplement,10.1038/s41598-025-02564-0
kozlowski_2025_scientific_reports,food_waste_torrefaction_240c,2,71,2.95833333,3,0.73958333,37,torrefaction_product,240,5.0,99.70000000,284.33333333,-41.71946199,false,excluded_from_publisher_mean; inconsistent_raw_signal,experimental_publisher_supplement,10.1038/s41598-025-02564-0
kozlowski_2025_scientific_reports,food_waste_torrefaction_240c,3,71,2.95833333,3,0.73958333,37,torrefaction_product,240,5.0,1163.20000000,284.33333333,198.58735056,true,,experimental_publisher_supplement,10.1038/s41598-025-02564-0
kozlowski_2025_scientific_reports,food_waste_pyrolysis_600c,1,71,2.95833333,3,0.73958333,37,biochar,600,5.0,1061.60000000,284.33333333,175.62997195,true,,experimental_publisher_supplement,10.1038/s41598-025-02564-0
kozlowski_2025_scientific_reports,food_waste_pyrolysis_600c,2,71,2.95833333,3,0.73958333,37,biochar,600,5.0,1057.70000000,284.33333333,174.74873399,true,,experimental_publisher_supplement,10.1038/s41598-025-02564-0
kozlowski_2025_scientific_reports,food_waste_pyrolysis_600c,3,71,2.95833333,3,0.73958333,37,biochar,600,5.0,815.20000000,284.33333333,119.95380964,false,excluded_from_publisher_mean; inconsistent_raw_signal,experimental_publisher_supplement,10.1038/s41598-025-02564-0
kozlowski_2025_scientific_reports,food_waste_hydrochar_240c,1,71,2.95833333,3,0.73958333,37,hydrochar,240,5.0,1132.00000000,284.33333333,191.53744690,true,,experimental_publisher_supplement,10.1038/s41598-025-02564-0
kozlowski_2025_scientific_reports,food_waste_hydrochar_240c,2,71,2.95833333,3,0.73958333,37,hydrochar,240,5.0,1147.30000000,284.33333333,194.99461119,true,,experimental_publisher_supplement,10.1038/s41598-025-02564-0
kozlowski_2025_scientific_reports,food_waste_hydrochar_240c,3,71,2.95833333,3,0.73958333,37,hydrochar,240,5.0,1146.40000000,284.33333333,194.79124859,true,,experimental_publisher_supplement,10.1038/s41598-025-02564-0
kozlowski_2025_scientific_reports,food_waste,1,72,3.00000000,3,0.75000000,37,none,,0.0,1162.60000000,286.46666667,197.96973080,true,,experimental_publisher_supplement,10.1038/s41598-025-02564-0
kozlowski_2025_scientific_reports,food_waste,2,72,3.00000000,3,0.75000000,37,none,,0.0,1145.50000000,286.46666667,194.10584129,true,,experimental_publisher_supplement,10.1038/s41598-025-02564-0
kozlowski_2025_scientific_reports,food_waste,3,72,3.00000000,3,0.75000000,37,none,,0.0,1136.90000000,286.46666667,192.16259861,true,,experimental_publisher_supplement,10.1038/s41598-025-02564-0
kozlowski_2025_scientific_reports,food_waste_torrefaction_240c,1,72,3.00000000,3,0.75000000,37,torrefaction_product,240,5.0,1178.00000000,286.46666667,201.44949094,true,,experimental_publisher_supplement,10.1038/s41598-025-02564-0
kozlowski_2025_scientific_reports,food_waste_torrefaction_240c,2,72,3.00000000,3,0.75000000,37,torrefaction_product,240,5.0,100.60000000,286.46666667,-41.99814408,false,excluded_from_publisher_mean; inconsistent_raw_signal,experimental_publisher_supplement,10.1038/s41598-025-02564-0
kozlowski_2025_scientific_reports,food_waste_torrefaction_240c,3,72,3.00000000,3,0.75000000,37,torrefaction_product,240,5.0,1176.60000000,286.46666667,201.13314911,true,,experimental_publisher_supplement,10.1038/s41598-025-02564-0
kozlowski_2025_scientific_reports,food_waste_pyrolysis_600c,1,72,3.00000000,3,0.75000000,37,biochar,600,5.0,1074.50000000,286.46666667,178.06279127,true,,experimental_publisher_supplement,10.1038/s41598-025-02564-0
kozlowski_2025_scientific_reports,food_waste_pyrolysis_600c,2,72,3.00000000,3,0.75000000,37,biochar,600,5.0,1070.30000000,286.46666667,177.11376578,true,,experimental_publisher_supplement,10.1038/s41598-025-02564-0
kozlowski_2025_scientific_reports,food_waste_pyrolysis_600c,3,72,3.00000000,3,0.75000000,37,biochar,600,5.0,827.70000000,286.46666667,122.29624559,false,excluded_from_publisher_mean; inconsistent_raw_signal,experimental_publisher_supplement,10.1038/s41598-025-02564-0
kozlowski_2025_scientific_reports,food_waste_hydrochar_240c,1,72,3.00000000,3,0.75000000,37,hydrochar,240,5.0,1145.50000000,286.46666667,194.10584129,true,,experimental_publisher_supplement,10.1038/s41598-025-02564-0
kozlowski_2025_scientific_reports,food_waste_hydrochar_240c,2,72,3.00000000,3,0.75000000,37,hydrochar,240,5.0,1160.60000000,286.46666667,197.51781390,true,,experimental_publisher_supplement,10.1038/s41598-025-02564-0
kozlowski_2025_scientific_reports,food_waste_hydrochar_240c,3,72,3.00000000,3,0.75000000,37,hydrochar,240,5.0,1160.40000000,286.46666667,197.47262221,true,,experimental_publisher_supplement,10.1038/s41598-025-02564-0
kozlowski_2025_scientific_reports,food_waste,1,73,3.04166667,4,0.76041667,37,none,,0.0,1176.30000000,288.73333333,200.55318909,true,,experimental_publisher_supplement,10.1038/s41598-025-02564-0
kozlowski_2025_scientific_reports,food_waste,2,73,3.04166667,4,0.76041667,37,none,,0.0,1158.80000000,288.73333333,196.59891620,true,,experimental_publisher_supplement,10.1038/s41598-025-02564-0
kozlowski_2025_scientific_reports,food_waste,3,73,3.04166667,4,0.76041667,37,none,,0.0,1150.20000000,288.73333333,194.65567352,true,,experimental_publisher_supplement,10.1038/s41598-025-02564-0
kozlowski_2025_scientific_reports,food_waste_torrefaction_240c,1,73,3.04166667,4,0.76041667,37,torrefaction_product,240,5.0,1191.90000000,288.73333333,204.07814092,true,,experimental_publisher_supplement,10.1038/s41598-025-02564-0
kozlowski_2025_scientific_reports,food_waste_torrefaction_240c,2,73,3.04166667,4,0.76041667,37,torrefaction_product,240,5.0,101.60000000,288.73333333,-42.28435812,false,excluded_from_publisher_mean; inconsistent_raw_signal,experimental_publisher_supplement,10.1038/s41598-025-02564-0
kozlowski_2025_scientific_reports,food_waste_torrefaction_240c,3,73,3.04166667,4,0.76041667,37,torrefaction_product,240,5.0,1190.20000000,288.73333333,203.69401156,true,,experimental_publisher_supplement,10.1038/s41598-025-02564-0
kozlowski_2025_scientific_reports,food_waste_pyrolysis_600c,1,73,3.04166667,4,0.76041667,37,biochar,600,5.0,1087.40000000,288.73333333,180.46548280,true,,experimental_publisher_supplement,10.1038/s41598-025-02564-0
kozlowski_2025_scientific_reports,food_waste_pyrolysis_600c,2,73,3.04166667,4,0.76041667,37,biochar,600,5.0,1083.10000000,288.73333333,179.49386146,true,,experimental_publisher_supplement,10.1038/s41598-025-02564-0
kozlowski_2025_scientific_reports,food_waste_pyrolysis_600c,3,73,3.04166667,4,0.76041667,37,biochar,600,5.0,840.00000000,288.73333333,124.56336204,false,excluded_from_publisher_mean; inconsistent_raw_signal,experimental_publisher_supplement,10.1038/s41598-025-02564-0
kozlowski_2025_scientific_reports,food_waste_hydrochar_240c,1,73,3.04166667,4,0.76041667,37,hydrochar,240,5.0,1159.00000000,288.73333333,196.64410789,true,,experimental_publisher_supplement,10.1038/s41598-025-02564-0
kozlowski_2025_scientific_reports,food_waste_hydrochar_240c,2,73,3.04166667,4,0.76041667,37,hydrochar,240,5.0,1174.00000000,288.73333333,200.03348465,true,,experimental_publisher_supplement,10.1038/s41598-025-02564-0
kozlowski_2025_scientific_reports,food_waste_hydrochar_240c,3,73,3.04166667,4,0.76041667,37,hydrochar,240,5.0,1174.10000000,288.73333333,200.05608050,true,,experimental_publisher_supplement,10.1038/s41598-025-02564-0
kozlowski_2025_scientific_reports,food_waste,1,74,3.08333333,4,0.77083333,37,none,,0.0,1189.70000000,290.96666667,203.07639179,true,,experimental_publisher_supplement,10.1038/s41598-025-02564-0
kozlowski_2025_scientific_reports,food_waste,2,74,3.08333333,4,0.77083333,37,none,,0.0,1172.40000000,290.96666667,199.16731059,true,,experimental_publisher_supplement,10.1038/s41598-025-02564-0
kozlowski_2025_scientific_reports,food_waste,3,74,3.08333333,4,0.77083333,37,none,,0.0,1163.80000000,290.96666667,197.22406791,true,,experimental_publisher_supplement,10.1038/s41598-025-02564-0
kozlowski_2025_scientific_reports,food_waste_torrefaction_240c,1,74,3.08333333,4,0.77083333,37,torrefaction_product,240,5.0,1205.30000000,290.96666667,206.60134362,true,,experimental_publisher_supplement,10.1038/s41598-025-02564-0
kozlowski_2025_scientific_reports,food_waste_torrefaction_240c,2,74,3.08333333,4,0.77083333,37,torrefaction_product,240,5.0,102.70000000,290.96666667,-42.54044436,false,excluded_from_publisher_mean; inconsistent_raw_signal,experimental_publisher_supplement,10.1038/s41598-025-02564-0
kozlowski_2025_scientific_reports,food_waste_torrefaction_240c,3,74,3.08333333,4,0.77083333,37,torrefaction_product,240,5.0,1203.70000000,290.96666667,206.23981010,true,,experimental_publisher_supplement,10.1038/s41598-025-02564-0
kozlowski_2025_scientific_reports,food_waste_pyrolysis_600c,1,74,3.08333333,4,0.77083333,37,biochar,600,5.0,1100.30000000,290.96666667,182.87570628,true,,experimental_publisher_supplement,10.1038/s41598-025-02564-0
kozlowski_2025_scientific_reports,food_waste_pyrolysis_600c,2,74,3.08333333,4,0.77083333,37,biochar,600,5.0,1095.70000000,290.96666667,181.83629740,true,,experimental_publisher_supplement,10.1038/s41598-025-02564-0
kozlowski_2025_scientific_reports,food_waste_pyrolysis_600c,3,74,3.08333333,4,0.77083333,37,biochar,600,5.0,852.60000000,290.96666667,126.90579798,false,excluded_from_publisher_mean; inconsistent_raw_signal,experimental_publisher_supplement,10.1038/s41598-025-02564-0
kozlowski_2025_scientific_reports,food_waste_hydrochar_240c,1,74,3.08333333,4,0.77083333,37,hydrochar,240,5.0,1172.90000000,290.96666667,199.28028981,true,,experimental_publisher_supplement,10.1038/s41598-025-02564-0
kozlowski_2025_scientific_reports,food_waste_hydrochar_240c,2,74,3.08333333,4,0.77083333,37,hydrochar,240,5.0,1187.20000000,290.96666667,202.51149566,true,,experimental_publisher_supplement,10.1038/s41598-025-02564-0
kozlowski_2025_scientific_reports,food_waste_hydrochar_240c,3,74,3.08333333,4,0.77083333,37,hydrochar,240,5.0,1187.70000000,290.96666667,202.62447489,true,,experimental_publisher_supplement,10.1038/s41598-025-02564-0
kozlowski_2025_scientific_reports,food_waste,1,75,3.12500000,4,0.78125000,37,none,,0.0,1203.10000000,293.23333333,205.59206254,true,,experimental_publisher_supplement,10.1038/s41598-025-02564-0
kozlowski_2025_scientific_reports,food_waste,2,75,3.12500000,4,0.78125000,37,none,,0.0,1185.40000000,293.23333333,201.59259796,true,,experimental_publisher_supplement,10.1038/s41598-025-02564-0
kozlowski_2025_scientific_reports,food_waste,3,75,3.12500000,4,0.78125000,37,none,,0.0,1176.80000000,293.23333333,199.64935528,true,,experimental_publisher_supplement,10.1038/s41598-025-02564-0
kozlowski_2025_scientific_reports,food_waste_torrefaction_240c,1,75,3.12500000,4,0.78125000,37,torrefaction_product,240,5.0,1219.00000000,293.23333333,209.18480191,true,,experimental_publisher_supplement,10.1038/s41598-025-02564-0
kozlowski_2025_scientific_reports,food_waste_torrefaction_240c,2,75,3.12500000,4,0.78125000,37,torrefaction_product,240,5.0,106.50000000,293.23333333,-42.19397473,false,excluded_from_publisher_mean; inconsistent_raw_signal,experimental_publisher_supplement,10.1038/s41598-025-02564-0
kozlowski_2025_scientific_reports,food_waste_torrefaction_240c,3,75,3.12500000,4,0.78125000,37,torrefaction_product,240,5.0,1217.20000000,293.23333333,208.77807670,true,,experimental_publisher_supplement,10.1038/s41598-025-02564-0
kozlowski_2025_scientific_reports,food_waste_pyrolysis_600c,1,75,3.12500000,4,0.78125000,37,biochar,600,5.0,1113.50000000,293.23333333,185.34618534,true,,experimental_publisher_supplement,10.1038/s41598-025-02564-0
kozlowski_2025_scientific_reports,food_waste_pyrolysis_600c,2,75,3.12500000,4,0.78125000,37,biochar,600,5.0,1108.60000000,293.23333333,184.23898893,true,,experimental_publisher_supplement,10.1038/s41598-025-02564-0
kozlowski_2025_scientific_reports,food_waste_pyrolysis_600c,3,75,3.12500000,4,0.78125000,37,biochar,600,5.0,865.30000000,293.23333333,129.26329782,false,excluded_from_publisher_mean; inconsistent_raw_signal,experimental_publisher_supplement,10.1038/s41598-025-02564-0
kozlowski_2025_scientific_reports,food_waste_hydrochar_240c,1,75,3.12500000,4,0.78125000,37,hydrochar,240,5.0,1186.00000000,293.23333333,201.72817303,true,,experimental_publisher_supplement,10.1038/s41598-025-02564-0
kozlowski_2025_scientific_reports,food_waste_hydrochar_240c,2,75,3.12500000,4,0.78125000,37,hydrochar,240,5.0,1200.50000000,293.23333333,205.00457057,true,,experimental_publisher_supplement,10.1038/s41598-025-02564-0
kozlowski_2025_scientific_reports,food_waste_hydrochar_240c,3,75,3.12500000,4,0.78125000,37,hydrochar,240,5.0,1201.80000000,293.23333333,205.29831656,true,,experimental_publisher_supplement,10.1038/s41598-025-02564-0
kozlowski_2025_scientific_reports,food_waste,1,76,3.16666667,4,0.79166667,37,none,,0.0,1216.30000000,295.33333333,208.10020135,true,,experimental_publisher_supplement,10.1038/s41598-025-02564-0
kozlowski_2025_scientific_reports,food_waste,2,76,3.16666667,4,0.79166667,37,none,,0.0,1198.60000000,295.33333333,204.10073677,true,,experimental_publisher_supplement,10.1038/s41598-025-02564-0
kozlowski_2025_scientific_reports,food_waste,3,76,3.16666667,4,0.79166667,37,none,,0.0,1190.00000000,295.33333333,202.15749409,true,,experimental_publisher_supplement,10.1038/s41598-025-02564-0
kozlowski_2025_scientific_reports,food_waste_torrefaction_240c,1,76,3.16666667,4,0.79166667,37,torrefaction_product,240,5.0,1232.80000000,295.33333333,211.82851579,true,,experimental_publisher_supplement,10.1038/s41598-025-02564-0
kozlowski_2025_scientific_reports,food_waste_torrefaction_240c,2,76,3.16666667,4,0.79166667,37,torrefaction_product,240,5.0,110.30000000,295.33333333,-41.80984537,false,excluded_from_publisher_mean; inconsistent_raw_signal,experimental_publisher_supplement,10.1038/s41598-025-02564-0
kozlowski_2025_scientific_reports,food_waste_torrefaction_240c,3,76,3.16666667,4,0.79166667,37,torrefaction_product,240,5.0,1230.70000000,295.33333333,211.35400304,true,,experimental_publisher_supplement,10.1038/s41598-025-02564-0
kozlowski_2025_scientific_reports,food_waste_pyrolysis_600c,1,76,3.16666667,4,0.79166667,37,biochar,600,5.0,1126.10000000,295.33333333,187.71874908,true,,experimental_publisher_supplement,10.1038/s41598-025-02564-0
kozlowski_2025_scientific_reports,food_waste_pyrolysis_600c,2,76,3.16666667,4,0.79166667,37,biochar,600,5.0,1121.80000000,295.33333333,186.74712774,true,,experimental_publisher_supplement,10.1038/s41598-025-02564-0
kozlowski_2025_scientific_reports,food_waste_pyrolysis_600c,3,76,3.16666667,4,0.79166667,37,biochar,600,5.0,877.90000000,295.33333333,131.63586156,false,excluded_from_publisher_mean; inconsistent_raw_signal,experimental_publisher_supplement,10.1038/s41598-025-02564-0
kozlowski_2025_scientific_reports,food_waste_hydrochar_240c,1,76,3.16666667,4,0.79166667,37,hydrochar,240,5.0,1199.50000000,295.33333333,204.30409937,true,,experimental_publisher_supplement,10.1038/s41598-025-02564-0
kozlowski_2025_scientific_reports,food_waste_hydrochar_240c,2,76,3.16666667,4,0.79166667,37,hydrochar,240,5.0,1213.80000000,295.33333333,207.53530522,true,,experimental_publisher_supplement,10.1038/s41598-025-02564-0
kozlowski_2025_scientific_reports,food_waste_hydrochar_240c,3,76,3.16666667,4,0.79166667,37,hydrochar,240,5.0,1215.30000000,295.33333333,207.87424290,true,,experimental_publisher_supplement,10.1038/s41598-025-02564-0
kozlowski_2025_scientific_reports,food_waste,1,77,3.20833333,4,0.80208333,37,none,,0.0,1229.20000000,297.30000000,210.57068041,true,,experimental_publisher_supplement,10.1038/s41598-025-02564-0
kozlowski_2025_scientific_reports,food_waste,2,77,3.20833333,4,0.80208333,37,none,,0.0,1211.50000000,297.30000000,206.57121583,true,,experimental_publisher_supplement,10.1038/s41598-025-02564-0
kozlowski_2025_scientific_reports,food_waste,3,77,3.20833333,4,0.80208333,37,none,,0.0,1202.90000000,297.30000000,204.62797315,true,,experimental_publisher_supplement,10.1038/s41598-025-02564-0
kozlowski_2025_scientific_reports,food_waste_torrefaction_240c,1,77,3.20833333,4,0.80208333,37,torrefaction_product,240,5.0,1245.50000000,297.30000000,214.25380316,true,,experimental_publisher_supplement,10.1038/s41598-025-02564-0
kozlowski_2025_scientific_reports,food_waste_torrefaction_240c,2,77,3.20833333,4,0.80208333,37,torrefaction_product,240,5.0,121.90000000,297.30000000,-39.63311229,false,excluded_from_publisher_mean; inconsistent_raw_signal,experimental_publisher_supplement,10.1038/s41598-025-02564-0
kozlowski_2025_scientific_reports,food_waste_torrefaction_240c,3,77,3.20833333,4,0.80208333,37,torrefaction_product,240,5.0,1243.70000000,297.30000000,213.84707795,true,,experimental_publisher_supplement,10.1038/s41598-025-02564-0
kozlowski_2025_scientific_reports,food_waste_pyrolysis_600c,1,77,3.20833333,4,0.80208333,37,biochar,600,5.0,1138.90000000,297.30000000,190.16663229,true,,experimental_publisher_supplement,10.1038/s41598-025-02564-0
kozlowski_2025_scientific_reports,food_waste_pyrolysis_600c,2,77,3.20833333,4,0.80208333,37,biochar,600,5.0,1134.40000000,297.30000000,189.14981926,true,,experimental_publisher_supplement,10.1038/s41598-025-02564-0
kozlowski_2025_scientific_reports,food_waste_pyrolysis_600c,3,77,3.20833333,4,0.80208333,37,biochar,600,5.0,890.20000000,297.30000000,133.97076555,false,excluded_from_publisher_mean; inconsistent_raw_signal,experimental_publisher_supplement,10.1038/s41598-025-02564-0
kozlowski_2025_scientific_reports,food_waste_hydrochar_240c,1,77,3.20833333,4,0.80208333,37,hydrochar,240,5.0,1212.20000000,297.30000000,206.72938675,true,,experimental_publisher_supplement,10.1038/s41598-025-02564-0
kozlowski_2025_scientific_reports,food_waste_hydrochar_240c,2,77,3.20833333,4,0.80208333,37,hydrochar,240,5.0,1227.10000000,297.30000000,210.09616766,true,,experimental_publisher_supplement,10.1038/s41598-025-02564-0
kozlowski_2025_scientific_reports,food_waste_hydrochar_240c,3,77,3.20833333,4,0.80208333,37,hydrochar,240,5.0,1228.70000000,297.30000000,210.45770119,true,,experimental_publisher_supplement,10.1038/s41598-025-02564-0
kozlowski_2025_scientific_reports,food_waste,1,78,3.25000000,4,0.81250000,37,none,,0.0,1241.90000000,299.30000000,212.98843584,true,,experimental_publisher_supplement,10.1038/s41598-025-02564-0
kozlowski_2025_scientific_reports,food_waste,2,78,3.25000000,4,0.81250000,37,none,,0.0,1224.40000000,299.30000000,209.03416295,true,,experimental_publisher_supplement,10.1038/s41598-025-02564-0
kozlowski_2025_scientific_reports,food_waste,3,78,3.25000000,4,0.81250000,37,none,,0.0,1215.80000000,299.30000000,207.09092027,true,,experimental_publisher_supplement,10.1038/s41598-025-02564-0
kozlowski_2025_scientific_reports,food_waste_torrefaction_240c,1,78,3.25000000,4,0.81250000,37,torrefaction_product,240,5.0,1258.70000000,299.30000000,216.78453781,true,,experimental_publisher_supplement,10.1038/s41598-025-02564-0
kozlowski_2025_scientific_reports,food_waste_torrefaction_240c,2,78,3.25000000,4,0.81250000,37,torrefaction_product,240,5.0,134.70000000,299.30000000,-37.19276102,false,excluded_from_publisher_mean; inconsistent_raw_signal,experimental_publisher_supplement,10.1038/s41598-025-02564-0
kozlowski_2025_scientific_reports,food_waste_torrefaction_240c,3,78,3.25000000,4,0.81250000,37,torrefaction_product,240,5.0,1257.00000000,299.30000000,216.40040845,true,,experimental_publisher_supplement,10.1038/s41598-025-02564-0
kozlowski_2025_scientific_reports,food_waste_pyrolysis_600c,1,78,3.25000000,4,0.81250000,37,biochar,600,5.0,1151.00000000,299.30000000,192.44881265,true,,experimental_publisher_supplement,10.1038/s41598-025-02564-0
kozlowski_2025_scientific_reports,food_waste_pyrolysis_600c,2,78,3.25000000,4,0.81250000,37,biochar,600,5.0,1147.00000000,299.30000000,191.54497884,true,,experimental_publisher_supplement,10.1038/s41598-025-02564-0
kozlowski_2025_scientific_reports,food_waste_pyrolysis_600c,3,78,3.25000000,4,0.81250000,37,biochar,600,5.0,902.40000000,299.30000000,136.27554175,false,excluded_from_publisher_mean; inconsistent_raw_signal,experimental_publisher_supplement,10.1038/s41598-025-02564-0
kozlowski_2025_scientific_reports,food_waste_hydrochar_240c,1,78,3.25000000,4,0.81250000,37,hydrochar,240,5.0,1225.30000000,299.30000000,209.23752555,true,,experimental_publisher_supplement,10.1038/s41598-025-02564-0
kozlowski_2025_scientific_reports,food_waste_hydrochar_240c,2,78,3.25000000,4,0.81250000,37,hydrochar,240,5.0,1239.80000000,299.30000000,212.51392309,true,,experimental_publisher_supplement,10.1038/s41598-025-02564-0
kozlowski_2025_scientific_reports,food_waste_hydrochar_240c,3,78,3.25000000,4,0.81250000,37,hydrochar,240,5.0,1242.00000000,299.30000000,213.01103168,true,,experimental_publisher_supplement,10.1038/s41598-025-02564-0
kozlowski_2025_scientific_reports,food_waste,1,79,3.29166667,4,0.82291667,37,none,,0.0,1254.70000000,301.16666667,215.45891490,true,,experimental_publisher_supplement,10.1038/s41598-025-02564-0
kozlowski_2025_scientific_reports,food_waste,2,79,3.29166667,4,0.82291667,37,none,,0.0,1236.60000000,301.16666667,211.36906694,true,,experimental_publisher_supplement,10.1038/s41598-025-02564-0
kozlowski_2025_scientific_reports,food_waste,3,79,3.29166667,4,0.82291667,37,none,,0.0,1228.60000000,301.16666667,209.56139933,true,,experimental_publisher_supplement,10.1038/s41598-025-02564-0
kozlowski_2025_scientific_reports,food_waste_torrefaction_240c,1,79,3.29166667,4,0.82291667,37,torrefaction_product,240,5.0,1271.40000000,301.16666667,219.23242103,true,,experimental_publisher_supplement,10.1038/s41598-025-02564-0
kozlowski_2025_scientific_reports,food_waste_torrefaction_240c,2,79,3.29166667,4,0.82291667,37,torrefaction_product,240,5.0,147.80000000,301.16666667,-34.65449442,false,excluded_from_publisher_mean; inconsistent_raw_signal,experimental_publisher_supplement,10.1038/s41598-025-02564-0
kozlowski_2025_scientific_reports,food_waste_torrefaction_240c,3,79,3.29166667,4,0.82291667,37,torrefaction_product,240,5.0,1269.50000000,301.16666667,218.80309997,true,,experimental_publisher_supplement,10.1038/s41598-025-02564-0
kozlowski_2025_scientific_reports,food_waste_pyrolysis_600c,1,79,3.29166667,4,0.82291667,37,biochar,600,5.0,1163.80000000,301.16666667,194.91929171,true,,experimental_publisher_supplement,10.1038/s41598-025-02564-0
kozlowski_2025_scientific_reports,food_waste_pyrolysis_600c,2,79,3.29166667,4,0.82291667,37,biochar,600,5.0,1159.40000000,301.16666667,193.92507453,true,,experimental_publisher_supplement,10.1038/s41598-025-02564-0
kozlowski_2025_scientific_reports,food_waste_pyrolysis_600c,3,79,3.29166667,4,0.82291667,37,biochar,600,5.0,914.50000000,301.16666667,138.58784990,false,excluded_from_publisher_mean; inconsistent_raw_signal,experimental_publisher_supplement,10.1038/s41598-025-02564-0
kozlowski_2025_scientific_reports,food_waste_hydrochar_240c,1,79,3.29166667,4,0.82291667,37,hydrochar,240,5.0,1237.90000000,301.16666667,211.66281292,true,,experimental_publisher_supplement,10.1038/s41598-025-02564-0
kozlowski_2025_scientific_reports,food_waste_hydrochar_240c,2,79,3.29166667,4,0.82291667,37,hydrochar,240,5.0,1252.20000000,301.16666667,214.89401877,true,,experimental_publisher_supplement,10.1038/s41598-025-02564-0
kozlowski_2025_scientific_reports,food_waste_hydrochar_240c,3,79,3.29166667,4,0.82291667,37,hydrochar,240,5.0,1254.60000000,301.16666667,215.43631905,true,,experimental_publisher_supplement,10.1038/s41598-025-02564-0
kozlowski_2025_scientific_reports,food_waste,1,80,3.33333333,4,0.83333333,37,none,,0.0,1267.10000000,303.10000000,217.82394669,true,,experimental_publisher_supplement,10.1038/s41598-025-02564-0
kozlowski_2025_scientific_reports,food_waste,2,80,3.33333333,4,0.83333333,37,none,,0.0,1248.80000000,303.10000000,213.68890703,true,,experimental_publisher_supplement,10.1038/s41598-025-02564-0
kozlowski_2025_scientific_reports,food_waste,3,80,3.33333333,4,0.83333333,37,none,,0.0,1241.60000000,303.10000000,212.06200619,true,,experimental_publisher_supplement,10.1038/s41598-025-02564-0
kozlowski_2025_scientific_reports,food_waste_torrefaction_240c,1,80,3.33333333,4,0.83333333,37,torrefaction_product,240,5.0,1284.50000000,303.10000000,221.75562373,true,,experimental_publisher_supplement,10.1038/s41598-025-02564-0
kozlowski_2025_scientific_reports,food_waste_torrefaction_240c,2,80,3.33333333,4,0.83333333,37,torrefaction_product,240,5.0,160.30000000,303.10000000,-32.26686679,false,excluded_from_publisher_mean; inconsistent_raw_signal,experimental_publisher_supplement,10.1038/s41598-025-02564-0
kozlowski_2025_scientific_reports,food_waste_torrefaction_240c,3,80,3.33333333,4,0.83333333,37,torrefaction_product,240,5.0,1282.50000000,303.10000000,221.30370683,true,,experimental_publisher_supplement,10.1038/s41598-025-02564-0
kozlowski_2025_scientific_reports,food_waste_pyrolysis_600c,1,80,3.33333333,4,0.83333333,37,biochar,600,5.0,1176.00000000,303.10000000,197.23913181,true,,experimental_publisher_supplement,10.1038/s41598-025-02564-0
kozlowski_2025_scientific_reports,food_waste_pyrolysis_600c,2,80,3.33333333,4,0.83333333,37,biochar,600,5.0,1172.30000000,303.10000000,196.40308554,true,,experimental_publisher_supplement,10.1038/s41598-025-02564-0
kozlowski_2025_scientific_reports,food_waste_pyrolysis_600c,3,80,3.33333333,4,0.83333333,37,biochar,600,5.0,926.50000000,303.10000000,140.86249830,false,excluded_from_publisher_mean; inconsistent_raw_signal,experimental_publisher_supplement,10.1038/s41598-025-02564-0
kozlowski_2025_scientific_reports,food_waste_hydrochar_240c,1,80,3.33333333,4,0.83333333,37,hydrochar,240,5.0,1251.00000000,303.10000000,214.18601563,true,,experimental_publisher_supplement,10.1038/s41598-025-02564-0
kozlowski_2025_scientific_reports,food_waste_hydrochar_240c,2,80,3.33333333,4,0.83333333,37,hydrochar,240,5.0,1264.80000000,303.10000000,217.30424225,true,,experimental_publisher_supplement,10.1038/s41598-025-02564-0
kozlowski_2025_scientific_reports,food_waste_hydrochar_240c,3,80,3.33333333,4,0.83333333,37,hydrochar,240,5.0,1267.70000000,303.10000000,217.95952176,true,,experimental_publisher_supplement,10.1038/s41598-025-02564-0
kozlowski_2025_scientific_reports,food_waste,1,81,3.37500000,4,0.84375000,37,none,,0.0,1279.40000000,304.96666667,220.18144652,true,,experimental_publisher_supplement,10.1038/s41598-025-02564-0
kozlowski_2025_scientific_reports,food_waste,2,81,3.37500000,4,0.84375000,37,none,,0.0,1260.40000000,304.96666667,215.88823596,true,,experimental_publisher_supplement,10.1038/s41598-025-02564-0
kozlowski_2025_scientific_reports,food_waste,3,81,3.37500000,4,0.84375000,37,none,,0.0,1254.00000000,304.96666667,214.44210187,true,,experimental_publisher_supplement,10.1038/s41598-025-02564-0
kozlowski_2025_scientific_reports,food_waste_torrefaction_240c,1,81,3.37500000,4,0.84375000,37,torrefaction_product,240,5.0,1296.80000000,304.96666667,224.11312357,true,,experimental_publisher_supplement,10.1038/s41598-025-02564-0
kozlowski_2025_scientific_reports,food_waste_torrefaction_240c,2,81,3.37500000,4,0.84375000,37,torrefaction_product,240,5.0,173.20000000,304.96666667,-29.77379188,false,excluded_from_publisher_mean; inconsistent_raw_signal,experimental_publisher_supplement,10.1038/s41598-025-02564-0
kozlowski_2025_scientific_reports,food_waste_torrefaction_240c,3,81,3.37500000,4,0.84375000,37,torrefaction_product,240,5.0,1295.10000000,304.96666667,223.72899420,true,,experimental_publisher_supplement,10.1038/s41598-025-02564-0
kozlowski_2025_scientific_reports,food_waste_pyrolysis_600c,1,81,3.37500000,4,0.84375000,37,biochar,600,5.0,1188.30000000,304.96666667,199.59663165,true,,experimental_publisher_supplement,10.1038/s41598-025-02564-0
kozlowski_2025_scientific_reports,food_waste_pyrolysis_600c,2,81,3.37500000,4,0.84375000,37,biochar,600,5.0,1184.30000000,304.96666667,198.69279784,true,,experimental_publisher_supplement,10.1038/s41598-025-02564-0
kozlowski_2025_scientific_reports,food_waste_pyrolysis_600c,3,81,3.37500000,4,0.84375000,37,biochar,600,5.0,938.70000000,304.96666667,143.19740230,false,excluded_from_publisher_mean; inconsistent_raw_signal,experimental_publisher_supplement,10.1038/s41598-025-02564-0
kozlowski_2025_scientific_reports,food_waste_hydrochar_240c,1,81,3.37500000,4,0.84375000,37,hydrochar,240,5.0,1263.40000000,304.96666667,216.56611131,true,,experimental_publisher_supplement,10.1038/s41598-025-02564-0
kozlowski_2025_scientific_reports,food_waste_hydrochar_240c,2,81,3.37500000,4,0.84375000,37,hydrochar,240,5.0,1276.90000000,304.96666667,219.61655040,true,,experimental_publisher_supplement,10.1038/s41598-025-02564-0
kozlowski_2025_scientific_reports,food_waste_hydrochar_240c,3,81,3.37500000,4,0.84375000,37,hydrochar,240,5.0,1280.60000000,304.96666667,220.45259667,true,,experimental_publisher_supplement,10.1038/s41598-025-02564-0
kozlowski_2025_scientific_reports,food_waste,1,82,3.41666667,4,0.85416667,37,none,,0.0,1291.20000000,306.96666667,222.39583934,true,,experimental_publisher_supplement,10.1038/s41598-025-02564-0
kozlowski_2025_scientific_reports,food_waste,2,82,3.41666667,4,0.85416667,37,none,,0.0,1272.30000000,306.96666667,218.12522462,true,,experimental_publisher_supplement,10.1038/s41598-025-02564-0
kozlowski_2025_scientific_reports,food_waste,3,82,3.41666667,4,0.85416667,37,none,,0.0,1266.40000000,306.96666667,216.79206976,true,,experimental_publisher_supplement,10.1038/s41598-025-02564-0
kozlowski_2025_scientific_reports,food_waste_torrefaction_240c,1,82,3.41666667,4,0.85416667,37,torrefaction_product,240,5.0,1309.30000000,306.96666667,226.48568730,true,,experimental_publisher_supplement,10.1038/s41598-025-02564-0
kozlowski_2025_scientific_reports,food_waste_torrefaction_240c,2,82,3.41666667,4,0.85416667,37,torrefaction_product,240,5.0,185.50000000,306.96666667,-27.44641984,false,excluded_from_publisher_mean; inconsistent_raw_signal,experimental_publisher_supplement,10.1038/s41598-025-02564-0
kozlowski_2025_scientific_reports,food_waste_torrefaction_240c,3,82,3.41666667,4,0.85416667,37,torrefaction_product,240,5.0,1307.70000000,306.96666667,226.12415378,true,,experimental_publisher_supplement,10.1038/s41598-025-02564-0
kozlowski_2025_scientific_reports,food_waste_pyrolysis_600c,1,82,3.41666667,4,0.85416667,37,biochar,600,5.0,1200.30000000,306.96666667,201.85621615,true,,experimental_publisher_supplement,10.1038/s41598-025-02564-0
kozlowski_2025_scientific_reports,food_waste_pyrolysis_600c,2,82,3.41666667,4,0.85416667,37,biochar,600,5.0,1197.00000000,306.96666667,201.11055327,true,,experimental_publisher_supplement,10.1038/s41598-025-02564-0
kozlowski_2025_scientific_reports,food_waste_pyrolysis_600c,3,82,3.41666667,4,0.85416667,37,biochar,600,5.0,950.40000000,306.96666667,145.38919927,false,excluded_from_publisher_mean; inconsistent_raw_signal,experimental_publisher_supplement,10.1038/s41598-025-02564-0
kozlowski_2025_scientific_reports,food_waste_hydrochar_240c,1,82,3.41666667,4,0.85416667,37,hydrochar,240,5.0,1275.90000000,306.96666667,218.93867504,true,,experimental_publisher_supplement,10.1038/s41598-025-02564-0
kozlowski_2025_scientific_reports,food_waste_hydrochar_240c,2,82,3.41666667,4,0.85416667,37,hydrochar,240,5.0,1289.40000000,306.96666667,221.98911413,true,,experimental_publisher_supplement,10.1038/s41598-025-02564-0
kozlowski_2025_scientific_reports,food_waste_hydrochar_240c,3,82,3.41666667,4,0.85416667,37,hydrochar,240,5.0,1293.40000000,306.96666667,222.89294794,true,,experimental_publisher_supplement,10.1038/s41598-025-02564-0
kozlowski_2025_scientific_reports,food_waste,1,83,3.45833333,4,0.86458333,37,none,,0.0,1303.00000000,308.83333333,224.64035996,true,,experimental_publisher_supplement,10.1038/s41598-025-02564-0
kozlowski_2025_scientific_reports,food_waste,2,83,3.45833333,4,0.86458333,37,none,,0.0,1283.70000000,308.83333333,220.27936185,true,,experimental_publisher_supplement,10.1038/s41598-025-02564-0
kozlowski_2025_scientific_reports,food_waste,3,83,3.45833333,4,0.86458333,37,none,,0.0,1278.50000000,308.83333333,219.10437791,true,,experimental_publisher_supplement,10.1038/s41598-025-02564-0
kozlowski_2025_scientific_reports,food_waste_torrefaction_240c,1,83,3.45833333,4,0.86458333,37,torrefaction_product,240,5.0,1321.50000000,308.83333333,228.82059130,true,,experimental_publisher_supplement,10.1038/s41598-025-02564-0
kozlowski_2025_scientific_reports,food_waste_torrefaction_240c,2,83,3.45833333,4,0.86458333,37,torrefaction_product,240,5.0,196.30000000,308.83333333,-25.42785768,false,excluded_from_publisher_mean; inconsistent_raw_signal,experimental_publisher_supplement,10.1038/s41598-025-02564-0
kozlowski_2025_scientific_reports,food_waste_torrefaction_240c,3,83,3.45833333,4,0.86458333,37,torrefaction_product,240,5.0,1320.10000000,308.83333333,228.50424947,true,,experimental_publisher_supplement,10.1038/s41598-025-02564-0
kozlowski_2025_scientific_reports,food_waste_pyrolysis_600c,1,83,3.45833333,4,0.86458333,37,biochar,600,5.0,1212.50000000,308.83333333,204.19112015,true,,experimental_publisher_supplement,10.1038/s41598-025-02564-0
kozlowski_2025_scientific_reports,food_waste_pyrolysis_600c,2,83,3.45833333,4,0.86458333,37,biochar,600,5.0,1208.90000000,308.83333333,203.37766972,true,,experimental_publisher_supplement,10.1038/s41598-025-02564-0
kozlowski_2025_scientific_reports,food_waste_pyrolysis_600c,3,83,3.45833333,4,0.86458333,37,biochar,600,5.0,962.60000000,308.83333333,147.72410326,false,excluded_from_publisher_mean; inconsistent_raw_signal,experimental_publisher_supplement,10.1038/s41598-025-02564-0
kozlowski_2025_scientific_reports,food_waste_hydrochar_240c,1,83,3.45833333,4,0.86458333,37,hydrochar,240,5.0,1287.80000000,308.83333333,221.20579150,true,,experimental_publisher_supplement,10.1038/s41598-025-02564-0
kozlowski_2025_scientific_reports,food_waste_hydrochar_240c,2,83,3.45833333,4,0.86458333,37,hydrochar,240,5.0,1301.20000000,308.83333333,224.23363474,true,,experimental_publisher_supplement,10.1038/s41598-025-02564-0
kozlowski_2025_scientific_reports,food_waste_hydrochar_240c,3,83,3.45833333,4,0.86458333,37,hydrochar,240,5.0,1305.80000000,308.83333333,225.27304362,true,,experimental_publisher_supplement,10.1038/s41598-025-02564-0
kozlowski_2025_scientific_reports,food_waste,1,84,3.50000000,4,0.87500000,37,none,,0.0,1314.40000000,310.73333333,226.78696524,true,,experimental_publisher_supplement,10.1038/s41598-025-02564-0
kozlowski_2025_scientific_reports,food_waste,2,84,3.50000000,4,0.87500000,37,none,,0.0,1294.90000000,310.73333333,222.38077545,true,,experimental_publisher_supplement,10.1038/s41598-025-02564-0
kozlowski_2025_scientific_reports,food_waste,3,84,3.50000000,4,0.87500000,37,none,,0.0,1290.90000000,310.73333333,221.47694164,true,,experimental_publisher_supplement,10.1038/s41598-025-02564-0
kozlowski_2025_scientific_reports,food_waste_torrefaction_240c,1,84,3.50000000,4,0.87500000,37,torrefaction_product,240,5.0,1333.80000000,310.73333333,231.17055919,true,,experimental_publisher_supplement,10.1038/s41598-025-02564-0
kozlowski_2025_scientific_reports,food_waste_torrefaction_240c,2,84,3.50000000,4,0.87500000,37,torrefaction_product,240,5.0,197.10000000,310.73333333,-25.67641197,false,excluded_from_publisher_mean; inconsistent_raw_signal,experimental_publisher_supplement,10.1038/s41598-025-02564-0
kozlowski_2025_scientific_reports,food_waste_torrefaction_240c,3,84,3.50000000,4,0.87500000,37,torrefaction_product,240,5.0,1332.50000000,310.73333333,230.87681320,true,,experimental_publisher_supplement,10.1038/s41598-025-02564-0
kozlowski_2025_scientific_reports,food_waste_pyrolysis_600c,1,84,3.50000000,4,0.87500000,37,biochar,600,5.0,1224.50000000,310.73333333,206.47330050,true,,experimental_publisher_supplement,10.1038/s41598-025-02564-0
kozlowski_2025_scientific_reports,food_waste_pyrolysis_600c,2,84,3.50000000,4,0.87500000,37,biochar,600,5.0,1220.80000000,310.73333333,205.63725423,true,,experimental_publisher_supplement,10.1038/s41598-025-02564-0
kozlowski_2025_scientific_reports,food_waste_pyrolysis_600c,3,84,3.50000000,4,0.87500000,37,biochar,600,5.0,974.10000000,310.73333333,149.89330439,false,excluded_from_publisher_mean; inconsistent_raw_signal,experimental_publisher_supplement,10.1038/s41598-025-02564-0
kozlowski_2025_scientific_reports,food_waste_hydrochar_240c,1,84,3.50000000,4,0.87500000,37,hydrochar,240,5.0,1300.10000000,310.73333333,223.55575939,true,,experimental_publisher_supplement,10.1038/s41598-025-02564-0
kozlowski_2025_scientific_reports,food_waste_hydrochar_240c,2,84,3.50000000,4,0.87500000,37,hydrochar,240,5.0,1313.00000000,310.73333333,226.47062341,true,,experimental_publisher_supplement,10.1038/s41598-025-02564-0
kozlowski_2025_scientific_reports,food_waste_hydrochar_240c,3,84,3.50000000,4,0.87500000,37,hydrochar,240,5.0,1318.20000000,310.73333333,227.64560735,true,,experimental_publisher_supplement,10.1038/s41598-025-02564-0
kozlowski_2025_scientific_reports,food_waste,1,85,3.54166667,4,0.88541667,37,none,,0.0,1326.00000000,312.60000000,228.98629416,true,,experimental_publisher_supplement,10.1038/s41598-025-02564-0
kozlowski_2025_scientific_reports,food_waste,2,85,3.54166667,4,0.88541667,37,none,,0.0,1306.40000000,312.60000000,224.55750852,true,,experimental_publisher_supplement,10.1038/s41598-025-02564-0
kozlowski_2025_scientific_reports,food_waste,3,85,3.54166667,4,0.88541667,37,none,,0.0,1302.50000000,312.60000000,223.67627056,true,,experimental_publisher_supplement,10.1038/s41598-025-02564-0
kozlowski_2025_scientific_reports,food_waste_torrefaction_240c,1,85,3.54166667,4,0.88541667,37,torrefaction_product,240,5.0,1345.50000000,312.60000000,233.39248395,true,,experimental_publisher_supplement,10.1038/s41598-025-02564-0
kozlowski_2025_scientific_reports,food_waste_torrefaction_240c,2,85,3.54166667,4,0.88541667,37,torrefaction_product,240,5.0,197.90000000,312.60000000,-25.91743432,false,excluded_from_publisher_mean; inconsistent_raw_signal,experimental_publisher_supplement,10.1038/s41598-025-02564-0
kozlowski_2025_scientific_reports,food_waste_torrefaction_240c,3,85,3.54166667,4,0.88541667,37,torrefaction_product,240,5.0,1344.60000000,312.60000000,233.18912135,true,,experimental_publisher_supplement,10.1038/s41598-025-02564-0
kozlowski_2025_scientific_reports,food_waste_pyrolysis_600c,1,85,3.54166667,4,0.88541667,37,biochar,600,5.0,1236.20000000,312.60000000,208.69522527,true,,experimental_publisher_supplement,10.1038/s41598-025-02564-0
kozlowski_2025_scientific_reports,food_waste_pyrolysis_600c,2,85,3.54166667,4,0.88541667,37,biochar,600,5.0,1232.70000000,312.60000000,207.90437069,true,,experimental_publisher_supplement,10.1038/s41598-025-02564-0
kozlowski_2025_scientific_reports,food_waste_pyrolysis_600c,3,85,3.54166667,4,0.88541667,37,biochar,600,5.0,986.20000000,312.60000000,152.20561254,false,excluded_from_publisher_mean; inconsistent_raw_signal,experimental_publisher_supplement,10.1038/s41598-025-02564-0
kozlowski_2025_scientific_reports,food_waste_hydrochar_240c,1,85,3.54166667,4,0.88541667,37,hydrochar,240,5.0,1311.90000000,312.60000000,225.80028000,true,,experimental_publisher_supplement,10.1038/s41598-025-02564-0
kozlowski_2025_scientific_reports,food_waste_hydrochar_240c,2,85,3.54166667,4,0.88541667,37,hydrochar,240,5.0,1324.90000000,312.60000000,228.73773987,true,,experimental_publisher_supplement,10.1038/s41598-025-02564-0
kozlowski_2025_scientific_reports,food_waste_hydrochar_240c,3,85,3.54166667,4,0.88541667,37,hydrochar,240,5.0,1330.60000000,312.60000000,230.02570304,true,,experimental_publisher_supplement,10.1038/s41598-025-02564-0
kozlowski_2025_scientific_reports,food_waste,1,86,3.58333333,4,0.89583333,37,none,,0.0,1337.60000000,314.33333333,231.21575088,true,,experimental_publisher_supplement,10.1038/s41598-025-02564-0
kozlowski_2025_scientific_reports,food_waste,2,86,3.58333333,4,0.89583333,37,none,,0.0,1317.10000000,314.33333333,226.58360263,true,,experimental_publisher_supplement,10.1038/s41598-025-02564-0
kozlowski_2025_scientific_reports,food_waste,3,86,3.58333333,4,0.89583333,37,none,,0.0,1314.80000000,314.33333333,226.06389820,true,,experimental_publisher_supplement,10.1038/s41598-025-02564-0
kozlowski_2025_scientific_reports,food_waste_torrefaction_240c,1,86,3.58333333,4,0.89583333,37,torrefaction_product,240,5.0,1357.80000000,314.33333333,235.78011159,true,,experimental_publisher_supplement,10.1038/s41598-025-02564-0
kozlowski_2025_scientific_reports,food_waste_torrefaction_240c,2,86,3.58333333,4,0.89583333,37,torrefaction_product,240,5.0,198.70000000,314.33333333,-26.12832887,false,excluded_from_publisher_mean; inconsistent_raw_signal,experimental_publisher_supplement,10.1038/s41598-025-02564-0
kozlowski_2025_scientific_reports,food_waste_torrefaction_240c,3,86,3.58333333,4,0.89583333,37,torrefaction_product,240,5.0,1356.90000000,314.33333333,235.57674898,true,,experimental_publisher_supplement,10.1038/s41598-025-02564-0
kozlowski_2025_scientific_reports,food_waste_pyrolysis_600c,1,86,3.58333333,4,0.89583333,37,biochar,600,5.0,1248.30000000,314.33333333,211.03766121,true,,experimental_publisher_supplement,10.1038/s41598-025-02564-0
kozlowski_2025_scientific_reports,food_waste_pyrolysis_600c,2,86,3.58333333,4,0.89583333,37,biochar,600,5.0,1244.20000000,314.33333333,210.11123156,true,,experimental_publisher_supplement,10.1038/s41598-025-02564-0
kozlowski_2025_scientific_reports,food_waste_pyrolysis_600c,3,86,3.58333333,4,0.89583333,37,biochar,600,5.0,997.60000000,314.33333333,154.38987756,false,excluded_from_publisher_mean; inconsistent_raw_signal,experimental_publisher_supplement,10.1038/s41598-025-02564-0
kozlowski_2025_scientific_reports,food_waste_hydrochar_240c,1,86,3.58333333,4,0.89583333,37,hydrochar,240,5.0,1323.80000000,314.33333333,228.09752425,true,,experimental_publisher_supplement,10.1038/s41598-025-02564-0
kozlowski_2025_scientific_reports,food_waste_hydrochar_240c,2,86,3.58333333,4,0.89583333,37,hydrochar,240,5.0,1336.30000000,314.33333333,230.92200489,true,,experimental_publisher_supplement,10.1038/s41598-025-02564-0
kozlowski_2025_scientific_reports,food_waste_hydrochar_240c,3,86,3.58333333,4,0.89583333,37,hydrochar,240,5.0,1342.90000000,314.33333333,232.41333067,true,,experimental_publisher_supplement,10.1038/s41598-025-02564-0
kozlowski_2025_scientific_reports,food_waste,1,87,3.62500000,4,0.90625000,37,none,,0.0,1348.50000000,316.06666667,233.28703668,true,,experimental_publisher_supplement,10.1038/s41598-025-02564-0
kozlowski_2025_scientific_reports,food_waste,2,87,3.62500000,4,0.90625000,37,none,,0.0,1328.30000000,316.06666667,228.72267597,true,,experimental_publisher_supplement,10.1038/s41598-025-02564-0
kozlowski_2025_scientific_reports,food_waste,3,87,3.62500000,4,0.90625000,37,none,,0.0,1326.00000000,316.06666667,228.20297153,true,,experimental_publisher_supplement,10.1038/s41598-025-02564-0
kozlowski_2025_scientific_reports,food_waste_torrefaction_240c,1,87,3.62500000,4,0.90625000,37,torrefaction_product,240,5.0,1369.20000000,316.06666667,237.96437661,true,,experimental_publisher_supplement,10.1038/s41598-025-02564-0
kozlowski_2025_scientific_reports,food_waste_torrefaction_240c,2,87,3.62500000,4,0.90625000,37,torrefaction_product,240,5.0,199.60000000,316.06666667,-26.31662758,false,excluded_from_publisher_mean; inconsistent_raw_signal,experimental_publisher_supplement,10.1038/s41598-025-02564-0
kozlowski_2025_scientific_reports,food_waste_torrefaction_240c,3,87,3.62500000,4,0.90625000,37,torrefaction_product,240,5.0,1368.60000000,316.06666667,237.82880154,true,,experimental_publisher_supplement,10.1038/s41598-025-02564-0
kozlowski_2025_scientific_reports,food_waste_pyrolysis_600c,1,87,3.62500000,4,0.90625000,37,biochar,600,5.0,1259.60000000,316.06666667,213.19933039,true,,experimental_publisher_supplement,10.1038/s41598-025-02564-0
kozlowski_2025_scientific_reports,food_waste_pyrolysis_600c,2,87,3.62500000,4,0.90625000,37,biochar,600,5.0,1256.40000000,316.06666667,212.47626335,true,,experimental_publisher_supplement,10.1038/s41598-025-02564-0
kozlowski_2025_scientific_reports,food_waste_pyrolysis_600c,3,87,3.62500000,4,0.90625000,37,biochar,600,5.0,1009.10000000,316.06666667,156.59673844,false,excluded_from_publisher_mean; inconsistent_raw_signal,experimental_publisher_supplement,10.1038/s41598-025-02564-0
kozlowski_2025_scientific_reports,food_waste_hydrochar_240c,1,87,3.62500000,4,0.90625000,37,hydrochar,240,5.0,1335.20000000,316.06666667,230.28178928,true,,experimental_publisher_supplement,10.1038/s41598-025-02564-0
kozlowski_2025_scientific_reports,food_waste_hydrochar_240c,2,87,3.62500000,4,0.90625000,37,hydrochar,240,5.0,1348.30000000,316.06666667,233.24184499,true,,experimental_publisher_supplement,10.1038/s41598-025-02564-0
kozlowski_2025_scientific_reports,food_waste_hydrochar_240c,3,87,3.62500000,4,0.90625000,37,hydrochar,240,5.0,1354.50000000,316.06666667,234.64278738,true,,experimental_publisher_supplement,10.1038/s41598-025-02564-0
kozlowski_2025_scientific_reports,food_waste,1,88,3.66666667,4,0.91666667,37,none,,0.0,1359.70000000,317.73333333,235.44117391,true,,experimental_publisher_supplement,10.1038/s41598-025-02564-0
kozlowski_2025_scientific_reports,food_waste,2,88,3.66666667,4,0.91666667,37,none,,0.0,1339.70000000,317.73333333,230.92200489,true,,experimental_publisher_supplement,10.1038/s41598-025-02564-0
kozlowski_2025_scientific_reports,food_waste,3,88,3.66666667,4,0.91666667,37,none,,0.0,1337.70000000,317.73333333,230.47008799,true,,experimental_publisher_supplement,10.1038/s41598-025-02564-0
kozlowski_2025_scientific_reports,food_waste_torrefaction_240c,1,88,3.66666667,4,0.91666667,37,torrefaction_product,240,5.0,1381.40000000,317.73333333,240.34447229,true,,experimental_publisher_supplement,10.1038/s41598-025-02564-0
kozlowski_2025_scientific_reports,food_waste_torrefaction_240c,2,88,3.66666667,4,0.91666667,37,torrefaction_product,240,5.0,200.40000000,317.73333333,-26.51245824,false,excluded_from_publisher_mean; inconsistent_raw_signal,experimental_publisher_supplement,10.1038/s41598-025-02564-0
kozlowski_2025_scientific_reports,food_waste_torrefaction_240c,3,88,3.66666667,4,0.91666667,37,torrefaction_product,240,5.0,1381.00000000,317.73333333,240.25408891,true,,experimental_publisher_supplement,10.1038/s41598-025-02564-0
kozlowski_2025_scientific_reports,food_waste_pyrolysis_600c,1,88,3.66666667,4,0.91666667,37,biochar,600,5.0,1271.70000000,317.73333333,215.55683023,true,,experimental_publisher_supplement,10.1038/s41598-025-02564-0
kozlowski_2025_scientific_reports,food_waste_pyrolysis_600c,2,88,3.66666667,4,0.91666667,37,biochar,600,5.0,1267.60000000,317.73333333,214.63040058,true,,experimental_publisher_supplement,10.1038/s41598-025-02564-0
kozlowski_2025_scientific_reports,food_waste_pyrolysis_600c,3,88,3.66666667,4,0.91666667,37,biochar,600,5.0,1020.90000000,317.73333333,158.88645074,false,excluded_from_publisher_mean; inconsistent_raw_signal,experimental_publisher_supplement,10.1038/s41598-025-02564-0
kozlowski_2025_scientific_reports,food_waste_hydrochar_240c,1,88,3.66666667,4,0.91666667,37,hydrochar,240,5.0,1347.00000000,317.73333333,232.57150158,true,,experimental_publisher_supplement,10.1038/s41598-025-02564-0
kozlowski_2025_scientific_reports,food_waste_hydrochar_240c,2,88,3.66666667,4,0.91666667,37,hydrochar,240,5.0,1359.40000000,317.73333333,235.37338637,true,,experimental_publisher_supplement,10.1038/s41598-025-02564-0
kozlowski_2025_scientific_reports,food_waste_hydrochar_240c,3,88,3.66666667,4,0.91666667,37,hydrochar,240,5.0,1366.70000000,317.73333333,237.02288307,true,,experimental_publisher_supplement,10.1038/s41598-025-02564-0
kozlowski_2025_scientific_reports,food_waste,1,89,3.70833333,4,0.92708333,37,none,,0.0,1370.90000000,319.36666667,237.60284309,true,,experimental_publisher_supplement,10.1038/s41598-025-02564-0
kozlowski_2025_scientific_reports,food_waste,2,89,3.70833333,4,0.92708333,37,none,,0.0,1350.00000000,319.36666667,232.88031147,true,,experimental_publisher_supplement,10.1038/s41598-025-02564-0
kozlowski_2025_scientific_reports,food_waste,3,89,3.70833333,4,0.92708333,37,none,,0.0,1349.40000000,319.36666667,232.74473640,true,,experimental_publisher_supplement,10.1038/s41598-025-02564-0
kozlowski_2025_scientific_reports,food_waste_torrefaction_240c,1,89,3.70833333,4,0.92708333,37,torrefaction_product,240,5.0,1392.70000000,319.36666667,242.52873732,true,,experimental_publisher_supplement,10.1038/s41598-025-02564-0
kozlowski_2025_scientific_reports,food_waste_torrefaction_240c,2,89,3.70833333,4,0.92708333,37,torrefaction_product,240,5.0,201.20000000,319.36666667,-26.70075695,false,excluded_from_publisher_mean; inconsistent_raw_signal,experimental_publisher_supplement,10.1038/s41598-025-02564-0
kozlowski_2025_scientific_reports,food_waste_torrefaction_240c,3,89,3.70833333,4,0.92708333,37,torrefaction_product,240,5.0,1392.30000000,319.36666667,242.43835394,true,,experimental_publisher_supplement,10.1038/s41598-025-02564-0
kozlowski_2025_scientific_reports,food_waste_pyrolysis_600c,1,89,3.70833333,4,0.92708333,37,biochar,600,5.0,1283.20000000,319.36666667,217.78628694,true,,experimental_publisher_supplement,10.1038/s41598-025-02564-0
kozlowski_2025_scientific_reports,food_waste_pyrolysis_600c,2,89,3.70833333,4,0.92708333,37,biochar,600,5.0,1279.70000000,319.36666667,216.99543237,true,,experimental_publisher_supplement,10.1038/s41598-025-02564-0
kozlowski_2025_scientific_reports,food_waste_pyrolysis_600c,3,89,3.70833333,4,0.92708333,37,biochar,600,5.0,1032.20000000,319.36666667,161.07071576,false,excluded_from_publisher_mean; inconsistent_raw_signal,experimental_publisher_supplement,10.1038/s41598-025-02564-0
kozlowski_2025_scientific_reports,food_waste_hydrochar_240c,1,89,3.70833333,4,0.92708333,37,hydrochar,240,5.0,1358.30000000,319.36666667,234.75576661,true,,experimental_publisher_supplement,10.1038/s41598-025-02564-0
kozlowski_2025_scientific_reports,food_waste_hydrochar_240c,2,89,3.70833333,4,0.92708333,37,hydrochar,240,5.0,1370.90000000,319.36666667,237.60284309,true,,experimental_publisher_supplement,10.1038/s41598-025-02564-0
kozlowski_2025_scientific_reports,food_waste_hydrochar_240c,3,89,3.70833333,4,0.92708333,37,hydrochar,240,5.0,1378.20000000,319.36666667,239.25233978,true,,experimental_publisher_supplement,10.1038/s41598-025-02564-0
kozlowski_2025_scientific_reports,food_waste,1,90,3.75000000,4,0.93750000,37,none,,0.0,1381.50000000,321.06666667,239.61387330,true,,experimental_publisher_supplement,10.1038/s41598-025-02564-0
kozlowski_2025_scientific_reports,food_waste,2,90,3.75000000,4,0.93750000,37,none,,0.0,1360.90000000,321.06666667,234.95912921,true,,experimental_publisher_supplement,10.1038/s41598-025-02564-0
kozlowski_2025_scientific_reports,food_waste,3,90,3.75000000,4,0.93750000,37,none,,0.0,1360.20000000,321.06666667,234.80095830,true,,experimental_publisher_supplement,10.1038/s41598-025-02564-0
kozlowski_2025_scientific_reports,food_waste_torrefaction_240c,1,90,3.75000000,4,0.93750000,37,torrefaction_product,240,5.0,1404.30000000,321.06666667,244.76572598,true,,experimental_publisher_supplement,10.1038/s41598-025-02564-0
kozlowski_2025_scientific_reports,food_waste_torrefaction_240c,2,90,3.75000000,4,0.93750000,37,torrefaction_product,240,5.0,202.00000000,321.06666667,-26.90411956,false,excluded_from_publisher_mean; inconsistent_raw_signal,experimental_publisher_supplement,10.1038/s41598-025-02564-0
kozlowski_2025_scientific_reports,food_waste_torrefaction_240c,3,90,3.75000000,4,0.93750000,37,torrefaction_product,240,5.0,1404.20000000,321.06666667,244.74313014,true,,experimental_publisher_supplement,10.1038/s41598-025-02564-0
kozlowski_2025_scientific_reports,food_waste_pyrolysis_600c,1,90,3.75000000,4,0.93750000,37,biochar,600,5.0,1294.50000000,321.06666667,219.95548807,true,,experimental_publisher_supplement,10.1038/s41598-025-02564-0
kozlowski_2025_scientific_reports,food_waste_pyrolysis_600c,2,90,3.75000000,4,0.93750000,37,biochar,600,5.0,1291.40000000,321.06666667,219.25501688,true,,experimental_publisher_supplement,10.1038/s41598-025-02564-0
kozlowski_2025_scientific_reports,food_waste_pyrolysis_600c,3,90,3.75000000,4,0.93750000,37,biochar,600,5.0,1044.00000000,321.06666667,163.35289612,false,excluded_from_publisher_mean; inconsistent_raw_signal,experimental_publisher_supplement,10.1038/s41598-025-02564-0
kozlowski_2025_scientific_reports,food_waste_hydrochar_240c,1,90,3.75000000,4,0.93750000,37,hydrochar,240,5.0,1369.40000000,321.06666667,236.87977605,true,,experimental_publisher_supplement,10.1038/s41598-025-02564-0
kozlowski_2025_scientific_reports,food_waste_hydrochar_240c,2,90,3.75000000,4,0.93750000,37,hydrochar,240,5.0,1382.30000000,321.06666667,239.79464006,true,,experimental_publisher_supplement,10.1038/s41598-025-02564-0
kozlowski_2025_scientific_reports,food_waste_hydrochar_240c,3,90,3.75000000,4,0.93750000,37,hydrochar,240,5.0,1390.00000000,321.06666667,241.53452014,true,,experimental_publisher_supplement,10.1038/s41598-025-02564-0
kozlowski_2025_scientific_reports,food_waste,1,91,3.79166667,4,0.94791667,37,none,,0.0,1392.20000000,322.66666667,241.67009521,true,,experimental_publisher_supplement,10.1038/s41598-025-02564-0
kozlowski_2025_scientific_reports,food_waste,2,91,3.79166667,4,0.94791667,37,none,,0.0,1371.80000000,322.66666667,237.06054281,true,,experimental_publisher_supplement,10.1038/s41598-025-02564-0
kozlowski_2025_scientific_reports,food_waste,3,91,3.79166667,4,0.94791667,37,none,,0.0,1371.60000000,322.66666667,237.01535112,true,,experimental_publisher_supplement,10.1038/s41598-025-02564-0
kozlowski_2025_scientific_reports,food_waste_torrefaction_240c,1,91,3.79166667,4,0.94791667,37,torrefaction_product,240,5.0,1416.00000000,322.66666667,247.04790634,true,,experimental_publisher_supplement,10.1038/s41598-025-02564-0
kozlowski_2025_scientific_reports,food_waste_torrefaction_240c,2,91,3.79166667,4,0.94791667,37,torrefaction_product,240,5.0,202.80000000,322.66666667,-27.08488632,false,excluded_from_publisher_mean; inconsistent_raw_signal,experimental_publisher_supplement,10.1038/s41598-025-02564-0
kozlowski_2025_scientific_reports,food_waste_torrefaction_240c,3,91,3.79166667,4,0.94791667,37,torrefaction_product,240,5.0,1415.80000000,322.66666667,247.00271465,true,,experimental_publisher_supplement,10.1038/s41598-025-02564-0
kozlowski_2025_scientific_reports,food_waste_pyrolysis_600c,1,91,3.79166667,4,0.94791667,37,biochar,600,5.0,1306.30000000,322.66666667,222.26026427,true,,experimental_publisher_supplement,10.1038/s41598-025-02564-0
kozlowski_2025_scientific_reports,food_waste_pyrolysis_600c,2,91,3.79166667,4,0.94791667,37,biochar,600,5.0,1302.90000000,322.66666667,221.49200554,true,,experimental_publisher_supplement,10.1038/s41598-025-02564-0
kozlowski_2025_scientific_reports,food_waste_pyrolysis_600c,3,91,3.79166667,4,0.94791667,37,biochar,600,5.0,1055.30000000,322.66666667,165.54469309,false,excluded_from_publisher_mean; inconsistent_raw_signal,experimental_publisher_supplement,10.1038/s41598-025-02564-0
kozlowski_2025_scientific_reports,food_waste_hydrochar_240c,1,91,3.79166667,4,0.94791667,37,hydrochar,240,5.0,1380.80000000,322.66666667,239.09416887,true,,experimental_publisher_supplement,10.1038/s41598-025-02564-0
kozlowski_2025_scientific_reports,food_waste_hydrochar_240c,2,91,3.79166667,4,0.94791667,37,hydrochar,240,5.0,1393.20000000,322.66666667,241.89605366,true,,experimental_publisher_supplement,10.1038/s41598-025-02564-0
kozlowski_2025_scientific_reports,food_waste_hydrochar_240c,3,91,3.79166667,4,0.94791667,37,hydrochar,240,5.0,1401.60000000,322.66666667,243.79410465,true,,experimental_publisher_supplement,10.1038/s41598-025-02564-0
kozlowski_2025_scientific_reports,food_waste,1,92,3.83333333,4,0.95833333,37,none,,0.0,1403.10000000,324.36666667,243.74891295,true,,experimental_publisher_supplement,10.1038/s41598-025-02564-0
kozlowski_2025_scientific_reports,food_waste,2,92,3.83333333,4,0.95833333,37,none,,0.0,1382.80000000,324.36666667,239.16195640,true,,experimental_publisher_supplement,10.1038/s41598-025-02564-0
kozlowski_2025_scientific_reports,food_waste,3,92,3.83333333,4,0.95833333,37,none,,0.0,1382.70000000,324.36666667,239.13936056,true,,experimental_publisher_supplement,10.1038/s41598-025-02564-0
kozlowski_2025_scientific_reports,food_waste_torrefaction_240c,1,92,3.83333333,4,0.95833333,37,torrefaction_product,240,5.0,1427.00000000,324.36666667,249.14931993,true,,experimental_publisher_supplement,10.1038/s41598-025-02564-0
kozlowski_2025_scientific_reports,food_waste_torrefaction_240c,2,92,3.83333333,4,0.95833333,37,torrefaction_product,240,5.0,203.70000000,324.36666667,-27.26565308,false,excluded_from_publisher_mean; inconsistent_raw_signal,experimental_publisher_supplement,10.1038/s41598-025-02564-0
kozlowski_2025_scientific_reports,food_waste_torrefaction_240c,3,92,3.83333333,4,0.95833333,37,torrefaction_product,240,5.0,1427.00000000,324.36666667,249.14931993,true,,experimental_publisher_supplement,10.1038/s41598-025-02564-0
kozlowski_2025_scientific_reports,food_waste_pyrolysis_600c,1,92,3.83333333,4,0.95833333,37,biochar,600,5.0,1317.40000000,324.36666667,224.38427371,true,,experimental_publisher_supplement,10.1038/s41598-025-02564-0
kozlowski_2025_scientific_reports,food_waste_pyrolysis_600c,2,92,3.83333333,4,0.95833333,37,biochar,600,5.0,1315.10000000,324.36666667,223.86456927,true,,experimental_publisher_supplement,10.1038/s41598-025-02564-0
kozlowski_2025_scientific_reports,food_waste_pyrolysis_600c,3,92,3.83333333,4,0.95833333,37,biochar,600,5.0,1066.70000000,324.36666667,167.73649007,false,excluded_from_publisher_mean; inconsistent_raw_signal,experimental_publisher_supplement,10.1038/s41598-025-02564-0
kozlowski_2025_scientific_reports,food_waste_hydrochar_240c,1,92,3.83333333,4,0.95833333,37,hydrochar,240,5.0,1391.70000000,324.36666667,241.17298661,true,,experimental_publisher_supplement,10.1038/s41598-025-02564-0
kozlowski_2025_scientific_reports,food_waste_hydrochar_240c,2,92,3.83333333,4,0.95833333,37,hydrochar,240,5.0,1404.70000000,324.36666667,244.11044648,true,,experimental_publisher_supplement,10.1038/s41598-025-02564-0
kozlowski_2025_scientific_reports,food_waste_hydrochar_240c,3,92,3.83333333,4,0.95833333,37,hydrochar,240,5.0,1412.90000000,324.36666667,245.96330577,true,,experimental_publisher_supplement,10.1038/s41598-025-02564-0
kozlowski_2025_scientific_reports,food_waste,1,93,3.87500000,4,0.96875000,37,none,,0.0,1413.30000000,326.00000000,245.68462368,true,,experimental_publisher_supplement,10.1038/s41598-025-02564-0
kozlowski_2025_scientific_reports,food_waste,2,93,3.87500000,4,0.96875000,37,none,,0.0,1393.60000000,326.00000000,241.23324220,true,,experimental_publisher_supplement,10.1038/s41598-025-02564-0
kozlowski_2025_scientific_reports,food_waste,3,93,3.87500000,4,0.96875000,37,none,,0.0,1393.50000000,326.00000000,241.21064636,true,,experimental_publisher_supplement,10.1038/s41598-025-02564-0
kozlowski_2025_scientific_reports,food_waste_torrefaction_240c,1,93,3.87500000,4,0.96875000,37,torrefaction_product,240,5.0,1438.90000000,326.00000000,251.46916003,true,,experimental_publisher_supplement,10.1038/s41598-025-02564-0
kozlowski_2025_scientific_reports,food_waste_torrefaction_240c,2,93,3.87500000,4,0.96875000,37,torrefaction_product,240,5.0,204.50000000,326.00000000,-27.45395179,false,excluded_from_publisher_mean; inconsistent_raw_signal,experimental_publisher_supplement,10.1038/s41598-025-02564-0
kozlowski_2025_scientific_reports,food_waste_torrefaction_240c,3,93,3.87500000,4,0.96875000,37,torrefaction_product,240,5.0,1438.40000000,326.00000000,251.35618080,true,,experimental_publisher_supplement,10.1038/s41598-025-02564-0
kozlowski_2025_scientific_reports,food_waste_pyrolysis_600c,1,93,3.87500000,4,0.96875000,37,biochar,600,5.0,1329.10000000,326.00000000,226.65892212,true,,experimental_publisher_supplement,10.1038/s41598-025-02564-0
kozlowski_2025_scientific_reports,food_waste_pyrolysis_600c,2,93,3.87500000,4,0.96875000,37,biochar,600,5.0,1326.40000000,326.00000000,226.04883430,true,,experimental_publisher_supplement,10.1038/s41598-025-02564-0
kozlowski_2025_scientific_reports,food_waste_pyrolysis_600c,3,93,3.87500000,4,0.96875000,37,biochar,600,5.0,1078.30000000,326.00000000,169.98854263,false,excluded_from_publisher_mean; inconsistent_raw_signal,experimental_publisher_supplement,10.1038/s41598-025-02564-0
kozlowski_2025_scientific_reports,food_waste_hydrochar_240c,1,93,3.87500000,4,0.96875000,37,hydrochar,240,5.0,1403.20000000,326.00000000,243.40244333,true,,experimental_publisher_supplement,10.1038/s41598-025-02564-0
kozlowski_2025_scientific_reports,food_waste_hydrochar_240c,2,93,3.87500000,4,0.96875000,37,hydrochar,240,5.0,1416.10000000,326.00000000,246.31730735,true,,experimental_publisher_supplement,10.1038/s41598-025-02564-0
kozlowski_2025_scientific_reports,food_waste_hydrochar_240c,3,93,3.87500000,4,0.96875000,37,hydrochar,240,5.0,1424.20000000,326.00000000,248.14757080,true,,experimental_publisher_supplement,10.1038/s41598-025-02564-0
kozlowski_2025_scientific_reports,food_waste,1,94,3.91666667,4,0.97916667,37,none,,0.0,1423.60000000,327.63333333,247.64293026,true,,experimental_publisher_supplement,10.1038/s41598-025-02564-0
kozlowski_2025_scientific_reports,food_waste,2,94,3.91666667,4,0.97916667,37,none,,0.0,1404.50000000,327.63333333,243.32712385,true,,experimental_publisher_supplement,10.1038/s41598-025-02564-0
kozlowski_2025_scientific_reports,food_waste,3,94,3.91666667,4,0.97916667,37,none,,0.0,1404.40000000,327.63333333,243.30452800,true,,experimental_publisher_supplement,10.1038/s41598-025-02564-0
kozlowski_2025_scientific_reports,food_waste_torrefaction_240c,1,94,3.91666667,4,0.97916667,37,torrefaction_product,240,5.0,1450.30000000,327.63333333,253.67602090,true,,experimental_publisher_supplement,10.1038/s41598-025-02564-0
kozlowski_2025_scientific_reports,food_waste_torrefaction_240c,2,94,3.91666667,4,0.97916667,37,torrefaction_product,240,5.0,212.70000000,327.63333333,-25.97015796,false,excluded_from_publisher_mean; inconsistent_raw_signal,experimental_publisher_supplement,10.1038/s41598-025-02564-0
kozlowski_2025_scientific_reports,food_waste_torrefaction_240c,3,94,3.91666667,4,0.97916667,37,torrefaction_product,240,5.0,1449.00000000,327.63333333,253.38227491,true,,experimental_publisher_supplement,10.1038/s41598-025-02564-0
kozlowski_2025_scientific_reports,food_waste_pyrolysis_600c,1,94,3.91666667,4,0.97916667,37,biochar,600,5.0,1340.80000000,327.63333333,228.93357052,true,,experimental_publisher_supplement,10.1038/s41598-025-02564-0
kozlowski_2025_scientific_reports,food_waste_pyrolysis_600c,2,94,3.91666667,4,0.97916667,37,biochar,600,5.0,1337.90000000,327.63333333,228.27829102,true,,experimental_publisher_supplement,10.1038/s41598-025-02564-0
kozlowski_2025_scientific_reports,food_waste_pyrolysis_600c,3,94,3.91666667,4,0.97916667,37,biochar,600,5.0,1088.90000000,327.63333333,172.01463674,false,excluded_from_publisher_mean; inconsistent_raw_signal,experimental_publisher_supplement,10.1038/s41598-025-02564-0
kozlowski_2025_scientific_reports,food_waste_hydrochar_240c,1,94,3.91666667,4,0.97916667,37,hydrochar,240,5.0,1414.60000000,327.63333333,245.60930420,true,,experimental_publisher_supplement,10.1038/s41598-025-02564-0
kozlowski_2025_scientific_reports,food_waste_hydrochar_240c,2,94,3.91666667,4,0.97916667,37,hydrochar,240,5.0,1426.70000000,327.63333333,248.34340146,true,,experimental_publisher_supplement,10.1038/s41598-025-02564-0
kozlowski_2025_scientific_reports,food_waste_hydrochar_240c,3,94,3.91666667,4,0.97916667,37,hydrochar,240,5.0,1434.80000000,327.63333333,250.17366491,true,,experimental_publisher_supplement,10.1038/s41598-025-02564-0
kozlowski_2025_scientific_reports,food_waste,1,95,3.95833333,4,0.98958333,37,none,,0.0,1433.70000000,329.30000000,249.54851320,true,,experimental_publisher_supplement,10.1038/s41598-025-02564-0
kozlowski_2025_scientific_reports,food_waste,2,95,3.95833333,4,0.98958333,37,none,,0.0,1415.40000000,329.30000000,245.41347354,true,,experimental_publisher_supplement,10.1038/s41598-025-02564-0
kozlowski_2025_scientific_reports,food_waste,3,95,3.95833333,4,0.98958333,37,none,,0.0,1415.30000000,329.30000000,245.39087770,true,,experimental_publisher_supplement,10.1038/s41598-025-02564-0
kozlowski_2025_scientific_reports,food_waste_torrefaction_240c,1,95,3.95833333,4,0.98958333,37,torrefaction_product,240,5.0,1461.30000000,329.30000000,255.78496644,true,,experimental_publisher_supplement,10.1038/s41598-025-02564-0
kozlowski_2025_scientific_reports,food_waste_torrefaction_240c,2,95,3.95833333,4,0.98958333,37,torrefaction_product,240,5.0,223.80000000,329.30000000,-23.83861657,false,excluded_from_publisher_mean; inconsistent_raw_signal,experimental_publisher_supplement,10.1038/s41598-025-02564-0
kozlowski_2025_scientific_reports,food_waste_torrefaction_240c,3,95,3.95833333,4,0.98958333,37,torrefaction_product,240,5.0,1459.90000000,329.30000000,255.46862461,true,,experimental_publisher_supplement,10.1038/s41598-025-02564-0
kozlowski_2025_scientific_reports,food_waste_pyrolysis_600c,1,95,3.95833333,4,0.98958333,37,biochar,600,5.0,1352.00000000,329.30000000,231.08770776,true,,experimental_publisher_supplement,10.1038/s41598-025-02564-0
kozlowski_2025_scientific_reports,food_waste_pyrolysis_600c,2,95,3.95833333,4,0.98958333,37,biochar,600,5.0,1349.50000000,329.30000000,230.52281163,true,,experimental_publisher_supplement,10.1038/s41598-025-02564-0
kozlowski_2025_scientific_reports,food_waste_pyrolysis_600c,3,95,3.95833333,4,0.98958333,37,biochar,600,5.0,1100.30000000,329.30000000,174.21396566,false,excluded_from_publisher_mean; inconsistent_raw_signal,experimental_publisher_supplement,10.1038/s41598-025-02564-0
kozlowski_2025_scientific_reports,food_waste_hydrochar_240c,1,95,3.95833333,4,0.98958333,37,hydrochar,240,5.0,1425.50000000,329.30000000,247.69565390,true,,experimental_publisher_supplement,10.1038/s41598-025-02564-0
kozlowski_2025_scientific_reports,food_waste_hydrochar_240c,2,95,3.95833333,4,0.98958333,37,hydrochar,240,5.0,1437.80000000,329.30000000,250.47494284,true,,experimental_publisher_supplement,10.1038/s41598-025-02564-0
kozlowski_2025_scientific_reports,food_waste_hydrochar_240c,3,95,3.95833333,4,0.98958333,37,hydrochar,240,5.0,1445.60000000,329.30000000,252.23741876,true,,experimental_publisher_supplement,10.1038/s41598-025-02564-0
kozlowski_2025_scientific_reports,food_waste,1,96,4.00000000,4,1.00000000,37,none,,0.0,1443.10000000,330.80000000,251.33358496,true,,experimental_publisher_supplement,10.1038/s41598-025-02564-0
kozlowski_2025_scientific_reports,food_waste,2,96,4.00000000,4,1.00000000,37,none,,0.0,1425.50000000,330.80000000,247.35671622,true,,experimental_publisher_supplement,10.1038/s41598-025-02564-0
kozlowski_2025_scientific_reports,food_waste,3,96,4.00000000,4,1.00000000,37,none,,0.0,1425.40000000,330.80000000,247.33412038,true,,experimental_publisher_supplement,10.1038/s41598-025-02564-0
kozlowski_2025_scientific_reports,food_waste_torrefaction_240c,1,96,4.00000000,4,1.00000000,37,torrefaction_product,240,5.0,1472.10000000,330.80000000,257.88638003,true,,experimental_publisher_supplement,10.1038/s41598-025-02564-0
kozlowski_2025_scientific_reports,food_waste_torrefaction_240c,2,96,4.00000000,4,1.00000000,37,torrefaction_product,240,5.0,234.90000000,330.80000000,-21.66941544,false,excluded_from_publisher_mean; inconsistent_raw_signal,experimental_publisher_supplement,10.1038/s41598-025-02564-0
kozlowski_2025_scientific_reports,food_waste_torrefaction_240c,3,96,4.00000000,4,1.00000000,37,torrefaction_product,240,5.0,1470.90000000,330.80000000,257.61522989,true,,experimental_publisher_supplement,10.1038/s41598-025-02564-0
kozlowski_2025_scientific_reports,food_waste_pyrolysis_600c,1,96,4.00000000,4,1.00000000,37,biochar,600,5.0,1363.00000000,330.80000000,233.23431304,true,,experimental_publisher_supplement,10.1038/s41598-025-02564-0
kozlowski_2025_scientific_reports,food_waste_pyrolysis_600c,2,96,4.00000000,4,1.00000000,37,biochar,600,5.0,1360.60000000,330.80000000,232.69201276,true,,experimental_publisher_supplement,10.1038/s41598-025-02564-0
kozlowski_2025_scientific_reports,food_waste_pyrolysis_600c,3,96,4.00000000,4,1.00000000,37,biochar,600,5.0,1111.70000000,330.80000000,176.45095432,false,excluded_from_publisher_mean; inconsistent_raw_signal,experimental_publisher_supplement,10.1038/s41598-025-02564-0
kozlowski_2025_scientific_reports,food_waste_hydrochar_240c,1,96,4.00000000,4,1.00000000,37,hydrochar,240,5.0,1435.90000000,330.80000000,249.70668411,true,,experimental_publisher_supplement,10.1038/s41598-025-02564-0
kozlowski_2025_scientific_reports,food_waste_hydrochar_240c,2,96,4.00000000,4,1.00000000,37,hydrochar,240,5.0,1448.40000000,330.80000000,252.53116475,true,,experimental_publisher_supplement,10.1038/s41598-025-02564-0
kozlowski_2025_scientific_reports,food_waste_hydrochar_240c,3,96,4.00000000,4,1.00000000,37,hydrochar,240,5.0,1456.80000000,330.80000000,254.42921573,true,,experimental_publisher_supplement,10.1038/s41598-025-02564-0
kozlowski_2025_scientific_reports,food_waste,1,97,4.04166667,4,1.01041667,37,none,,0.0,1452.90000000,332.33333333,253.20150815,true,,experimental_publisher_supplement,10.1038/s41598-025-02564-0
kozlowski_2025_scientific_reports,food_waste,2,97,4.04166667,4,1.01041667,37,none,,0.0,1435.70000000,332.33333333,249.31502280,true,,experimental_publisher_supplement,10.1038/s41598-025-02564-0
kozlowski_2025_scientific_reports,food_waste,3,97,4.04166667,4,1.01041667,37,none,,0.0,1435.80000000,332.33333333,249.33761864,true,,experimental_publisher_supplement,10.1038/s41598-025-02564-0
kozlowski_2025_scientific_reports,food_waste_torrefaction_240c,1,97,4.04166667,4,1.01041667,37,torrefaction_product,240,5.0,1482.80000000,332.33333333,259.95766583,true,,experimental_publisher_supplement,10.1038/s41598-025-02564-0
kozlowski_2025_scientific_reports,food_waste_torrefaction_240c,2,97,4.04166667,4,1.01041667,37,torrefaction_product,240,5.0,245.70000000,332.33333333,-19.57553380,false,excluded_from_publisher_mean; inconsistent_raw_signal,experimental_publisher_supplement,10.1038/s41598-025-02564-0
kozlowski_2025_scientific_reports,food_waste_torrefaction_240c,3,97,4.04166667,4,1.01041667,37,torrefaction_product,240,5.0,1481.60000000,332.33333333,259.68651569,true,,experimental_publisher_supplement,10.1038/s41598-025-02564-0
kozlowski_2025_scientific_reports,food_waste_pyrolysis_600c,1,97,4.04166667,4,1.01041667,37,biochar,600,5.0,1374.00000000,332.33333333,235.37338637,true,,experimental_publisher_supplement,10.1038/s41598-025-02564-0
kozlowski_2025_scientific_reports,food_waste_pyrolysis_600c,2,97,4.04166667,4,1.01041667,37,biochar,600,5.0,1372.10000000,332.33333333,234.94406532,true,,experimental_publisher_supplement,10.1038/s41598-025-02564-0
kozlowski_2025_scientific_reports,food_waste_pyrolysis_600c,3,97,4.04166667,4,1.01041667,37,biochar,600,5.0,1122.40000000,332.33333333,178.52224012,false,excluded_from_publisher_mean; inconsistent_raw_signal,experimental_publisher_supplement,10.1038/s41598-025-02564-0
kozlowski_2025_scientific_reports,food_waste_hydrochar_240c,1,97,4.04166667,4,1.01041667,37,hydrochar,240,5.0,1446.70000000,332.33333333,251.80056576,true,,experimental_publisher_supplement,10.1038/s41598-025-02564-0
kozlowski_2025_scientific_reports,food_waste_hydrochar_240c,2,97,4.04166667,4,1.01041667,37,hydrochar,240,5.0,1458.50000000,332.33333333,254.46687548,true,,experimental_publisher_supplement,10.1038/s41598-025-02564-0
kozlowski_2025_scientific_reports,food_waste_hydrochar_240c,3,97,4.04166667,4,1.01041667,37,hydrochar,240,5.0,1467.50000000,332.33333333,256.50050154,true,,experimental_publisher_supplement,10.1038/s41598-025-02564-0
kozlowski_2025_scientific_reports,food_waste,1,98,4.08333333,5,1.02083333,37,none,,0.0,1462.30000000,333.76666667,255.00164381,true,,experimental_publisher_supplement,10.1038/s41598-025-02564-0
kozlowski_2025_scientific_reports,food_waste,2,98,4.08333333,5,1.02083333,37,none,,0.0,1445.50000000,333.76666667,251.20554184,true,,experimental_publisher_supplement,10.1038/s41598-025-02564-0
kozlowski_2025_scientific_reports,food_waste,3,98,4.08333333,5,1.02083333,37,none,,0.0,1445.80000000,333.76666667,251.27332937,true,,experimental_publisher_supplement,10.1038/s41598-025-02564-0
kozlowski_2025_scientific_reports,food_waste_torrefaction_240c,1,98,4.08333333,5,1.02083333,37,torrefaction_product,240,5.0,1493.00000000,333.76666667,261.93856825,true,,experimental_publisher_supplement,10.1038/s41598-025-02564-0
kozlowski_2025_scientific_reports,food_waste_torrefaction_240c,2,98,4.08333333,5,1.02083333,37,torrefaction_product,240,5.0,256.00000000,333.76666667,-17.57203553,false,excluded_from_publisher_mean; inconsistent_raw_signal,experimental_publisher_supplement,10.1038/s41598-025-02564-0
kozlowski_2025_scientific_reports,food_waste_torrefaction_240c,3,98,4.08333333,5,1.02083333,37,torrefaction_product,240,5.0,1491.60000000,333.76666667,261.62222642,true,,experimental_publisher_supplement,10.1038/s41598-025-02564-0
kozlowski_2025_scientific_reports,food_waste_pyrolysis_600c,1,98,4.08333333,5,1.02083333,37,biochar,600,5.0,1384.50000000,333.76666667,237.42207633,true,,experimental_publisher_supplement,10.1038/s41598-025-02564-0
kozlowski_2025_scientific_reports,food_waste_pyrolysis_600c,2,98,4.08333333,5,1.02083333,37,biochar,600,5.0,1383.00000000,333.76666667,237.08313865,true,,experimental_publisher_supplement,10.1038/s41598-025-02564-0
kozlowski_2025_scientific_reports,food_waste_pyrolysis_600c,3,98,4.08333333,5,1.02083333,37,biochar,600,5.0,1133.30000000,333.76666667,180.66131346,false,excluded_from_publisher_mean; inconsistent_raw_signal,experimental_publisher_supplement,10.1038/s41598-025-02564-0
kozlowski_2025_scientific_reports,food_waste_hydrochar_240c,1,98,4.08333333,5,1.02083333,37,hydrochar,240,5.0,1457.30000000,333.76666667,253.87185156,true,,experimental_publisher_supplement,10.1038/s41598-025-02564-0
kozlowski_2025_scientific_reports,food_waste_hydrochar_240c,2,98,4.08333333,5,1.02083333,37,hydrochar,240,5.0,1468.80000000,333.76666667,256.47037374,true,,experimental_publisher_supplement,10.1038/s41598-025-02564-0
kozlowski_2025_scientific_reports,food_waste_hydrochar_240c,3,98,4.08333333,5,1.02083333,37,hydrochar,240,5.0,1477.40000000,333.76666667,258.41361642,true,,experimental_publisher_supplement,10.1038/s41598-025-02564-0
kozlowski_2025_scientific_reports,food_waste,1,99,4.12500000,5,1.03125000,37,none,,0.0,1471.00000000,335.13333333,256.65867245,true,,experimental_publisher_supplement,10.1038/s41598-025-02564-0
kozlowski_2025_scientific_reports,food_waste,2,99,4.12500000,5,1.03125000,37,none,,0.0,1454.90000000,335.13333333,253.02074139,true,,experimental_publisher_supplement,10.1038/s41598-025-02564-0
kozlowski_2025_scientific_reports,food_waste,3,99,4.12500000,5,1.03125000,37,none,,0.0,1455.70000000,335.13333333,253.20150815,true,,experimental_publisher_supplement,10.1038/s41598-025-02564-0
kozlowski_2025_scientific_reports,food_waste_torrefaction_240c,1,99,4.12500000,5,1.03125000,37,torrefaction_product,240,5.0,1503.30000000,335.13333333,263.95713042,true,,experimental_publisher_supplement,10.1038/s41598-025-02564-0
kozlowski_2025_scientific_reports,food_waste_torrefaction_240c,2,99,4.12500000,5,1.03125000,37,torrefaction_product,240,5.0,256.40000000,335.13333333,-17.79046204,false,excluded_from_publisher_mean; inconsistent_raw_signal,experimental_publisher_supplement,10.1038/s41598-025-02564-0
kozlowski_2025_scientific_reports,food_waste_torrefaction_240c,3,99,4.12500000,5,1.03125000,37,torrefaction_product,240,5.0,1501.90000000,335.13333333,263.64078858,true,,experimental_publisher_supplement,10.1038/s41598-025-02564-0
kozlowski_2025_scientific_reports,food_waste_pyrolysis_600c,1,99,4.12500000,5,1.03125000,37,biochar,600,5.0,1395.40000000,335.13333333,239.57621356,true,,experimental_publisher_supplement,10.1038/s41598-025-02564-0
kozlowski_2025_scientific_reports,food_waste_pyrolysis_600c,2,99,4.12500000,5,1.03125000,37,biochar,600,5.0,1393.60000000,335.13333333,239.16948835,true,,experimental_publisher_supplement,10.1038/s41598-025-02564-0
kozlowski_2025_scientific_reports,food_waste_pyrolysis_600c,3,99,4.12500000,5,1.03125000,37,biochar,600,5.0,1144.30000000,335.13333333,182.83804654,false,excluded_from_publisher_mean; inconsistent_raw_signal,experimental_publisher_supplement,10.1038/s41598-025-02564-0
kozlowski_2025_scientific_reports,food_waste_hydrochar_240c,1,99,4.12500000,5,1.03125000,37,hydrochar,240,5.0,1467.20000000,335.13333333,255.80003034,true,,experimental_publisher_supplement,10.1038/s41598-025-02564-0
kozlowski_2025_scientific_reports,food_waste_hydrochar_240c,2,99,4.12500000,5,1.03125000,37,hydrochar,240,5.0,1478.80000000,335.13333333,258.42114837,true,,experimental_publisher_supplement,10.1038/s41598-025-02564-0
kozlowski_2025_scientific_reports,food_waste_hydrochar_240c,3,99,4.12500000,5,1.03125000,37,hydrochar,240,5.0,1487.40000000,335.13333333,260.36439105,true,,experimental_publisher_supplement,10.1038/s41598-025-02564-0
kozlowski_2025_scientific_reports,food_waste,1,100,4.16666667,5,1.04166667,37,none,,0.0,1479.80000000,336.56666667,258.32323304,true,,experimental_publisher_supplement,10.1038/s41598-025-02564-0
kozlowski_2025_scientific_reports,food_waste,2,100,4.16666667,5,1.04166667,37,none,,0.0,1464.50000000,336.56666667,254.86606874,true,,experimental_publisher_supplement,10.1038/s41598-025-02564-0
kozlowski_2025_scientific_reports,food_waste,3,100,4.16666667,5,1.04166667,37,none,,0.0,1465.40000000,336.56666667,255.06943135,true,,experimental_publisher_supplement,10.1038/s41598-025-02564-0
kozlowski_2025_scientific_reports,food_waste_torrefaction_240c,1,100,4.16666667,5,1.04166667,37,torrefaction_product,240,5.0,1514.10000000,336.56666667,266.07360791,true,,experimental_publisher_supplement,10.1038/s41598-025-02564-0
kozlowski_2025_scientific_reports,food_waste_torrefaction_240c,2,100,4.16666667,5,1.04166667,37,torrefaction_product,240,5.0,256.70000000,336.56666667,-18.04654828,false,excluded_from_publisher_mean; inconsistent_raw_signal,experimental_publisher_supplement,10.1038/s41598-025-02564-0
kozlowski_2025_scientific_reports,food_waste_torrefaction_240c,3,100,4.16666667,5,1.04166667,37,torrefaction_product,240,5.0,1512.40000000,336.56666667,265.68947854,true,,experimental_publisher_supplement,10.1038/s41598-025-02564-0
kozlowski_2025_scientific_reports,food_waste_pyrolysis_600c,1,100,4.16666667,5,1.04166667,37,biochar,600,5.0,1406.60000000,336.56666667,241.78307443,true,,experimental_publisher_supplement,10.1038/s41598-025-02564-0
kozlowski_2025_scientific_reports,food_waste_pyrolysis_600c,2,100,4.16666667,5,1.04166667,37,biochar,600,5.0,1405.10000000,336.56666667,241.44413676,true,,experimental_publisher_supplement,10.1038/s41598-025-02564-0
kozlowski_2025_scientific_reports,food_waste_pyrolysis_600c,3,100,4.16666667,5,1.04166667,37,biochar,600,5.0,1154.90000000,336.56666667,184.90933234,false,excluded_from_publisher_mean; inconsistent_raw_signal,experimental_publisher_supplement,10.1038/s41598-025-02564-0
kozlowski_2025_scientific_reports,food_waste_hydrochar_240c,1,100,4.16666667,5,1.04166667,37,hydrochar,240,5.0,1477.50000000,336.56666667,257.80352860,true,,experimental_publisher_supplement,10.1038/s41598-025-02564-0
kozlowski_2025_scientific_reports,food_waste_hydrochar_240c,2,100,4.16666667,5,1.04166667,37,hydrochar,240,5.0,1488.90000000,336.56666667,260.37945494,true,,experimental_publisher_supplement,10.1038/s41598-025-02564-0
kozlowski_2025_scientific_reports,food_waste_hydrochar_240c,3,100,4.16666667,5,1.04166667,37,hydrochar,240,5.0,1497.50000000,336.56666667,262.32269762,true,,experimental_publisher_supplement,10.1038/s41598-025-02564-0
kozlowski_2025_scientific_reports,food_waste,1,101,4.20833333,5,1.05208333,37,none,,0.0,1488.80000000,337.86666667,260.06311311,true,,experimental_publisher_supplement,10.1038/s41598-025-02564-0
kozlowski_2025_scientific_reports,food_waste,2,101,4.20833333,5,1.05208333,37,none,,0.0,1473.70000000,337.86666667,256.65114050,true,,experimental_publisher_supplement,10.1038/s41598-025-02564-0
kozlowski_2025_scientific_reports,food_waste,3,101,4.20833333,5,1.05208333,37,none,,0.0,1474.50000000,337.86666667,256.83190726,true,,experimental_publisher_supplement,10.1038/s41598-025-02564-0
kozlowski_2025_scientific_reports,food_waste_torrefaction_240c,1,101,4.20833333,5,1.05208333,37,torrefaction_product,240,5.0,1524.20000000,337.86666667,268.06204227,true,,experimental_publisher_supplement,10.1038/s41598-025-02564-0
kozlowski_2025_scientific_reports,food_waste_torrefaction_240c,2,101,4.20833333,5,1.05208333,37,torrefaction_product,240,5.0,257.00000000,337.86666667,-18.27250673,false,excluded_from_publisher_mean; inconsistent_raw_signal,experimental_publisher_supplement,10.1038/s41598-025-02564-0
kozlowski_2025_scientific_reports,food_waste_torrefaction_240c,3,101,4.20833333,5,1.05208333,37,torrefaction_product,240,5.0,1522.40000000,337.86666667,267.65531706,true,,experimental_publisher_supplement,10.1038/s41598-025-02564-0
kozlowski_2025_scientific_reports,food_waste_pyrolysis_600c,1,101,4.20833333,5,1.05208333,37,biochar,600,5.0,1416.80000000,337.86666667,243.79410465,true,,experimental_publisher_supplement,10.1038/s41598-025-02564-0
kozlowski_2025_scientific_reports,food_waste_pyrolysis_600c,2,101,4.20833333,5,1.05208333,37,biochar,600,5.0,1416.00000000,337.86666667,243.61333788,true,,experimental_publisher_supplement,10.1038/s41598-025-02564-0
kozlowski_2025_scientific_reports,food_waste_pyrolysis_600c,3,101,4.20833333,5,1.05208333,37,biochar,600,5.0,1165.50000000,337.86666667,187.01074593,false,excluded_from_publisher_mean; inconsistent_raw_signal,experimental_publisher_supplement,10.1038/s41598-025-02564-0
kozlowski_2025_scientific_reports,food_waste_hydrochar_240c,1,101,4.20833333,5,1.05208333,37,hydrochar,240,5.0,1487.70000000,337.86666667,259.81455882,true,,experimental_publisher_supplement,10.1038/s41598-025-02564-0
kozlowski_2025_scientific_reports,food_waste_hydrochar_240c,2,101,4.20833333,5,1.05208333,37,hydrochar,240,5.0,1498.70000000,337.86666667,262.30010178,true,,experimental_publisher_supplement,10.1038/s41598-025-02564-0
kozlowski_2025_scientific_reports,food_waste_hydrochar_240c,3,101,4.20833333,5,1.05208333,37,hydrochar,240,5.0,1507.40000000,337.86666667,264.26594030,true,,experimental_publisher_supplement,10.1038/s41598-025-02564-0
kozlowski_2025_scientific_reports,food_waste,1,102,4.25000000,5,1.06250000,37,none,,0.0,1497.30000000,339.10000000,261.70507785,true,,experimental_publisher_supplement,10.1038/s41598-025-02564-0
kozlowski_2025_scientific_reports,food_waste,2,102,4.25000000,5,1.06250000,37,none,,0.0,1482.50000000,339.10000000,258.36089278,true,,experimental_publisher_supplement,10.1038/s41598-025-02564-0
kozlowski_2025_scientific_reports,food_waste,3,102,4.25000000,5,1.06250000,37,none,,0.0,1483.80000000,339.10000000,258.65463877,true,,experimental_publisher_supplement,10.1038/s41598-025-02564-0
kozlowski_2025_scientific_reports,food_waste_torrefaction_240c,1,102,4.25000000,5,1.06250000,37,torrefaction_product,240,5.0,1533.80000000,339.10000000,269.95256131,true,,experimental_publisher_supplement,10.1038/s41598-025-02564-0
kozlowski_2025_scientific_reports,food_waste_torrefaction_240c,2,102,4.25000000,5,1.06250000,37,torrefaction_product,240,5.0,257.40000000,339.10000000,-18.46080544,false,excluded_from_publisher_mean; inconsistent_raw_signal,experimental_publisher_supplement,10.1038/s41598-025-02564-0
kozlowski_2025_scientific_reports,food_waste_torrefaction_240c,3,102,4.25000000,5,1.06250000,37,torrefaction_product,240,5.0,1532.00000000,339.10000000,269.54583610,true,,experimental_publisher_supplement,10.1038/s41598-025-02564-0
kozlowski_2025_scientific_reports,food_waste_pyrolysis_600c,1,102,4.25000000,5,1.06250000,37,biochar,600,5.0,1427.10000000,339.10000000,245.84279460,true,,experimental_publisher_supplement,10.1038/s41598-025-02564-0
kozlowski_2025_scientific_reports,food_waste_pyrolysis_600c,2,102,4.25000000,5,1.06250000,37,biochar,600,5.0,1426.40000000,339.10000000,245.68462368,true,,experimental_publisher_supplement,10.1038/s41598-025-02564-0
kozlowski_2025_scientific_reports,food_waste_pyrolysis_600c,3,102,4.25000000,5,1.06250000,37,biochar,600,5.0,1176.10000000,339.10000000,189.12722342,false,excluded_from_publisher_mean; inconsistent_raw_signal,experimental_publisher_supplement,10.1038/s41598-025-02564-0
kozlowski_2025_scientific_reports,food_waste_hydrochar_240c,1,102,4.25000000,5,1.06250000,37,hydrochar,240,5.0,1497.30000000,339.10000000,261.70507785,true,,experimental_publisher_supplement,10.1038/s41598-025-02564-0
kozlowski_2025_scientific_reports,food_waste_hydrochar_240c,2,102,4.25000000,5,1.06250000,37,hydrochar,240,5.0,1508.10000000,339.10000000,264.14542912,true,,experimental_publisher_supplement,10.1038/s41598-025-02564-0
kozlowski_2025_scientific_reports,food_waste_hydrochar_240c,3,102,4.25000000,5,1.06250000,37,hydrochar,240,5.0,1517.20000000,339.10000000,266.20165103,true,,experimental_publisher_supplement,10.1038/s41598-025-02564-0
kozlowski_2025_scientific_reports,food_waste,1,103,4.29166667,5,1.07291667,37,none,,0.0,1505.90000000,340.33333333,263.36963844,true,,experimental_publisher_supplement,10.1038/s41598-025-02564-0
kozlowski_2025_scientific_reports,food_waste,2,103,4.29166667,5,1.07291667,37,none,,0.0,1491.00000000,340.33333333,260.00285752,true,,experimental_publisher_supplement,10.1038/s41598-025-02564-0
kozlowski_2025_scientific_reports,food_waste,3,103,4.29166667,5,1.07291667,37,none,,0.0,1493.00000000,340.33333333,260.45477443,true,,experimental_publisher_supplement,10.1038/s41598-025-02564-0
kozlowski_2025_scientific_reports,food_waste_torrefaction_240c,1,103,4.29166667,5,1.07291667,37,torrefaction_product,240,5.0,1543.10000000,340.33333333,271.77529282,true,,experimental_publisher_supplement,10.1038/s41598-025-02564-0
kozlowski_2025_scientific_reports,food_waste_torrefaction_240c,2,103,4.29166667,5,1.07291667,37,torrefaction_product,240,5.0,257.70000000,340.33333333,-18.67169999,false,excluded_from_publisher_mean; inconsistent_raw_signal,experimental_publisher_supplement,10.1038/s41598-025-02564-0
kozlowski_2025_scientific_reports,food_waste_torrefaction_240c,3,103,4.29166667,5,1.07291667,37,torrefaction_product,240,5.0,1541.20000000,340.33333333,271.34597176,true,,experimental_publisher_supplement,10.1038/s41598-025-02564-0
kozlowski_2025_scientific_reports,food_waste_pyrolysis_600c,1,103,4.29166667,5,1.07291667,37,biochar,600,5.0,1437.30000000,340.33333333,247.86888871,true,,experimental_publisher_supplement,10.1038/s41598-025-02564-0
kozlowski_2025_scientific_reports,food_waste_pyrolysis_600c,2,103,4.29166667,5,1.07291667,37,biochar,600,5.0,1437.00000000,340.33333333,247.80110117,true,,experimental_publisher_supplement,10.1038/s41598-025-02564-0
kozlowski_2025_scientific_reports,food_waste_pyrolysis_600c,3,103,4.29166667,5,1.07291667,37,biochar,600,5.0,1186.60000000,340.33333333,191.22110506,false,excluded_from_publisher_mean; inconsistent_raw_signal,experimental_publisher_supplement,10.1038/s41598-025-02564-0
kozlowski_2025_scientific_reports,food_waste_hydrochar_240c,1,103,4.29166667,5,1.07291667,37,hydrochar,240,5.0,1506.70000000,340.33333333,263.55040520,true,,experimental_publisher_supplement,10.1038/s41598-025-02564-0
kozlowski_2025_scientific_reports,food_waste_hydrochar_240c,2,103,4.29166667,5,1.07291667,37,hydrochar,240,5.0,1517.10000000,340.33333333,265.90037309,true,,experimental_publisher_supplement,10.1038/s41598-025-02564-0
kozlowski_2025_scientific_reports,food_waste_hydrochar_240c,3,103,4.29166667,5,1.07291667,37,hydrochar,240,5.0,1526.60000000,340.33333333,268.04697838,true,,experimental_publisher_supplement,10.1038/s41598-025-02564-0
kozlowski_2025_scientific_reports,food_waste,1,104,4.33333333,5,1.08333333,37,none,,0.0,1514.40000000,341.53333333,265.01913513,true,,experimental_publisher_supplement,10.1038/s41598-025-02564-0
kozlowski_2025_scientific_reports,food_waste,2,104,4.33333333,5,1.08333333,37,none,,0.0,1499.50000000,341.53333333,261.65235422,true,,experimental_publisher_supplement,10.1038/s41598-025-02564-0
kozlowski_2025_scientific_reports,food_waste,3,104,4.33333333,5,1.08333333,37,none,,0.0,1502.10000000,341.53333333,262.23984619,true,,experimental_publisher_supplement,10.1038/s41598-025-02564-0
kozlowski_2025_scientific_reports,food_waste_torrefaction_240c,1,104,4.33333333,5,1.08333333,37,torrefaction_product,240,5.0,1552.50000000,341.53333333,273.62815211,true,,experimental_publisher_supplement,10.1038/s41598-025-02564-0
kozlowski_2025_scientific_reports,food_waste_torrefaction_240c,2,104,4.33333333,5,1.08333333,37,torrefaction_product,240,5.0,258.00000000,341.53333333,-18.87506260,false,excluded_from_publisher_mean; inconsistent_raw_signal,experimental_publisher_supplement,10.1038/s41598-025-02564-0
kozlowski_2025_scientific_reports,food_waste_torrefaction_240c,3,104,4.33333333,5,1.08333333,37,torrefaction_product,240,5.0,1550.60000000,341.53333333,273.19883106,true,,experimental_publisher_supplement,10.1038/s41598-025-02564-0
kozlowski_2025_scientific_reports,food_waste_pyrolysis_600c,1,104,4.33333333,5,1.08333333,37,biochar,600,5.0,1447.90000000,341.53333333,249.99289815,true,,experimental_publisher_supplement,10.1038/s41598-025-02564-0
kozlowski_2025_scientific_reports,food_waste_pyrolysis_600c,2,104,4.33333333,5,1.08333333,37,biochar,600,5.0,1448.10000000,341.53333333,250.03808984,true,,experimental_publisher_supplement,10.1038/s41598-025-02564-0
kozlowski_2025_scientific_reports,food_waste_pyrolysis_600c,3,104,4.33333333,5,1.08333333,37,biochar,600,5.0,1196.70000000,341.53333333,193.23213528,false,excluded_from_publisher_mean; inconsistent_raw_signal,experimental_publisher_supplement,10.1038/s41598-025-02564-0
kozlowski_2025_scientific_reports,food_waste_hydrochar_240c,1,104,4.33333333,5,1.08333333,37,hydrochar,240,5.0,1516.10000000,341.53333333,265.40326450,true,,experimental_publisher_supplement,10.1038/s41598-025-02564-0
kozlowski_2025_scientific_reports,food_waste_hydrochar_240c,2,104,4.33333333,5,1.08333333,37,hydrochar,240,5.0,1526.20000000,341.53333333,267.68544486,true,,experimental_publisher_supplement,10.1038/s41598-025-02564-0
kozlowski_2025_scientific_reports,food_waste_hydrochar_240c,3,104,4.33333333,5,1.08333333,37,hydrochar,240,5.0,1535.60000000,341.53333333,269.80945429,true,,experimental_publisher_supplement,10.1038/s41598-025-02564-0
kozlowski_2025_scientific_reports,food_waste,1,105,4.37500000,5,1.09375000,37,none,,0.0,1522.70000000,342.70000000,266.63097208,true,,experimental_publisher_supplement,10.1038/s41598-025-02564-0
kozlowski_2025_scientific_reports,food_waste,2,105,4.37500000,5,1.09375000,37,none,,0.0,1508.00000000,342.70000000,263.30938286,true,,experimental_publisher_supplement,10.1038/s41598-025-02564-0
kozlowski_2025_scientific_reports,food_waste,3,105,4.37500000,5,1.09375000,37,none,,0.0,1510.60000000,342.70000000,263.89687483,true,,experimental_publisher_supplement,10.1038/s41598-025-02564-0
kozlowski_2025_scientific_reports,food_waste_torrefaction_240c,1,105,4.37500000,5,1.09375000,37,torrefaction_product,240,5.0,1562.10000000,342.70000000,275.53373505,true,,experimental_publisher_supplement,10.1038/s41598-025-02564-0
kozlowski_2025_scientific_reports,food_waste_torrefaction_240c,2,105,4.37500000,5,1.09375000,37,torrefaction_product,240,5.0,258.40000000,342.70000000,-19.04829741,false,excluded_from_publisher_mean; inconsistent_raw_signal,experimental_publisher_supplement,10.1038/s41598-025-02564-0
kozlowski_2025_scientific_reports,food_waste_torrefaction_240c,3,105,4.37500000,5,1.09375000,37,torrefaction_product,240,5.0,1559.90000000,342.70000000,275.03662646,true,,experimental_publisher_supplement,10.1038/s41598-025-02564-0
kozlowski_2025_scientific_reports,food_waste_pyrolysis_600c,1,105,4.37500000,5,1.09375000,37,biochar,600,5.0,1457.90000000,342.70000000,251.98886447,true,,experimental_publisher_supplement,10.1038/s41598-025-02564-0
kozlowski_2025_scientific_reports,food_waste_pyrolysis_600c,2,105,4.37500000,5,1.09375000,37,biochar,600,5.0,1458.30000000,342.70000000,252.07924785,true,,experimental_publisher_supplement,10.1038/s41598-025-02564-0
kozlowski_2025_scientific_reports,food_waste_pyrolysis_600c,3,105,4.37500000,5,1.09375000,37,biochar,600,5.0,1206.80000000,342.70000000,195.25069744,false,excluded_from_publisher_mean; inconsistent_raw_signal,experimental_publisher_supplement,10.1038/s41598-025-02564-0
kozlowski_2025_scientific_reports,food_waste_hydrochar_240c,1,105,4.37500000,5,1.09375000,37,hydrochar,240,5.0,1525.20000000,342.70000000,267.19586821,true,,experimental_publisher_supplement,10.1038/s41598-025-02564-0
kozlowski_2025_scientific_reports,food_waste_hydrochar_240c,2,105,4.37500000,5,1.09375000,37,hydrochar,240,5.0,1535.40000000,342.70000000,269.50064441,true,,experimental_publisher_supplement,10.1038/s41598-025-02564-0
kozlowski_2025_scientific_reports,food_waste_hydrochar_240c,3,105,4.37500000,5,1.09375000,37,hydrochar,240,5.0,1544.60000000,342.70000000,271.57946216,true,,experimental_publisher_supplement,10.1038/s41598-025-02564-0
kozlowski_2025_scientific_reports,food_waste,1,106,4.41666667,5,1.10416667,37,none,,0.0,1531.10000000,343.90000000,268.25787293,true,,experimental_publisher_supplement,10.1038/s41598-025-02564-0
kozlowski_2025_scientific_reports,food_waste,2,106,4.41666667,5,1.10416667,37,none,,0.0,1516.30000000,343.90000000,264.91368786,true,,experimental_publisher_supplement,10.1038/s41598-025-02564-0
kozlowski_2025_scientific_reports,food_waste,3,106,4.41666667,5,1.10416667,37,none,,0.0,1519.60000000,343.90000000,265.65935075,true,,experimental_publisher_supplement,10.1038/s41598-025-02564-0
kozlowski_2025_scientific_reports,food_waste_torrefaction_240c,1,106,4.41666667,5,1.10416667,37,torrefaction_product,240,5.0,1571.10000000,343.90000000,277.29621097,true,,experimental_publisher_supplement,10.1038/s41598-025-02564-0
kozlowski_2025_scientific_reports,food_waste_torrefaction_240c,2,106,4.41666667,5,1.10416667,37,torrefaction_product,240,5.0,258.70000000,343.90000000,-19.25166002,false,excluded_from_publisher_mean; inconsistent_raw_signal,experimental_publisher_supplement,10.1038/s41598-025-02564-0
kozlowski_2025_scientific_reports,food_waste_torrefaction_240c,3,106,4.41666667,5,1.10416667,37,torrefaction_product,240,5.0,1569.00000000,343.90000000,276.82169822,true,,experimental_publisher_supplement,10.1038/s41598-025-02564-0
kozlowski_2025_scientific_reports,food_waste_pyrolysis_600c,1,106,4.41666667,5,1.10416667,37,biochar,600,5.0,1467.70000000,343.90000000,253.93210714,true,,experimental_publisher_supplement,10.1038/s41598-025-02564-0
kozlowski_2025_scientific_reports,food_waste_pyrolysis_600c,2,106,4.41666667,5,1.10416667,37,biochar,600,5.0,1468.20000000,343.90000000,254.04508637,true,,experimental_publisher_supplement,10.1038/s41598-025-02564-0
kozlowski_2025_scientific_reports,food_waste_pyrolysis_600c,3,106,4.41666667,5,1.10416667,37,biochar,600,5.0,1217.00000000,343.90000000,197.28432350,false,excluded_from_publisher_mean; inconsistent_raw_signal,experimental_publisher_supplement,10.1038/s41598-025-02564-0
kozlowski_2025_scientific_reports,food_waste_hydrochar_240c,1,106,4.41666667,5,1.10416667,37,hydrochar,240,5.0,1534.50000000,343.90000000,269.02613166,true,,experimental_publisher_supplement,10.1038/s41598-025-02564-0
kozlowski_2025_scientific_reports,food_waste_hydrochar_240c,2,106,4.41666667,5,1.10416667,37,hydrochar,240,5.0,1544.40000000,343.90000000,271.26312033,true,,experimental_publisher_supplement,10.1038/s41598-025-02564-0
kozlowski_2025_scientific_reports,food_waste_hydrochar_240c,3,106,4.41666667,5,1.10416667,37,hydrochar,240,5.0,1553.50000000,343.90000000,273.31934223,true,,experimental_publisher_supplement,10.1038/s41598-025-02564-0
kozlowski_2025_scientific_reports,food_waste,1,107,4.45833333,5,1.11458333,37,none,,0.0,1539.30000000,345.06666667,269.84711404,true,,experimental_publisher_supplement,10.1038/s41598-025-02564-0
kozlowski_2025_scientific_reports,food_waste,2,107,4.45833333,5,1.11458333,37,none,,0.0,1524.60000000,345.06666667,266.52552481,true,,experimental_publisher_supplement,10.1038/s41598-025-02564-0
kozlowski_2025_scientific_reports,food_waste,3,107,4.45833333,5,1.11458333,37,none,,0.0,1528.20000000,345.06666667,267.33897523,true,,experimental_publisher_supplement,10.1038/s41598-025-02564-0
kozlowski_2025_scientific_reports,food_waste_torrefaction_240c,1,107,4.45833333,5,1.11458333,37,torrefaction_product,240,5.0,1579.70000000,345.06666667,278.97583545,true,,experimental_publisher_supplement,10.1038/s41598-025-02564-0
kozlowski_2025_scientific_reports,food_waste_torrefaction_240c,2,107,4.45833333,5,1.11458333,37,torrefaction_product,240,5.0,259.00000000,345.06666667,-19.44749068,false,excluded_from_publisher_mean; inconsistent_raw_signal,experimental_publisher_supplement,10.1038/s41598-025-02564-0
kozlowski_2025_scientific_reports,food_waste_torrefaction_240c,3,107,4.45833333,5,1.11458333,37,torrefaction_product,240,5.0,1578.20000000,345.06666667,278.63689778,true,,experimental_publisher_supplement,10.1038/s41598-025-02564-0
kozlowski_2025_scientific_reports,food_waste_pyrolysis_600c,1,107,4.45833333,5,1.11458333,37,biochar,600,5.0,1477.30000000,345.06666667,255.83769008,true,,experimental_publisher_supplement,10.1038/s41598-025-02564-0
kozlowski_2025_scientific_reports,food_waste_pyrolysis_600c,2,107,4.45833333,5,1.11458333,37,biochar,600,5.0,1478.30000000,345.06666667,256.06364853,true,,experimental_publisher_supplement,10.1038/s41598-025-02564-0
kozlowski_2025_scientific_reports,food_waste_pyrolysis_600c,3,107,4.45833333,5,1.11458333,37,biochar,600,5.0,1227.30000000,345.06666667,199.34807735,false,excluded_from_publisher_mean; inconsistent_raw_signal,experimental_publisher_supplement,10.1038/s41598-025-02564-0
kozlowski_2025_scientific_reports,food_waste_hydrochar_240c,1,107,4.45833333,5,1.11458333,37,hydrochar,240,5.0,1543.50000000,345.06666667,270.79613953,true,,experimental_publisher_supplement,10.1038/s41598-025-02564-0
kozlowski_2025_scientific_reports,food_waste_hydrochar_240c,2,107,4.45833333,5,1.11458333,37,hydrochar,240,5.0,1553.20000000,345.06666667,272.98793650,true,,experimental_publisher_supplement,10.1038/s41598-025-02564-0
kozlowski_2025_scientific_reports,food_waste_hydrochar_240c,3,107,4.45833333,5,1.11458333,37,hydrochar,240,5.0,1562.60000000,345.06666667,275.11194594,true,,experimental_publisher_supplement,10.1038/s41598-025-02564-0
kozlowski_2025_scientific_reports,food_waste,1,108,4.50000000,5,1.12500000,37,none,,0.0,1547.50000000,346.26666667,271.42882319,true,,experimental_publisher_supplement,10.1038/s41598-025-02564-0
kozlowski_2025_scientific_reports,food_waste,2,108,4.50000000,5,1.12500000,37,none,,0.0,1532.90000000,346.26666667,268.12982981,true,,experimental_publisher_supplement,10.1038/s41598-025-02564-0
kozlowski_2025_scientific_reports,food_waste,3,108,4.50000000,5,1.12500000,37,none,,0.0,1537.30000000,346.26666667,269.12404699,true,,experimental_publisher_supplement,10.1038/s41598-025-02564-0
kozlowski_2025_scientific_reports,food_waste_torrefaction_240c,1,108,4.50000000,5,1.12500000,37,torrefaction_product,240,5.0,1588.30000000,346.26666667,280.64792799,true,,experimental_publisher_supplement,10.1038/s41598-025-02564-0
kozlowski_2025_scientific_reports,food_waste_torrefaction_240c,2,108,4.50000000,5,1.12500000,37,torrefaction_product,240,5.0,259.40000000,346.26666667,-19.62825744,false,excluded_from_publisher_mean; inconsistent_raw_signal,experimental_publisher_supplement,10.1038/s41598-025-02564-0
kozlowski_2025_scientific_reports,food_waste_torrefaction_240c,3,108,4.50000000,5,1.12500000,37,torrefaction_product,240,5.0,1587.80000000,346.26666667,280.53494876,true,,experimental_publisher_supplement,10.1038/s41598-025-02564-0
kozlowski_2025_scientific_reports,food_waste_pyrolysis_600c,1,108,4.50000000,5,1.12500000,37,biochar,600,5.0,1486.80000000,346.26666667,257.71314522,true,,experimental_publisher_supplement,10.1038/s41598-025-02564-0
kozlowski_2025_scientific_reports,food_waste_pyrolysis_600c,2,108,4.50000000,5,1.12500000,37,biochar,600,5.0,1488.50000000,346.26666667,258.09727459,true,,experimental_publisher_supplement,10.1038/s41598-025-02564-0
kozlowski_2025_scientific_reports,food_waste_pyrolysis_600c,3,108,4.50000000,5,1.12500000,37,biochar,600,5.0,1238.10000000,346.26666667,201.51727848,false,excluded_from_publisher_mean; inconsistent_raw_signal,experimental_publisher_supplement,10.1038/s41598-025-02564-0
kozlowski_2025_scientific_reports,food_waste_hydrochar_240c,1,108,4.50000000,5,1.12500000,37,hydrochar,240,5.0,1552.40000000,346.26666667,272.53601960,true,,experimental_publisher_supplement,10.1038/s41598-025-02564-0
kozlowski_2025_scientific_reports,food_waste_hydrochar_240c,2,108,4.50000000,5,1.12500000,37,hydrochar,240,5.0,1562.00000000,346.26666667,274.70522073,true,,experimental_publisher_supplement,10.1038/s41598-025-02564-0
kozlowski_2025_scientific_reports,food_waste_hydrochar_240c,3,108,4.50000000,5,1.12500000,37,hydrochar,240,5.0,1571.80000000,346.26666667,276.91961355,true,,experimental_publisher_supplement,10.1038/s41598-025-02564-0
kozlowski_2025_scientific_reports,food_waste,1,109,4.54166667,5,1.13541667,37,none,,0.0,1555.50000000,347.43333333,272.97287261,true,,experimental_publisher_supplement,10.1038/s41598-025-02564-0
kozlowski_2025_scientific_reports,food_waste,2,109,4.54166667,5,1.13541667,37,none,,0.0,1541.20000000,347.43333333,269.74166676,true,,experimental_publisher_supplement,10.1038/s41598-025-02564-0
kozlowski_2025_scientific_reports,food_waste,3,109,4.54166667,5,1.13541667,37,none,,0.0,1545.70000000,347.43333333,270.75847979,true,,experimental_publisher_supplement,10.1038/s41598-025-02564-0
kozlowski_2025_scientific_reports,food_waste_torrefaction_240c,1,109,4.54166667,5,1.13541667,37,torrefaction_product,240,5.0,1597.20000000,347.43333333,282.39534001,true,,experimental_publisher_supplement,10.1038/s41598-025-02564-0
kozlowski_2025_scientific_reports,food_waste_torrefaction_240c,2,109,4.54166667,5,1.13541667,37,torrefaction_product,240,5.0,259.70000000,347.43333333,-19.82408809,false,excluded_from_publisher_mean; inconsistent_raw_signal,experimental_publisher_supplement,10.1038/s41598-025-02564-0
kozlowski_2025_scientific_reports,food_waste_torrefaction_240c,3,109,4.54166667,5,1.13541667,37,torrefaction_product,240,5.0,1597.10000000,347.43333333,282.37274417,true,,experimental_publisher_supplement,10.1038/s41598-025-02564-0
kozlowski_2025_scientific_reports,food_waste_pyrolysis_600c,1,109,4.54166667,5,1.13541667,37,biochar,600,5.0,1496.70000000,347.43333333,259.68651569,true,,experimental_publisher_supplement,10.1038/s41598-025-02564-0
kozlowski_2025_scientific_reports,food_waste_pyrolysis_600c,2,109,4.54166667,5,1.13541667,37,biochar,600,5.0,1499.00000000,347.43333333,260.20622013,true,,experimental_publisher_supplement,10.1038/s41598-025-02564-0
kozlowski_2025_scientific_reports,food_waste_pyrolysis_600c,3,109,4.54166667,5,1.13541667,37,biochar,600,5.0,1247.90000000,347.43333333,203.46805310,false,excluded_from_publisher_mean; inconsistent_raw_signal,experimental_publisher_supplement,10.1038/s41598-025-02564-0
kozlowski_2025_scientific_reports,food_waste_hydrochar_240c,1,109,4.54166667,5,1.13541667,37,hydrochar,240,5.0,1561.40000000,347.43333333,274.30602747,true,,experimental_publisher_supplement,10.1038/s41598-025-02564-0
kozlowski_2025_scientific_reports,food_waste_hydrochar_240c,2,109,4.54166667,5,1.13541667,37,hydrochar,240,5.0,1570.60000000,347.43333333,276.38484522,true,,experimental_publisher_supplement,10.1038/s41598-025-02564-0
kozlowski_2025_scientific_reports,food_waste_hydrochar_240c,3,109,4.54166667,5,1.13541667,37,hydrochar,240,5.0,1580.90000000,347.43333333,278.71221726,true,,experimental_publisher_supplement,10.1038/s41598-025-02564-0
kozlowski_2025_scientific_reports,food_waste,1,110,4.58333333,5,1.14583333,37,none,,0.0,1563.50000000,348.63333333,274.50939007,true,,experimental_publisher_supplement,10.1038/s41598-025-02564-0
kozlowski_2025_scientific_reports,food_waste,2,110,4.58333333,5,1.14583333,37,none,,0.0,1549.60000000,348.63333333,271.36856761,true,,experimental_publisher_supplement,10.1038/s41598-025-02564-0
kozlowski_2025_scientific_reports,food_waste,3,110,4.58333333,5,1.14583333,37,none,,0.0,1554.30000000,348.63333333,272.43057232,true,,experimental_publisher_supplement,10.1038/s41598-025-02564-0
kozlowski_2025_scientific_reports,food_waste_torrefaction_240c,1,110,4.58333333,5,1.14583333,37,torrefaction_product,240,5.0,1605.80000000,348.63333333,284.06743255,true,,experimental_publisher_supplement,10.1038/s41598-025-02564-0
kozlowski_2025_scientific_reports,food_waste_torrefaction_240c,2,110,4.58333333,5,1.14583333,37,torrefaction_product,240,5.0,260.10000000,348.63333333,-20.00485485,false,excluded_from_publisher_mean; inconsistent_raw_signal,experimental_publisher_supplement,10.1038/s41598-025-02564-0
kozlowski_2025_scientific_reports,food_waste_torrefaction_240c,3,110,4.58333333,5,1.14583333,37,torrefaction_product,240,5.0,1606.00000000,348.63333333,284.11262424,true,,experimental_publisher_supplement,10.1038/s41598-025-02564-0
kozlowski_2025_scientific_reports,food_waste_pyrolysis_600c,1,110,4.58333333,5,1.14583333,37,biochar,600,5.0,1506.50000000,348.63333333,261.62975837,true,,experimental_publisher_supplement,10.1038/s41598-025-02564-0
kozlowski_2025_scientific_reports,food_waste_pyrolysis_600c,2,110,4.58333333,5,1.14583333,37,biochar,600,5.0,1508.90000000,348.63333333,262.17205865,true,,experimental_publisher_supplement,10.1038/s41598-025-02564-0
kozlowski_2025_scientific_reports,food_waste_pyrolysis_600c,3,110,4.58333333,5,1.14583333,37,biochar,600,5.0,1257.70000000,348.63333333,205.41129578,false,excluded_from_publisher_mean; inconsistent_raw_signal,experimental_publisher_supplement,10.1038/s41598-025-02564-0
kozlowski_2025_scientific_reports,food_waste_hydrochar_240c,1,110,4.58333333,5,1.14583333,37,hydrochar,240,5.0,1570.30000000,348.63333333,276.04590754,true,,experimental_publisher_supplement,10.1038/s41598-025-02564-0
kozlowski_2025_scientific_reports,food_waste_hydrochar_240c,2,110,4.58333333,5,1.14583333,37,hydrochar,240,5.0,1578.90000000,348.63333333,277.98915022,true,,experimental_publisher_supplement,10.1038/s41598-025-02564-0
kozlowski_2025_scientific_reports,food_waste_hydrochar_240c,3,110,4.58333333,5,1.14583333,37,hydrochar,240,5.0,1589.90000000,348.63333333,280.47469318,true,,experimental_publisher_supplement,10.1038/s41598-025-02564-0
kozlowski_2025_scientific_reports,food_waste,1,111,4.62500000,5,1.15625000,37,none,,0.0,1571.60000000,349.80000000,276.07603533,true,,experimental_publisher_supplement,10.1038/s41598-025-02564-0
kozlowski_2025_scientific_reports,food_waste,2,111,4.62500000,5,1.15625000,37,none,,0.0,1557.80000000,349.80000000,272.95780871,true,,experimental_publisher_supplement,10.1038/s41598-025-02564-0
kozlowski_2025_scientific_reports,food_waste,3,111,4.62500000,5,1.15625000,37,none,,0.0,1562.90000000,349.80000000,274.11019681,true,,experimental_publisher_supplement,10.1038/s41598-025-02564-0
kozlowski_2025_scientific_reports,food_waste_torrefaction_240c,1,111,4.62500000,5,1.15625000,37,torrefaction_product,240,5.0,1614.40000000,349.80000000,285.74705703,true,,experimental_publisher_supplement,10.1038/s41598-025-02564-0
kozlowski_2025_scientific_reports,food_waste_torrefaction_240c,2,111,4.62500000,5,1.15625000,37,torrefaction_product,240,5.0,260.40000000,349.80000000,-20.20068551,false,excluded_from_publisher_mean; inconsistent_raw_signal,experimental_publisher_supplement,10.1038/s41598-025-02564-0
kozlowski_2025_scientific_reports,food_waste_torrefaction_240c,3,111,4.62500000,5,1.15625000,37,torrefaction_product,240,5.0,1614.80000000,349.80000000,285.83744041,true,,experimental_publisher_supplement,10.1038/s41598-025-02564-0
kozlowski_2025_scientific_reports,food_waste_pyrolysis_600c,1,111,4.62500000,5,1.15625000,37,biochar,600,5.0,1515.90000000,349.80000000,263.49014962,true,,experimental_publisher_supplement,10.1038/s41598-025-02564-0
kozlowski_2025_scientific_reports,food_waste_pyrolysis_600c,2,111,4.62500000,5,1.15625000,37,biochar,600,5.0,1518.50000000,349.80000000,264.07764159,true,,experimental_publisher_supplement,10.1038/s41598-025-02564-0
kozlowski_2025_scientific_reports,food_waste_pyrolysis_600c,3,111,4.62500000,5,1.15625000,37,biochar,600,5.0,1267.60000000,349.80000000,207.38466625,false,excluded_from_publisher_mean; inconsistent_raw_signal,experimental_publisher_supplement,10.1038/s41598-025-02564-0
kozlowski_2025_scientific_reports,food_waste_hydrochar_240c,1,111,4.62500000,5,1.15625000,37,hydrochar,240,5.0,1579.00000000,349.80000000,277.74812787,true,,experimental_publisher_supplement,10.1038/s41598-025-02564-0
kozlowski_2025_scientific_reports,food_waste_hydrochar_240c,2,111,4.62500000,5,1.15625000,37,hydrochar,240,5.0,1587.30000000,349.80000000,279.62358301,true,,experimental_publisher_supplement,10.1038/s41598-025-02564-0
kozlowski_2025_scientific_reports,food_waste_hydrochar_240c,3,111,4.62500000,5,1.15625000,37,hydrochar,240,5.0,1598.40000000,349.80000000,282.13172182,true,,experimental_publisher_supplement,10.1038/s41598-025-02564-0
kozlowski_2025_scientific_reports,food_waste,1,112,4.66666667,5,1.16666667,37,none,,0.0,1579.70000000,350.93333333,277.65021254,true,,experimental_publisher_supplement,10.1038/s41598-025-02564-0
kozlowski_2025_scientific_reports,food_waste,2,112,4.66666667,5,1.16666667,37,none,,0.0,1565.90000000,350.93333333,274.53198592,true,,experimental_publisher_supplement,10.1038/s41598-025-02564-0
kozlowski_2025_scientific_reports,food_waste,3,112,4.66666667,5,1.16666667,37,none,,0.0,1571.30000000,350.93333333,275.75216155,true,,experimental_publisher_supplement,10.1038/s41598-025-02564-0
kozlowski_2025_scientific_reports,food_waste_torrefaction_240c,1,112,4.66666667,5,1.16666667,37,torrefaction_product,240,5.0,1622.80000000,350.93333333,287.38902178,true,,experimental_publisher_supplement,10.1038/s41598-025-02564-0
kozlowski_2025_scientific_reports,food_waste_torrefaction_240c,2,112,4.66666667,5,1.16666667,37,torrefaction_product,240,5.0,260.70000000,350.93333333,-20.38898422,false,excluded_from_publisher_mean; inconsistent_raw_signal,experimental_publisher_supplement,10.1038/s41598-025-02564-0
kozlowski_2025_scientific_reports,food_waste_torrefaction_240c,3,112,4.66666667,5,1.16666667,37,torrefaction_product,240,5.0,1623.50000000,350.93333333,287.54719269,true,,experimental_publisher_supplement,10.1038/s41598-025-02564-0
kozlowski_2025_scientific_reports,food_waste_pyrolysis_600c,1,112,4.66666667,5,1.16666667,37,biochar,600,5.0,1525.20000000,350.93333333,265.33547697,true,,experimental_publisher_supplement,10.1038/s41598-025-02564-0
kozlowski_2025_scientific_reports,food_waste_pyrolysis_600c,2,112,4.66666667,5,1.16666667,37,biochar,600,5.0,1528.30000000,350.93333333,266.03594816,true,,experimental_publisher_supplement,10.1038/s41598-025-02564-0
kozlowski_2025_scientific_reports,food_waste_pyrolysis_600c,3,112,4.66666667,5,1.16666667,37,biochar,600,5.0,1277.20000000,350.93333333,209.29778114,false,excluded_from_publisher_mean; inconsistent_raw_signal,experimental_publisher_supplement,10.1038/s41598-025-02564-0
kozlowski_2025_scientific_reports,food_waste_hydrochar_240c,1,112,4.66666667,5,1.16666667,37,hydrochar,240,5.0,1587.60000000,350.93333333,279.43528430,true,,experimental_publisher_supplement,10.1038/s41598-025-02564-0
kozlowski_2025_scientific_reports,food_waste_hydrochar_240c,2,112,4.66666667,5,1.16666667,37,hydrochar,240,5.0,1595.50000000,350.93333333,281.22035607,true,,experimental_publisher_supplement,10.1038/s41598-025-02564-0
kozlowski_2025_scientific_reports,food_waste_hydrochar_240c,3,112,4.66666667,5,1.16666667,37,hydrochar,240,5.0,1606.80000000,350.93333333,283.77368656,true,,experimental_publisher_supplement,10.1038/s41598-025-02564-0
kozlowski_2025_scientific_reports,food_waste,1,113,4.70833333,5,1.17708333,37,none,,0.0,1587.60000000,352.06666667,279.17919806,true,,experimental_publisher_supplement,10.1038/s41598-025-02564-0
kozlowski_2025_scientific_reports,food_waste,2,113,4.70833333,5,1.17708333,37,none,,0.0,1573.70000000,352.06666667,276.03837559,true,,experimental_publisher_supplement,10.1038/s41598-025-02564-0
kozlowski_2025_scientific_reports,food_waste,3,113,4.70833333,5,1.17708333,37,none,,0.0,1579.50000000,352.06666667,277.34893461,true,,experimental_publisher_supplement,10.1038/s41598-025-02564-0
kozlowski_2025_scientific_reports,food_waste_torrefaction_240c,1,113,4.70833333,5,1.17708333,37,torrefaction_product,240,5.0,1631.00000000,352.06666667,288.98579483,true,,experimental_publisher_supplement,10.1038/s41598-025-02564-0
kozlowski_2025_scientific_reports,food_waste_torrefaction_240c,2,113,4.70833333,5,1.17708333,37,torrefaction_product,240,5.0,261.10000000,352.06666667,-20.55468709,false,excluded_from_publisher_mean; inconsistent_raw_signal,experimental_publisher_supplement,10.1038/s41598-025-02564-0
kozlowski_2025_scientific_reports,food_waste_torrefaction_240c,3,113,4.70833333,5,1.17708333,37,torrefaction_product,240,5.0,1632.00000000,352.06666667,289.21175328,true,,experimental_publisher_supplement,10.1038/s41598-025-02564-0
kozlowski_2025_scientific_reports,food_waste_pyrolysis_600c,1,113,4.70833333,5,1.17708333,37,biochar,600,5.0,1534.40000000,352.06666667,267.15820847,true,,experimental_publisher_supplement,10.1038/s41598-025-02564-0
kozlowski_2025_scientific_reports,food_waste_pyrolysis_600c,2,113,4.70833333,5,1.17708333,37,biochar,600,5.0,1537.90000000,352.06666667,267.94906305,true,,experimental_publisher_supplement,10.1038/s41598-025-02564-0
kozlowski_2025_scientific_reports,food_waste_pyrolysis_600c,3,113,4.70833333,5,1.17708333,37,biochar,600,5.0,1287.10000000,352.06666667,211.27868356,false,excluded_from_publisher_mean; inconsistent_raw_signal,experimental_publisher_supplement,10.1038/s41598-025-02564-0
kozlowski_2025_scientific_reports,food_waste_hydrochar_240c,1,113,4.70833333,5,1.17708333,37,hydrochar,240,5.0,1596.10000000,352.06666667,281.09984489,true,,experimental_publisher_supplement,10.1038/s41598-025-02564-0
kozlowski_2025_scientific_reports,food_waste_hydrochar_240c,2,113,4.70833333,5,1.17708333,37,hydrochar,240,5.0,1603.50000000,352.06666667,282.77193743,true,,experimental_publisher_supplement,10.1038/s41598-025-02564-0
kozlowski_2025_scientific_reports,food_waste_hydrochar_240c,3,113,4.70833333,5,1.17708333,37,hydrochar,240,5.0,1615.10000000,352.06666667,285.39305546,true,,experimental_publisher_supplement,10.1038/s41598-025-02564-0
kozlowski_2025_scientific_reports,food_waste,1,114,4.75000000,5,1.18750000,37,none,,0.0,1594.90000000,353.20000000,280.57260851,true,,experimental_publisher_supplement,10.1038/s41598-025-02564-0
kozlowski_2025_scientific_reports,food_waste,2,114,4.75000000,5,1.18750000,37,none,,0.0,1581.20000000,353.20000000,277.47697773,true,,experimental_publisher_supplement,10.1038/s41598-025-02564-0
kozlowski_2025_scientific_reports,food_waste,3,114,4.75000000,5,1.18750000,37,none,,0.0,1587.40000000,353.20000000,278.87792012,true,,experimental_publisher_supplement,10.1038/s41598-025-02564-0
kozlowski_2025_scientific_reports,food_waste_torrefaction_240c,1,114,4.75000000,5,1.18750000,37,torrefaction_product,240,5.0,1639.00000000,353.20000000,290.53737619,true,,experimental_publisher_supplement,10.1038/s41598-025-02564-0
kozlowski_2025_scientific_reports,food_waste_torrefaction_240c,2,114,4.75000000,5,1.18750000,37,torrefaction_product,240,5.0,261.40000000,353.20000000,-20.74298579,false,excluded_from_publisher_mean; inconsistent_raw_signal,experimental_publisher_supplement,10.1038/s41598-025-02564-0
kozlowski_2025_scientific_reports,food_waste_torrefaction_240c,3,114,4.75000000,5,1.18750000,37,torrefaction_product,240,5.0,1640.30000000,353.20000000,290.83112218,true,,experimental_publisher_supplement,10.1038/s41598-025-02564-0
kozlowski_2025_scientific_reports,food_waste_pyrolysis_600c,1,114,4.75000000,5,1.18750000,37,biochar,600,5.0,1543.20000000,353.20000000,268.89055659,true,,experimental_publisher_supplement,10.1038/s41598-025-02564-0
kozlowski_2025_scientific_reports,food_waste_pyrolysis_600c,2,114,4.75000000,5,1.18750000,37,biochar,600,5.0,1547.20000000,353.20000000,269.79439040,true,,experimental_publisher_supplement,10.1038/s41598-025-02564-0
kozlowski_2025_scientific_reports,food_waste_pyrolysis_600c,3,114,4.75000000,5,1.18750000,37,biochar,600,5.0,1296.30000000,353.20000000,213.10141506,false,excluded_from_publisher_mean; inconsistent_raw_signal,experimental_publisher_supplement,10.1038/s41598-025-02564-0
kozlowski_2025_scientific_reports,food_waste_hydrochar_240c,1,114,4.75000000,5,1.18750000,37,hydrochar,240,5.0,1604.30000000,353.20000000,282.69661794,true,,experimental_publisher_supplement,10.1038/s41598-025-02564-0
kozlowski_2025_scientific_reports,food_waste_hydrochar_240c,2,114,4.75000000,5,1.18750000,37,hydrochar,240,5.0,1611.30000000,353.20000000,284.27832710,true,,experimental_publisher_supplement,10.1038/s41598-025-02564-0
kozlowski_2025_scientific_reports,food_waste_hydrochar_240c,3,114,4.75000000,5,1.18750000,37,hydrochar,240,5.0,1623.10000000,353.20000000,286.94463682,true,,experimental_publisher_supplement,10.1038/s41598-025-02564-0
kozlowski_2025_scientific_reports,food_waste,1,115,4.79166667,5,1.19791667,37,none,,0.0,1602.60000000,354.33333333,282.05640233,true,,experimental_publisher_supplement,10.1038/s41598-025-02564-0
kozlowski_2025_scientific_reports,food_waste,2,115,4.79166667,5,1.19791667,37,none,,0.0,1588.80000000,354.33333333,278.93817571,true,,experimental_publisher_supplement,10.1038/s41598-025-02564-0
kozlowski_2025_scientific_reports,food_waste,3,115,4.79166667,5,1.19791667,37,none,,0.0,1595.40000000,354.33333333,280.42950149,true,,experimental_publisher_supplement,10.1038/s41598-025-02564-0
kozlowski_2025_scientific_reports,food_waste_torrefaction_240c,1,115,4.79166667,5,1.19791667,37,torrefaction_product,240,5.0,1646.90000000,354.33333333,292.06636171,true,,experimental_publisher_supplement,10.1038/s41598-025-02564-0
kozlowski_2025_scientific_reports,food_waste_torrefaction_240c,2,115,4.79166667,5,1.19791667,37,torrefaction_product,240,5.0,261.70000000,354.33333333,-20.93128450,false,excluded_from_publisher_mean; inconsistent_raw_signal,experimental_publisher_supplement,10.1038/s41598-025-02564-0
kozlowski_2025_scientific_reports,food_waste_torrefaction_240c,3,115,4.79166667,5,1.19791667,37,torrefaction_product,240,5.0,1648.60000000,354.33333333,292.45049108,true,,experimental_publisher_supplement,10.1038/s41598-025-02564-0
kozlowski_2025_scientific_reports,food_waste_pyrolysis_600c,1,115,4.79166667,5,1.19791667,37,biochar,600,5.0,1551.90000000,354.33333333,270.60030887,true,,experimental_publisher_supplement,10.1038/s41598-025-02564-0
kozlowski_2025_scientific_reports,food_waste_pyrolysis_600c,2,115,4.79166667,5,1.19791667,37,biochar,600,5.0,1556.70000000,354.33333333,271.68490944,true,,experimental_publisher_supplement,10.1038/s41598-025-02564-0
kozlowski_2025_scientific_reports,food_waste_pyrolysis_600c,3,115,4.79166667,5,1.19791667,37,biochar,600,5.0,1305.30000000,354.33333333,214.87895488,false,excluded_from_publisher_mean; inconsistent_raw_signal,experimental_publisher_supplement,10.1038/s41598-025-02564-0
kozlowski_2025_scientific_reports,food_waste_hydrochar_240c,1,115,4.79166667,5,1.19791667,37,hydrochar,240,5.0,1612.40000000,354.33333333,284.27079515,true,,experimental_publisher_supplement,10.1038/s41598-025-02564-0
kozlowski_2025_scientific_reports,food_waste_hydrochar_240c,2,115,4.79166667,5,1.19791667,37,hydrochar,240,5.0,1619.00000000,354.33333333,285.76212093,true,,experimental_publisher_supplement,10.1038/s41598-025-02564-0
kozlowski_2025_scientific_reports,food_waste_hydrochar_240c,3,115,4.79166667,5,1.19791667,37,hydrochar,240,5.0,1631.10000000,354.33333333,288.49621819,true,,experimental_publisher_supplement,10.1038/s41598-025-02564-0
kozlowski_2025_scientific_reports,food_waste,1,116,4.83333333,5,1.20833333,37,none,,0.0,1610.30000000,355.50000000,283.53266421,true,,experimental_publisher_supplement,10.1038/s41598-025-02564-0
kozlowski_2025_scientific_reports,food_waste,2,116,4.83333333,5,1.20833333,37,none,,0.0,1596.20000000,355.50000000,280.34665006,true,,experimental_publisher_supplement,10.1038/s41598-025-02564-0
kozlowski_2025_scientific_reports,food_waste,3,116,4.83333333,5,1.20833333,37,none,,0.0,1603.20000000,355.50000000,281.92835921,true,,experimental_publisher_supplement,10.1038/s41598-025-02564-0
kozlowski_2025_scientific_reports,food_waste_torrefaction_240c,1,116,4.83333333,5,1.20833333,37,torrefaction_product,240,5.0,1655.00000000,355.50000000,293.63300697,true,,experimental_publisher_supplement,10.1038/s41598-025-02564-0
kozlowski_2025_scientific_reports,food_waste_torrefaction_240c,2,116,4.83333333,5,1.20833333,37,torrefaction_product,240,5.0,262.10000000,355.50000000,-21.10451932,false,excluded_from_publisher_mean; inconsistent_raw_signal,experimental_publisher_supplement,10.1038/s41598-025-02564-0
kozlowski_2025_scientific_reports,food_waste_torrefaction_240c,3,116,4.83333333,5,1.20833333,37,torrefaction_product,240,5.0,1656.80000000,355.50000000,294.03973218,true,,experimental_publisher_supplement,10.1038/s41598-025-02564-0
kozlowski_2025_scientific_reports,food_waste_pyrolysis_600c,1,116,4.83333333,5,1.20833333,37,biochar,600,5.0,1560.90000000,355.50000000,272.37031674,true,,experimental_publisher_supplement,10.1038/s41598-025-02564-0
kozlowski_2025_scientific_reports,food_waste_pyrolysis_600c,2,116,4.83333333,5,1.20833333,37,biochar,600,5.0,1566.10000000,355.50000000,273.54530068,true,,experimental_publisher_supplement,10.1038/s41598-025-02564-0
kozlowski_2025_scientific_reports,food_waste_pyrolysis_600c,3,116,4.83333333,5,1.20833333,37,biochar,600,5.0,1314.10000000,355.50000000,216.60377105,false,excluded_from_publisher_mean; inconsistent_raw_signal,experimental_publisher_supplement,10.1038/s41598-025-02564-0
kozlowski_2025_scientific_reports,food_waste_hydrochar_240c,1,116,4.83333333,5,1.20833333,37,hydrochar,240,5.0,1620.60000000,355.50000000,285.86003626,true,,experimental_publisher_supplement,10.1038/s41598-025-02564-0
kozlowski_2025_scientific_reports,food_waste_hydrochar_240c,2,116,4.83333333,5,1.20833333,37,hydrochar,240,5.0,1626.80000000,355.50000000,287.26097865,true,,experimental_publisher_supplement,10.1038/s41598-025-02564-0
kozlowski_2025_scientific_reports,food_waste_hydrochar_240c,3,116,4.83333333,5,1.20833333,37,hydrochar,240,5.0,1638.80000000,355.50000000,289.97248006,true,,experimental_publisher_supplement,10.1038/s41598-025-02564-0
kozlowski_2025_scientific_reports,food_waste,1,117,4.87500000,5,1.21875000,37,none,,0.0,1617.70000000,356.63333333,284.94867051,true,,experimental_publisher_supplement,10.1038/s41598-025-02564-0
kozlowski_2025_scientific_reports,food_waste,2,117,4.87500000,5,1.21875000,37,none,,0.0,1603.70000000,356.63333333,281.78525219,true,,experimental_publisher_supplement,10.1038/s41598-025-02564-0
kozlowski_2025_scientific_reports,food_waste,3,117,4.87500000,5,1.21875000,37,none,,0.0,1610.60000000,356.63333333,283.34436550,true,,experimental_publisher_supplement,10.1038/s41598-025-02564-0
kozlowski_2025_scientific_reports,food_waste_torrefaction_240c,1,117,4.87500000,5,1.21875000,37,torrefaction_product,240,5.0,1663.00000000,356.63333333,295.18458833,true,,experimental_publisher_supplement,10.1038/s41598-025-02564-0
kozlowski_2025_scientific_reports,food_waste_torrefaction_240c,2,117,4.87500000,5,1.21875000,37,torrefaction_product,240,5.0,262.40000000,356.63333333,-21.29281802,false,excluded_from_publisher_mean; inconsistent_raw_signal,experimental_publisher_supplement,10.1038/s41598-025-02564-0
kozlowski_2025_scientific_reports,food_waste_torrefaction_240c,3,117,4.87500000,5,1.21875000,37,torrefaction_product,240,5.0,1664.60000000,356.63333333,295.54612185,true,,experimental_publisher_supplement,10.1038/s41598-025-02564-0
kozlowski_2025_scientific_reports,food_waste_pyrolysis_600c,1,117,4.87500000,5,1.21875000,37,biochar,600,5.0,1570.00000000,356.63333333,274.17045240,true,,experimental_publisher_supplement,10.1038/s41598-025-02564-0
kozlowski_2025_scientific_reports,food_waste_pyrolysis_600c,2,117,4.87500000,5,1.21875000,37,biochar,600,5.0,1575.50000000,356.63333333,275.41322388,true,,experimental_publisher_supplement,10.1038/s41598-025-02564-0
kozlowski_2025_scientific_reports,food_waste_pyrolysis_600c,3,117,4.87500000,5,1.21875000,37,biochar,600,5.0,1322.70000000,356.63333333,218.29092748,false,excluded_from_publisher_mean; inconsistent_raw_signal,experimental_publisher_supplement,10.1038/s41598-025-02564-0
kozlowski_2025_scientific_reports,food_waste_hydrochar_240c,1,117,4.87500000,5,1.21875000,37,hydrochar,240,5.0,1628.80000000,356.63333333,287.45680931,true,,experimental_publisher_supplement,10.1038/s41598-025-02564-0
kozlowski_2025_scientific_reports,food_waste_hydrochar_240c,2,117,4.87500000,5,1.21875000,37,hydrochar,240,5.0,1634.70000000,356.63333333,288.78996417,true,,experimental_publisher_supplement,10.1038/s41598-025-02564-0
kozlowski_2025_scientific_reports,food_waste_hydrochar_240c,3,117,4.87500000,5,1.21875000,37,hydrochar,240,5.0,1646.30000000,356.63333333,291.41108220,true,,experimental_publisher_supplement,10.1038/s41598-025-02564-0
kozlowski_2025_scientific_reports,food_waste,1,118,4.91666667,5,1.22916667,37,none,,0.0,1625.00000000,357.76666667,286.34208095,true,,experimental_publisher_supplement,10.1038/s41598-025-02564-0
kozlowski_2025_scientific_reports,food_waste,2,118,4.91666667,5,1.22916667,37,none,,0.0,1611.00000000,357.76666667,283.17866264,true,,experimental_publisher_supplement,10.1038/s41598-025-02564-0
kozlowski_2025_scientific_reports,food_waste,3,118,4.91666667,5,1.22916667,37,none,,0.0,1617.80000000,357.76666667,284.71518011,true,,experimental_publisher_supplement,10.1038/s41598-025-02564-0
kozlowski_2025_scientific_reports,food_waste_torrefaction_240c,1,118,4.91666667,5,1.22916667,37,torrefaction_product,240,5.0,1670.90000000,357.76666667,296.71357385,true,,experimental_publisher_supplement,10.1038/s41598-025-02564-0
kozlowski_2025_scientific_reports,food_waste_torrefaction_240c,2,118,4.91666667,5,1.22916667,37,torrefaction_product,240,5.0,262.70000000,357.76666667,-21.48111673,false,excluded_from_publisher_mean; inconsistent_raw_signal,experimental_publisher_supplement,10.1038/s41598-025-02564-0
kozlowski_2025_scientific_reports,food_waste_torrefaction_240c,3,118,4.91666667,5,1.22916667,37,torrefaction_product,240,5.0,1672.30000000,357.76666667,297.02991568,true,,experimental_publisher_supplement,10.1038/s41598-025-02564-0
kozlowski_2025_scientific_reports,food_waste_pyrolysis_600c,1,118,4.91666667,5,1.22916667,37,biochar,600,5.0,1578.70000000,357.76666667,275.88020468,true,,experimental_publisher_supplement,10.1038/s41598-025-02564-0
kozlowski_2025_scientific_reports,food_waste_pyrolysis_600c,2,118,4.91666667,5,1.22916667,37,biochar,600,5.0,1584.30000000,357.76666667,277.14557200,true,,experimental_publisher_supplement,10.1038/s41598-025-02564-0
kozlowski_2025_scientific_reports,food_waste_pyrolysis_600c,3,118,4.91666667,5,1.22916667,37,biochar,600,5.0,1331.10000000,357.76666667,219.93289223,false,excluded_from_publisher_mean; inconsistent_raw_signal,experimental_publisher_supplement,10.1038/s41598-025-02564-0
kozlowski_2025_scientific_reports,food_waste_hydrochar_240c,1,118,4.91666667,5,1.22916667,37,hydrochar,240,5.0,1636.70000000,357.76666667,288.98579483,true,,experimental_publisher_supplement,10.1038/s41598-025-02564-0
kozlowski_2025_scientific_reports,food_waste_hydrochar_240c,2,118,4.91666667,5,1.22916667,37,hydrochar,240,5.0,1642.50000000,357.76666667,290.29635384,true,,experimental_publisher_supplement,10.1038/s41598-025-02564-0
kozlowski_2025_scientific_reports,food_waste_hydrochar_240c,3,118,4.91666667,5,1.22916667,37,hydrochar,240,5.0,1653.70000000,357.76666667,292.82708849,true,,experimental_publisher_supplement,10.1038/s41598-025-02564-0
kozlowski_2025_scientific_reports,food_waste,1,119,4.95833333,5,1.23958333,37,none,,0.0,1632.50000000,358.90000000,287.78068309,true,,experimental_publisher_supplement,10.1038/s41598-025-02564-0
kozlowski_2025_scientific_reports,food_waste,2,119,4.95833333,5,1.23958333,37,none,,0.0,1618.50000000,358.90000000,284.61726478,true,,experimental_publisher_supplement,10.1038/s41598-025-02564-0
kozlowski_2025_scientific_reports,food_waste,3,119,4.95833333,5,1.23958333,37,none,,0.0,1625.50000000,358.90000000,286.19897393,true,,experimental_publisher_supplement,10.1038/s41598-025-02564-0
kozlowski_2025_scientific_reports,food_waste_torrefaction_240c,1,119,4.95833333,5,1.23958333,37,torrefaction_product,240,5.0,1679.00000000,358.90000000,298.28775106,true,,experimental_publisher_supplement,10.1038/s41598-025-02564-0
kozlowski_2025_scientific_reports,food_waste_torrefaction_240c,2,119,4.95833333,5,1.23958333,37,torrefaction_product,240,5.0,263.10000000,358.90000000,-21.64681960,false,excluded_from_publisher_mean; inconsistent_raw_signal,experimental_publisher_supplement,10.1038/s41598-025-02564-0
kozlowski_2025_scientific_reports,food_waste_torrefaction_240c,3,119,4.95833333,5,1.23958333,37,torrefaction_product,240,5.0,1680.30000000,358.90000000,298.58149704,true,,experimental_publisher_supplement,10.1038/s41598-025-02564-0
kozlowski_2025_scientific_reports,food_waste_pyrolysis_600c,1,119,4.95833333,5,1.23958333,37,biochar,600,5.0,1587.50000000,358.90000000,277.61255280,true,,experimental_publisher_supplement,10.1038/s41598-025-02564-0
kozlowski_2025_scientific_reports,food_waste_pyrolysis_600c,2,119,4.95833333,5,1.23958333,37,biochar,600,5.0,1593.50000000,358.90000000,278.96830350,true,,experimental_publisher_supplement,10.1038/s41598-025-02564-0
kozlowski_2025_scientific_reports,food_waste_pyrolysis_600c,3,119,4.95833333,5,1.23958333,37,biochar,600,5.0,1339.70000000,358.90000000,221.62004866,false,excluded_from_publisher_mean; inconsistent_raw_signal,experimental_publisher_supplement,10.1038/s41598-025-02564-0
kozlowski_2025_scientific_reports,food_waste_hydrochar_240c,1,119,4.95833333,5,1.23958333,37,hydrochar,240,5.0,1644.80000000,358.90000000,290.55997204,true,,experimental_publisher_supplement,10.1038/s41598-025-02564-0
kozlowski_2025_scientific_reports,food_waste_hydrochar_240c,2,119,4.95833333,5,1.23958333,37,hydrochar,240,5.0,1650.30000000,358.90000000,291.80274352,true,,experimental_publisher_supplement,10.1038/s41598-025-02564-0
kozlowski_2025_scientific_reports,food_waste_hydrochar_240c,3,119,4.95833333,5,1.23958333,37,hydrochar,240,5.0,1661.40000000,358.90000000,294.31088232,true,,experimental_publisher_supplement,10.1038/s41598-025-02564-0
kozlowski_2025_scientific_reports,food_waste,1,120,5.00000000,5,1.25000000,37,none,,0.0,1640.00000000,360.03333333,289.21928523,true,,experimental_publisher_supplement,10.1038/s41598-025-02564-0
kozlowski_2025_scientific_reports,food_waste,2,120,5.00000000,5,1.25000000,37,none,,0.0,1626.10000000,360.03333333,286.07846276,true,,experimental_publisher_supplement,10.1038/s41598-025-02564-0
kozlowski_2025_scientific_reports,food_waste,3,120,5.00000000,5,1.25000000,37,none,,0.0,1633.40000000,360.03333333,287.72795945,true,,experimental_publisher_supplement,10.1038/s41598-025-02564-0
kozlowski_2025_scientific_reports,food_waste_torrefaction_240c,1,120,5.00000000,5,1.25000000,37,torrefaction_product,240,5.0,1686.80000000,360.03333333,299.79414073,true,,experimental_publisher_supplement,10.1038/s41598-025-02564-0
kozlowski_2025_scientific_reports,food_waste_torrefaction_240c,2,120,5.00000000,5,1.25000000,37,torrefaction_product,240,5.0,263.40000000,360.03333333,-21.83511831,false,excluded_from_publisher_mean; inconsistent_raw_signal,experimental_publisher_supplement,10.1038/s41598-025-02564-0
kozlowski_2025_scientific_reports,food_waste_torrefaction_240c,3,120,5.00000000,5,1.25000000,37,torrefaction_product,240,5.0,1688.00000000,360.03333333,300.06529087,true,,experimental_publisher_supplement,10.1038/s41598-025-02564-0
kozlowski_2025_scientific_reports,food_waste_pyrolysis_600c,1,120,5.00000000,5,1.25000000,37,biochar,600,5.0,1596.10000000,360.03333333,279.29970923,true,,experimental_publisher_supplement,10.1038/s41598-025-02564-0
kozlowski_2025_scientific_reports,food_waste_pyrolysis_600c,2,120,5.00000000,5,1.25000000,37,biochar,600,5.0,1602.50000000,360.03333333,280.74584332,true,,experimental_publisher_supplement,10.1038/s41598-025-02564-0
kozlowski_2025_scientific_reports,food_waste_pyrolysis_600c,3,120,5.00000000,5,1.25000000,37,biochar,600,5.0,1348.50000000,360.03333333,223.35239679,false,excluded_from_publisher_mean; inconsistent_raw_signal,experimental_publisher_supplement,10.1038/s41598-025-02564-0
kozlowski_2025_scientific_reports,food_waste_hydrochar_240c,1,120,5.00000000,5,1.25000000,37,hydrochar,240,5.0,1652.70000000,360.03333333,292.08895755,true,,experimental_publisher_supplement,10.1038/s41598-025-02564-0
kozlowski_2025_scientific_reports,food_waste_hydrochar_240c,2,120,5.00000000,5,1.25000000,37,hydrochar,240,5.0,1658.00000000,360.03333333,293.28653734,true,,experimental_publisher_supplement,10.1038/s41598-025-02564-0
kozlowski_2025_scientific_reports,food_waste_hydrochar_240c,3,120,5.00000000,5,1.25000000,37,hydrochar,240,5.0,1669.10000000,360.03333333,295.79467615,true,,experimental_publisher_supplement,10.1038/s41598-025-02564-0
kozlowski_2025_scientific_reports,food_waste,1,121,5.04166667,5,1.26041667,37,none,,0.0,1647.00000000,361.16666667,290.54490814,true,,experimental_publisher_supplement,10.1038/s41598-025-02564-0
kozlowski_2025_scientific_reports,food_waste,2,121,5.04166667,5,1.26041667,37,none,,0.0,1633.30000000,361.16666667,287.44927736,true,,experimental_publisher_supplement,10.1038/s41598-025-02564-0
kozlowski_2025_scientific_reports,food_waste,3,121,5.04166667,5,1.26041667,37,none,,0.0,1640.40000000,361.16666667,289.05358236,true,,experimental_publisher_supplement,10.1038/s41598-025-02564-0
kozlowski_2025_scientific_reports,food_waste_torrefaction_240c,1,121,5.04166667,5,1.26041667,37,torrefaction_product,240,5.0,1694.20000000,361.16666667,301.21014702,true,,experimental_publisher_supplement,10.1038/s41598-025-02564-0
kozlowski_2025_scientific_reports,food_waste_torrefaction_240c,2,121,5.04166667,5,1.26041667,37,torrefaction_product,240,5.0,263.70000000,361.16666667,-22.02341702,false,excluded_from_publisher_mean; inconsistent_raw_signal,experimental_publisher_supplement,10.1038/s41598-025-02564-0
kozlowski_2025_scientific_reports,food_waste_torrefaction_240c,3,121,5.04166667,5,1.26041667,37,torrefaction_product,240,5.0,1695.50000000,361.16666667,301.50389301,true,,experimental_publisher_supplement,10.1038/s41598-025-02564-0
kozlowski_2025_scientific_reports,food_waste_pyrolysis_600c,1,121,5.04166667,5,1.26041667,37,biochar,600,5.0,1604.30000000,361.16666667,280.89648229,true,,experimental_publisher_supplement,10.1038/s41598-025-02564-0
kozlowski_2025_scientific_reports,food_waste_pyrolysis_600c,2,121,5.04166667,5,1.26041667,37,biochar,600,5.0,1610.90000000,361.16666667,282.38780806,true,,experimental_publisher_supplement,10.1038/s41598-025-02564-0
kozlowski_2025_scientific_reports,food_waste_pyrolysis_600c,3,121,5.04166667,5,1.26041667,37,biochar,600,5.0,1356.90000000,361.16666667,224.99436153,false,excluded_from_publisher_mean; inconsistent_raw_signal,experimental_publisher_supplement,10.1038/s41598-025-02564-0
kozlowski_2025_scientific_reports,food_waste_hydrochar_240c,1,121,5.04166667,5,1.26041667,37,hydrochar,240,5.0,1660.00000000,361.16666667,293.48236800,true,,experimental_publisher_supplement,10.1038/s41598-025-02564-0
kozlowski_2025_scientific_reports,food_waste_hydrochar_240c,2,121,5.04166667,5,1.26041667,37,hydrochar,240,5.0,1665.40000000,361.16666667,294.70254364,true,,experimental_publisher_supplement,10.1038/s41598-025-02564-0
kozlowski_2025_scientific_reports,food_waste_hydrochar_240c,3,121,5.04166667,5,1.26041667,37,hydrochar,240,5.0,1676.40000000,361.16666667,297.18808660,true,,experimental_publisher_supplement,10.1038/s41598-025-02564-0
kozlowski_2025_scientific_reports,food_waste,1,122,5.08333333,6,1.27083333,37,none,,0.0,1654.20000000,362.30000000,291.91572274,true,,experimental_publisher_supplement,10.1038/s41598-025-02564-0
kozlowski_2025_scientific_reports,food_waste,2,122,5.08333333,6,1.27083333,37,none,,0.0,1640.90000000,362.30000000,288.91047535,true,,experimental_publisher_supplement,10.1038/s41598-025-02564-0
kozlowski_2025_scientific_reports,food_waste,3,122,5.08333333,6,1.27083333,37,none,,0.0,1647.90000000,362.30000000,290.49218450,true,,experimental_publisher_supplement,10.1038/s41598-025-02564-0
kozlowski_2025_scientific_reports,food_waste_torrefaction_240c,1,122,5.08333333,6,1.27083333,37,torrefaction_product,240,5.0,1702.10000000,362.30000000,302.73913254,true,,experimental_publisher_supplement,10.1038/s41598-025-02564-0
kozlowski_2025_scientific_reports,food_waste_torrefaction_240c,2,122,5.08333333,6,1.27083333,37,torrefaction_product,240,5.0,264.10000000,362.30000000,-22.18911988,false,excluded_from_publisher_mean; inconsistent_raw_signal,experimental_publisher_supplement,10.1038/s41598-025-02564-0
kozlowski_2025_scientific_reports,food_waste_torrefaction_240c,3,122,5.08333333,6,1.27083333,37,torrefaction_product,240,5.0,1703.20000000,362.30000000,302.98768684,true,,experimental_publisher_supplement,10.1038/s41598-025-02564-0
kozlowski_2025_scientific_reports,food_waste_pyrolysis_600c,1,122,5.08333333,6,1.27083333,37,biochar,600,5.0,1612.80000000,362.30000000,282.56104287,true,,experimental_publisher_supplement,10.1038/s41598-025-02564-0
kozlowski_2025_scientific_reports,food_waste_pyrolysis_600c,2,122,5.08333333,6,1.27083333,37,biochar,600,5.0,1619.60000000,362.30000000,284.09756034,true,,experimental_publisher_supplement,10.1038/s41598-025-02564-0
kozlowski_2025_scientific_reports,food_waste_pyrolysis_600c,3,122,5.08333333,6,1.27083333,37,biochar,600,5.0,1365.50000000,362.30000000,226.68151796,false,excluded_from_publisher_mean; inconsistent_raw_signal,experimental_publisher_supplement,10.1038/s41598-025-02564-0
kozlowski_2025_scientific_reports,food_waste_hydrochar_240c,1,122,5.08333333,6,1.27083333,37,hydrochar,240,5.0,1667.90000000,362.30000000,295.01135352,true,,experimental_publisher_supplement,10.1038/s41598-025-02564-0
kozlowski_2025_scientific_reports,food_waste_hydrochar_240c,2,122,5.08333333,6,1.27083333,37,hydrochar,240,5.0,1672.90000000,362.30000000,296.14114577,true,,experimental_publisher_supplement,10.1038/s41598-025-02564-0
kozlowski_2025_scientific_reports,food_waste_hydrochar_240c,3,122,5.08333333,6,1.27083333,37,hydrochar,240,5.0,1684.20000000,362.30000000,298.69447627,true,,experimental_publisher_supplement,10.1038/s41598-025-02564-0
kozlowski_2025_scientific_reports,food_waste,1,123,5.12500000,6,1.28125000,37,none,,0.0,1661.20000000,363.40000000,293.24887760,true,,experimental_publisher_supplement,10.1038/s41598-025-02564-0
kozlowski_2025_scientific_reports,food_waste,2,123,5.12500000,6,1.28125000,37,none,,0.0,1647.80000000,363.40000000,290.22103436,true,,experimental_publisher_supplement,10.1038/s41598-025-02564-0
kozlowski_2025_scientific_reports,food_waste,3,123,5.12500000,6,1.28125000,37,none,,0.0,1655.20000000,363.40000000,291.89312690,true,,experimental_publisher_supplement,10.1038/s41598-025-02564-0
kozlowski_2025_scientific_reports,food_waste_torrefaction_240c,1,123,5.12500000,6,1.28125000,37,torrefaction_product,240,5.0,1710.30000000,363.40000000,304.34343754,true,,experimental_publisher_supplement,10.1038/s41598-025-02564-0
kozlowski_2025_scientific_reports,food_waste_torrefaction_240c,2,123,5.12500000,6,1.28125000,37,torrefaction_product,240,5.0,264.40000000,363.40000000,-22.36988664,false,excluded_from_publisher_mean; inconsistent_raw_signal,experimental_publisher_supplement,10.1038/s41598-025-02564-0
kozlowski_2025_scientific_reports,food_waste_torrefaction_240c,3,123,5.12500000,6,1.28125000,37,torrefaction_product,240,5.0,1710.80000000,363.40000000,304.45641677,true,,experimental_publisher_supplement,10.1038/s41598-025-02564-0
kozlowski_2025_scientific_reports,food_waste_pyrolysis_600c,1,123,5.12500000,6,1.28125000,37,biochar,600,5.0,1621.30000000,363.40000000,284.23313541,true,,experimental_publisher_supplement,10.1038/s41598-025-02564-0
kozlowski_2025_scientific_reports,food_waste_pyrolysis_600c,2,123,5.12500000,6,1.28125000,37,biochar,600,5.0,1628.20000000,363.40000000,285.79224872,true,,experimental_publisher_supplement,10.1038/s41598-025-02564-0
kozlowski_2025_scientific_reports,food_waste_pyrolysis_600c,3,123,5.12500000,6,1.28125000,37,biochar,600,5.0,1373.90000000,363.40000000,228.33101465,false,excluded_from_publisher_mean; inconsistent_raw_signal,experimental_publisher_supplement,10.1038/s41598-025-02564-0
kozlowski_2025_scientific_reports,food_waste_hydrochar_240c,1,123,5.12500000,6,1.28125000,37,hydrochar,240,5.0,1676.00000000,363.40000000,296.59306268,true,,experimental_publisher_supplement,10.1038/s41598-025-02564-0
kozlowski_2025_scientific_reports,food_waste_hydrochar_240c,2,123,5.12500000,6,1.28125000,37,hydrochar,240,5.0,1680.30000000,363.40000000,297.56468402,true,,experimental_publisher_supplement,10.1038/s41598-025-02564-0
kozlowski_2025_scientific_reports,food_waste_hydrochar_240c,3,123,5.12500000,6,1.28125000,37,hydrochar,240,5.0,1691.50000000,363.40000000,300.09541867,true,,experimental_publisher_supplement,10.1038/s41598-025-02564-0
kozlowski_2025_scientific_reports,food_waste,1,124,5.16666667,6,1.29166667,37,none,,0.0,1667.80000000,364.43333333,294.50671298,true,,experimental_publisher_supplement,10.1038/s41598-025-02564-0
kozlowski_2025_scientific_reports,food_waste,2,124,5.16666667,6,1.29166667,37,none,,0.0,1654.80000000,364.43333333,291.56925312,true,,experimental_publisher_supplement,10.1038/s41598-025-02564-0
kozlowski_2025_scientific_reports,food_waste,3,124,5.16666667,6,1.29166667,37,none,,0.0,1662.20000000,364.43333333,293.24134565,true,,experimental_publisher_supplement,10.1038/s41598-025-02564-0
kozlowski_2025_scientific_reports,food_waste_torrefaction_240c,1,124,5.16666667,6,1.29166667,37,torrefaction_product,240,5.0,1718.10000000,364.43333333,305.87242306,true,,experimental_publisher_supplement,10.1038/s41598-025-02564-0
kozlowski_2025_scientific_reports,food_waste_torrefaction_240c,2,124,5.16666667,6,1.29166667,37,torrefaction_product,240,5.0,264.80000000,364.43333333,-22.51299366,false,excluded_from_publisher_mean; inconsistent_raw_signal,experimental_publisher_supplement,10.1038/s41598-025-02564-0
kozlowski_2025_scientific_reports,food_waste_torrefaction_240c,3,124,5.16666667,6,1.29166667,37,torrefaction_product,240,5.0,1718.40000000,364.43333333,305.94021060,true,,experimental_publisher_supplement,10.1038/s41598-025-02564-0
kozlowski_2025_scientific_reports,food_waste_pyrolysis_600c,1,124,5.16666667,6,1.29166667,37,biochar,600,5.0,1629.50000000,364.43333333,285.85250431,true,,experimental_publisher_supplement,10.1038/s41598-025-02564-0
kozlowski_2025_scientific_reports,food_waste_pyrolysis_600c,2,124,5.16666667,6,1.29166667,37,biochar,600,5.0,1636.60000000,364.43333333,287.45680931,true,,experimental_publisher_supplement,10.1038/s41598-025-02564-0
kozlowski_2025_scientific_reports,food_waste_pyrolysis_600c,3,124,5.16666667,6,1.29166667,37,biochar,600,5.0,1382.10000000,364.43333333,229.95038355,false,excluded_from_publisher_mean; inconsistent_raw_signal,experimental_publisher_supplement,10.1038/s41598-025-02564-0
kozlowski_2025_scientific_reports,food_waste_hydrochar_240c,1,124,5.16666667,6,1.29166667,37,hydrochar,240,5.0,1683.60000000,364.43333333,298.07685650,true,,experimental_publisher_supplement,10.1038/s41598-025-02564-0
kozlowski_2025_scientific_reports,food_waste_hydrochar_240c,2,124,5.16666667,6,1.29166667,37,hydrochar,240,5.0,1687.50000000,364.43333333,298.95809446,true,,experimental_publisher_supplement,10.1038/s41598-025-02564-0
kozlowski_2025_scientific_reports,food_waste_hydrochar_240c,3,124,5.16666667,6,1.29166667,37,hydrochar,240,5.0,1698.60000000,364.43333333,301.46623327,true,,experimental_publisher_supplement,10.1038/s41598-025-02564-0
kozlowski_2025_scientific_reports,food_waste,1,125,5.20833333,6,1.30208333,37,none,,0.0,1674.10000000,365.43333333,295.70429277,true,,experimental_publisher_supplement,10.1038/s41598-025-02564-0
kozlowski_2025_scientific_reports,food_waste,2,125,5.20833333,6,1.30208333,37,none,,0.0,1661.80000000,365.43333333,292.92500382,true,,experimental_publisher_supplement,10.1038/s41598-025-02564-0
kozlowski_2025_scientific_reports,food_waste,3,125,5.20833333,6,1.30208333,37,none,,0.0,1669.20000000,365.43333333,294.59709636,true,,experimental_publisher_supplement,10.1038/s41598-025-02564-0
kozlowski_2025_scientific_reports,food_waste_torrefaction_240c,1,125,5.20833333,6,1.30208333,37,torrefaction_product,240,5.0,1725.60000000,365.43333333,307.34115299,true,,experimental_publisher_supplement,10.1038/s41598-025-02564-0
kozlowski_2025_scientific_reports,food_waste_torrefaction_240c,2,125,5.20833333,6,1.30208333,37,torrefaction_product,240,5.0,272.60000000,365.43333333,-20.97647619,false,excluded_from_publisher_mean; inconsistent_raw_signal,experimental_publisher_supplement,10.1038/s41598-025-02564-0
kozlowski_2025_scientific_reports,food_waste_torrefaction_240c,3,125,5.20833333,6,1.30208333,37,torrefaction_product,240,5.0,1725.80000000,365.43333333,307.38634468,true,,experimental_publisher_supplement,10.1038/s41598-025-02564-0
kozlowski_2025_scientific_reports,food_waste_pyrolysis_600c,1,125,5.20833333,6,1.30208333,37,biochar,600,5.0,1637.50000000,365.43333333,287.43421347,true,,experimental_publisher_supplement,10.1038/s41598-025-02564-0
kozlowski_2025_scientific_reports,food_waste_pyrolysis_600c,2,125,5.20833333,6,1.30208333,37,biochar,600,5.0,1645.00000000,365.43333333,289.12890185,true,,experimental_publisher_supplement,10.1038/s41598-025-02564-0
kozlowski_2025_scientific_reports,food_waste_pyrolysis_600c,3,125,5.20833333,6,1.30208333,37,biochar,600,5.0,1390.40000000,365.43333333,231.59988024,false,excluded_from_publisher_mean; inconsistent_raw_signal,experimental_publisher_supplement,10.1038/s41598-025-02564-0
kozlowski_2025_scientific_reports,food_waste_hydrochar_240c,1,125,5.20833333,6,1.30208333,37,hydrochar,240,5.0,1691.10000000,365.43333333,299.54558644,true,,experimental_publisher_supplement,10.1038/s41598-025-02564-0
kozlowski_2025_scientific_reports,food_waste_hydrochar_240c,2,125,5.20833333,6,1.30208333,37,hydrochar,240,5.0,1694.50000000,365.43333333,300.31384517,true,,experimental_publisher_supplement,10.1038/s41598-025-02564-0
kozlowski_2025_scientific_reports,food_waste_hydrochar_240c,3,125,5.20833333,6,1.30208333,37,hydrochar,240,5.0,1705.70000000,365.43333333,302.84457982,true,,experimental_publisher_supplement,10.1038/s41598-025-02564-0
kozlowski_2025_scientific_reports,food_waste,1,126,5.25000000,6,1.31250000,37,none,,0.0,1680.00000000,366.43333333,296.81148918,true,,experimental_publisher_supplement,10.1038/s41598-025-02564-0
kozlowski_2025_scientific_reports,food_waste,2,126,5.25000000,6,1.31250000,37,none,,0.0,1668.70000000,366.43333333,294.25815868,true,,experimental_publisher_supplement,10.1038/s41598-025-02564-0
kozlowski_2025_scientific_reports,food_waste,3,126,5.25000000,6,1.31250000,37,none,,0.0,1676.20000000,366.43333333,295.95284707,true,,experimental_publisher_supplement,10.1038/s41598-025-02564-0
kozlowski_2025_scientific_reports,food_waste_torrefaction_240c,1,126,5.25000000,6,1.31250000,37,torrefaction_product,240,5.0,1732.40000000,366.43333333,308.65171201,true,,experimental_publisher_supplement,10.1038/s41598-025-02564-0
kozlowski_2025_scientific_reports,food_waste_torrefaction_240c,2,126,5.25000000,6,1.31250000,37,torrefaction_product,240,5.0,279.80000000,366.43333333,-19.57553380,false,excluded_from_publisher_mean; inconsistent_raw_signal,experimental_publisher_supplement,10.1038/s41598-025-02564-0
kozlowski_2025_scientific_reports,food_waste_torrefaction_240c,3,126,5.25000000,6,1.31250000,37,torrefaction_product,240,5.0,1733.30000000,366.43333333,308.85507461,true,,experimental_publisher_supplement,10.1038/s41598-025-02564-0
kozlowski_2025_scientific_reports,food_waste_pyrolysis_600c,1,126,5.25000000,6,1.31250000,37,biochar,600,5.0,1644.80000000,366.43333333,288.85775171,true,,experimental_publisher_supplement,10.1038/s41598-025-02564-0
kozlowski_2025_scientific_reports,food_waste_pyrolysis_600c,2,126,5.25000000,6,1.31250000,37,biochar,600,5.0,1653.20000000,366.43333333,290.75580269,true,,experimental_publisher_supplement,10.1038/s41598-025-02564-0
kozlowski_2025_scientific_reports,food_waste_pyrolysis_600c,3,126,5.25000000,6,1.31250000,37,biochar,600,5.0,1398.10000000,366.43333333,233.11380186,false,excluded_from_publisher_mean; inconsistent_raw_signal,experimental_publisher_supplement,10.1038/s41598-025-02564-0
kozlowski_2025_scientific_reports,food_waste_hydrochar_240c,1,126,5.25000000,6,1.31250000,37,hydrochar,240,5.0,1697.90000000,366.43333333,300.85614545,true,,experimental_publisher_supplement,10.1038/s41598-025-02564-0
kozlowski_2025_scientific_reports,food_waste_hydrochar_240c,2,126,5.25000000,6,1.31250000,37,hydrochar,240,5.0,1701.50000000,366.43333333,301.66959587,true,,experimental_publisher_supplement,10.1038/s41598-025-02564-0
kozlowski_2025_scientific_reports,food_waste_hydrochar_240c,3,126,5.25000000,6,1.31250000,37,hydrochar,240,5.0,1712.70000000,366.43333333,304.20033052,true,,experimental_publisher_supplement,10.1038/s41598-025-02564-0
kozlowski_2025_scientific_reports,food_waste,1,127,5.29166667,6,1.32291667,37,none,,0.0,1685.10000000,367.43333333,297.73791883,true,,experimental_publisher_supplement,10.1038/s41598-025-02564-0
kozlowski_2025_scientific_reports,food_waste,2,127,5.29166667,6,1.32291667,37,none,,0.0,1675.40000000,367.43333333,295.54612185,true,,experimental_publisher_supplement,10.1038/s41598-025-02564-0
kozlowski_2025_scientific_reports,food_waste,3,127,5.29166667,6,1.32291667,37,none,,0.0,1683.10000000,367.43333333,297.28600193,true,,experimental_publisher_supplement,10.1038/s41598-025-02564-0
kozlowski_2025_scientific_reports,food_waste_torrefaction_240c,1,127,5.29166667,6,1.32291667,37,torrefaction_product,240,5.0,1739.00000000,367.43333333,309.91707933,true,,experimental_publisher_supplement,10.1038/s41598-025-02564-0
kozlowski_2025_scientific_reports,food_waste_torrefaction_240c,2,127,5.29166667,6,1.32291667,37,torrefaction_product,240,5.0,282.40000000,367.43333333,-19.21400028,false,excluded_from_publisher_mean; inconsistent_raw_signal,experimental_publisher_supplement,10.1038/s41598-025-02564-0
kozlowski_2025_scientific_reports,food_waste_torrefaction_240c,3,127,5.29166667,6,1.32291667,37,torrefaction_product,240,5.0,1740.50000000,367.43333333,310.25601701,true,,experimental_publisher_supplement,10.1038/s41598-025-02564-0
kozlowski_2025_scientific_reports,food_waste_pyrolysis_600c,1,127,5.29166667,6,1.32291667,37,biochar,600,5.0,1652.40000000,367.43333333,290.34907748,true,,experimental_publisher_supplement,10.1038/s41598-025-02564-0
kozlowski_2025_scientific_reports,food_waste_pyrolysis_600c,2,127,5.29166667,6,1.32291667,37,biochar,600,5.0,1661.20000000,367.43333333,292.33751185,true,,experimental_publisher_supplement,10.1038/s41598-025-02564-0
kozlowski_2025_scientific_reports,food_waste_pyrolysis_600c,3,127,5.29166667,6,1.32291667,37,biochar,600,5.0,1406.00000000,367.43333333,234.67291518,false,excluded_from_publisher_mean; inconsistent_raw_signal,experimental_publisher_supplement,10.1038/s41598-025-02564-0
kozlowski_2025_scientific_reports,food_waste_hydrochar_240c,1,127,5.29166667,6,1.32291667,37,hydrochar,240,5.0,1704.40000000,367.43333333,302.09891693,true,,experimental_publisher_supplement,10.1038/s41598-025-02564-0
kozlowski_2025_scientific_reports,food_waste_hydrochar_240c,2,127,5.29166667,6,1.32291667,37,hydrochar,240,5.0,1708.50000000,367.43333333,303.02534658,true,,experimental_publisher_supplement,10.1038/s41598-025-02564-0
kozlowski_2025_scientific_reports,food_waste_hydrochar_240c,3,127,5.29166667,6,1.32291667,37,hydrochar,240,5.0,1719.90000000,367.43333333,305.60127292,true,,experimental_publisher_supplement,10.1038/s41598-025-02564-0
kozlowski_2025_scientific_reports,food_waste,1,128,5.33333333,6,1.33333333,37,none,,0.0,1690.10000000,368.46666667,298.63422068,true,,experimental_publisher_supplement,10.1038/s41598-025-02564-0
kozlowski_2025_scientific_reports,food_waste,2,128,5.33333333,6,1.33333333,37,none,,0.0,1682.20000000,368.46666667,296.84914892,true,,experimental_publisher_supplement,10.1038/s41598-025-02564-0
kozlowski_2025_scientific_reports,food_waste,3,128,5.33333333,6,1.33333333,37,none,,0.0,1689.70000000,368.46666667,298.54383730,true,,experimental_publisher_supplement,10.1038/s41598-025-02564-0
kozlowski_2025_scientific_reports,food_waste_torrefaction_240c,1,128,5.33333333,6,1.33333333,37,torrefaction_product,240,5.0,1745.80000000,368.46666667,311.22010640,true,,experimental_publisher_supplement,10.1038/s41598-025-02564-0
kozlowski_2025_scientific_reports,food_waste_torrefaction_240c,2,128,5.33333333,6,1.33333333,37,torrefaction_product,240,5.0,282.70000000,368.46666667,-19.37970314,false,excluded_from_publisher_mean; inconsistent_raw_signal,experimental_publisher_supplement,10.1038/s41598-025-02564-0
kozlowski_2025_scientific_reports,food_waste_torrefaction_240c,3,128,5.33333333,6,1.33333333,37,torrefaction_product,240,5.0,1747.60000000,368.46666667,311.62683161,true,,experimental_publisher_supplement,10.1038/s41598-025-02564-0
kozlowski_2025_scientific_reports,food_waste_pyrolysis_600c,1,128,5.33333333,6,1.33333333,37,biochar,600,5.0,1659.90000000,368.46666667,291.81027547,true,,experimental_publisher_supplement,10.1038/s41598-025-02564-0
kozlowski_2025_scientific_reports,food_waste_pyrolysis_600c,2,128,5.33333333,6,1.33333333,37,biochar,600,5.0,1668.90000000,368.46666667,293.84390152,true,,experimental_publisher_supplement,10.1038/s41598-025-02564-0
kozlowski_2025_scientific_reports,food_waste_pyrolysis_600c,3,128,5.33333333,6,1.33333333,37,biochar,600,5.0,1413.60000000,368.46666667,236.15670900,false,excluded_from_publisher_mean; inconsistent_raw_signal,experimental_publisher_supplement,10.1038/s41598-025-02564-0
kozlowski_2025_scientific_reports,food_waste_hydrochar_240c,1,128,5.33333333,6,1.33333333,37,hydrochar,240,5.0,1711.30000000,368.46666667,303.42453984,true,,experimental_publisher_supplement,10.1038/s41598-025-02564-0
kozlowski_2025_scientific_reports,food_waste_hydrochar_240c,2,128,5.33333333,6,1.33333333,37,hydrochar,240,5.0,1715.40000000,368.46666667,304.35096949,true,,experimental_publisher_supplement,10.1038/s41598-025-02564-0
kozlowski_2025_scientific_reports,food_waste_hydrochar_240c,3,128,5.33333333,6,1.33333333,37,hydrochar,240,5.0,1727.00000000,368.46666667,306.97208752,true,,experimental_publisher_supplement,10.1038/s41598-025-02564-0
kozlowski_2025_scientific_reports,food_waste,1,129,5.37500000,6,1.34375000,37,none,,0.0,1694.10000000,369.46666667,299.31209604,true,,experimental_publisher_supplement,10.1038/s41598-025-02564-0
kozlowski_2025_scientific_reports,food_waste,2,129,5.37500000,6,1.34375000,37,none,,0.0,1688.90000000,369.46666667,298.13711209,true,,experimental_publisher_supplement,10.1038/s41598-025-02564-0
kozlowski_2025_scientific_reports,food_waste,3,129,5.37500000,6,1.34375000,37,none,,0.0,1696.20000000,369.46666667,299.78660878,true,,experimental_publisher_supplement,10.1038/s41598-025-02564-0
kozlowski_2025_scientific_reports,food_waste_torrefaction_240c,1,129,5.37500000,6,1.34375000,37,torrefaction_product,240,5.0,1753.00000000,369.46666667,312.62104880,true,,experimental_publisher_supplement,10.1038/s41598-025-02564-0
kozlowski_2025_scientific_reports,food_waste_torrefaction_240c,2,129,5.37500000,6,1.34375000,37,torrefaction_product,240,5.0,283.00000000,369.46666667,-19.53787406,false,excluded_from_publisher_mean; inconsistent_raw_signal,experimental_publisher_supplement,10.1038/s41598-025-02564-0
kozlowski_2025_scientific_reports,food_waste_torrefaction_240c,3,129,5.37500000,6,1.34375000,37,torrefaction_product,240,5.0,1754.60000000,369.46666667,312.98258232,true,,experimental_publisher_supplement,10.1038/s41598-025-02564-0
kozlowski_2025_scientific_reports,food_waste_pyrolysis_600c,1,129,5.37500000,6,1.34375000,37,biochar,600,5.0,1667.40000000,369.46666667,293.27900540,true,,experimental_publisher_supplement,10.1038/s41598-025-02564-0
kozlowski_2025_scientific_reports,food_waste_pyrolysis_600c,2,129,5.37500000,6,1.34375000,37,biochar,600,5.0,1676.70000000,369.46666667,295.38041899,true,,experimental_publisher_supplement,10.1038/s41598-025-02564-0
kozlowski_2025_scientific_reports,food_waste_pyrolysis_600c,3,129,5.37500000,6,1.34375000,37,biochar,600,5.0,1421.00000000,369.46666667,237.60284309,false,excluded_from_publisher_mean; inconsistent_raw_signal,experimental_publisher_supplement,10.1038/s41598-025-02564-0
kozlowski_2025_scientific_reports,food_waste_hydrochar_240c,1,129,5.37500000,6,1.34375000,37,hydrochar,240,5.0,1718.50000000,369.46666667,304.82548224,true,,experimental_publisher_supplement,10.1038/s41598-025-02564-0
kozlowski_2025_scientific_reports,food_waste_hydrochar_240c,2,129,5.37500000,6,1.34375000,37,hydrochar,240,5.0,1722.30000000,369.46666667,305.68412435,true,,experimental_publisher_supplement,10.1038/s41598-025-02564-0
kozlowski_2025_scientific_reports,food_waste_hydrochar_240c,3,129,5.37500000,6,1.34375000,37,hydrochar,240,5.0,1733.90000000,369.46666667,308.30524238,true,,experimental_publisher_supplement,10.1038/s41598-025-02564-0
kozlowski_2025_scientific_reports,food_waste,1,130,5.41666667,6,1.35416667,37,none,,0.0,1698.10000000,370.50000000,299.98243944,true,,experimental_publisher_supplement,10.1038/s41598-025-02564-0
kozlowski_2025_scientific_reports,food_waste,2,130,5.41666667,6,1.35416667,37,none,,0.0,1695.60000000,370.50000000,299.41754331,true,,experimental_publisher_supplement,10.1038/s41598-025-02564-0
kozlowski_2025_scientific_reports,food_waste,3,130,5.41666667,6,1.35416667,37,none,,0.0,1703.10000000,370.50000000,301.11223169,true,,experimental_publisher_supplement,10.1038/s41598-025-02564-0
kozlowski_2025_scientific_reports,food_waste_torrefaction_240c,1,130,5.41666667,6,1.35416667,37,torrefaction_product,240,5.0,1760.50000000,370.50000000,314.08224678,true,,experimental_publisher_supplement,10.1038/s41598-025-02564-0
kozlowski_2025_scientific_reports,food_waste_torrefaction_240c,2,130,5.41666667,6,1.35416667,37,torrefaction_product,240,5.0,283.30000000,370.50000000,-19.70357692,false,excluded_from_publisher_mean; inconsistent_raw_signal,experimental_publisher_supplement,10.1038/s41598-025-02564-0
kozlowski_2025_scientific_reports,food_waste_torrefaction_240c,3,130,5.41666667,6,1.35416667,37,torrefaction_product,240,5.0,1761.80000000,370.50000000,314.37599276,true,,experimental_publisher_supplement,10.1038/s41598-025-02564-0
kozlowski_2025_scientific_reports,food_waste_pyrolysis_600c,1,130,5.41666667,6,1.35416667,37,biochar,600,5.0,1674.90000000,370.50000000,294.74020338,true,,experimental_publisher_supplement,10.1038/s41598-025-02564-0
kozlowski_2025_scientific_reports,food_waste_pyrolysis_600c,2,130,5.41666667,6,1.35416667,37,biochar,600,5.0,1684.60000000,370.50000000,296.93200035,true,,experimental_publisher_supplement,10.1038/s41598-025-02564-0
kozlowski_2025_scientific_reports,food_waste_pyrolysis_600c,3,130,5.41666667,6,1.35416667,37,biochar,600,5.0,1428.50000000,370.50000000,239.06404107,false,excluded_from_publisher_mean; inconsistent_raw_signal,experimental_publisher_supplement,10.1038/s41598-025-02564-0
kozlowski_2025_scientific_reports,food_waste_hydrochar_240c,1,130,5.41666667,6,1.35416667,37,hydrochar,240,5.0,1725.80000000,370.50000000,306.24148853,true,,experimental_publisher_supplement,10.1038/s41598-025-02564-0
kozlowski_2025_scientific_reports,food_waste_hydrochar_240c,2,130,5.41666667,6,1.35416667,37,hydrochar,240,5.0,1729.30000000,370.50000000,307.03234311,true,,experimental_publisher_supplement,10.1038/s41598-025-02564-0
kozlowski_2025_scientific_reports,food_waste_hydrochar_240c,3,130,5.41666667,6,1.35416667,37,hydrochar,240,5.0,1740.70000000,370.50000000,309.60826945,true,,experimental_publisher_supplement,10.1038/s41598-025-02564-0
kozlowski_2025_scientific_reports,food_waste,1,131,5.45833333,6,1.36458333,37,none,,0.0,1701.60000000,371.50000000,300.54733557,true,,experimental_publisher_supplement,10.1038/s41598-025-02564-0
kozlowski_2025_scientific_reports,food_waste,2,131,5.45833333,6,1.36458333,37,none,,0.0,1702.40000000,371.50000000,300.72810233,true,,experimental_publisher_supplement,10.1038/s41598-025-02564-0
kozlowski_2025_scientific_reports,food_waste,3,131,5.45833333,6,1.36458333,37,none,,0.0,1710.00000000,371.50000000,302.44538656,true,,experimental_publisher_supplement,10.1038/s41598-025-02564-0
kozlowski_2025_scientific_reports,food_waste_torrefaction_240c,1,131,5.45833333,6,1.36458333,37,torrefaction_product,240,5.0,1767.80000000,371.50000000,315.50578502,true,,experimental_publisher_supplement,10.1038/s41598-025-02564-0
kozlowski_2025_scientific_reports,food_waste_torrefaction_240c,2,131,5.45833333,6,1.36458333,37,torrefaction_product,240,5.0,283.60000000,371.50000000,-19.86174784,false,excluded_from_publisher_mean; inconsistent_raw_signal,experimental_publisher_supplement,10.1038/s41598-025-02564-0
kozlowski_2025_scientific_reports,food_waste_torrefaction_240c,3,131,5.45833333,6,1.36458333,37,torrefaction_product,240,5.0,1769.10000000,371.50000000,315.79953100,true,,experimental_publisher_supplement,10.1038/s41598-025-02564-0
kozlowski_2025_scientific_reports,food_waste_pyrolysis_600c,1,131,5.45833333,6,1.36458333,37,biochar,600,5.0,1682.20000000,371.50000000,296.16374162,true,,experimental_publisher_supplement,10.1038/s41598-025-02564-0
kozlowski_2025_scientific_reports,food_waste_pyrolysis_600c,2,131,5.45833333,6,1.36458333,37,biochar,600,5.0,1692.30000000,371.50000000,298.44592197,true,,experimental_publisher_supplement,10.1038/s41598-025-02564-0
kozlowski_2025_scientific_reports,food_waste_pyrolysis_600c,3,131,5.45833333,6,1.36458333,37,biochar,600,5.0,1436.40000000,371.50000000,240.62315438,false,excluded_from_publisher_mean; inconsistent_raw_signal,experimental_publisher_supplement,10.1038/s41598-025-02564-0
kozlowski_2025_scientific_reports,food_waste_hydrochar_240c,1,131,5.45833333,6,1.36458333,37,hydrochar,240,5.0,1733.00000000,371.50000000,307.64243093,true,,experimental_publisher_supplement,10.1038/s41598-025-02564-0
kozlowski_2025_scientific_reports,food_waste_hydrochar_240c,2,131,5.45833333,6,1.36458333,37,hydrochar,240,5.0,1736.20000000,371.50000000,308.36549797,true,,experimental_publisher_supplement,10.1038/s41598-025-02564-0
kozlowski_2025_scientific_reports,food_waste_hydrochar_240c,3,131,5.45833333,6,1.36458333,37,hydrochar,240,5.0,1747.80000000,371.50000000,310.98661600,true,,experimental_publisher_supplement,10.1038/s41598-025-02564-0
kozlowski_2025_scientific_reports,food_waste,1,132,5.50000000,6,1.37500000,37,none,,0.0,1704.90000000,372.73333333,301.01431637,true,,experimental_publisher_supplement,10.1038/s41598-025-02564-0
kozlowski_2025_scientific_reports,food_waste,2,132,5.50000000,6,1.37500000,37,none,,0.0,1709.30000000,372.73333333,302.00853355,true,,experimental_publisher_supplement,10.1038/s41598-025-02564-0
kozlowski_2025_scientific_reports,food_waste,3,132,5.50000000,6,1.37500000,37,none,,0.0,1717.50000000,372.73333333,303.86139285,true,,experimental_publisher_supplement,10.1038/s41598-025-02564-0
kozlowski_2025_scientific_reports,food_waste_torrefaction_240c,1,132,5.50000000,6,1.37500000,37,torrefaction_product,240,5.0,1774.80000000,372.73333333,316.80881209,true,,experimental_publisher_supplement,10.1038/s41598-025-02564-0
kozlowski_2025_scientific_reports,food_waste_torrefaction_240c,2,132,5.50000000,6,1.37500000,37,torrefaction_product,240,5.0,283.80000000,372.73333333,-20.09523824,false,excluded_from_publisher_mean; inconsistent_raw_signal,experimental_publisher_supplement,10.1038/s41598-025-02564-0
kozlowski_2025_scientific_reports,food_waste_torrefaction_240c,3,132,5.50000000,6,1.37500000,37,torrefaction_product,240,5.0,1776.90000000,372.73333333,317.28332483,true,,experimental_publisher_supplement,10.1038/s41598-025-02564-0
kozlowski_2025_scientific_reports,food_waste_pyrolysis_600c,1,132,5.50000000,6,1.37500000,37,biochar,600,5.0,1689.50000000,372.73333333,297.53455622,true,,experimental_publisher_supplement,10.1038/s41598-025-02564-0
kozlowski_2025_scientific_reports,food_waste_pyrolysis_600c,2,132,5.50000000,6,1.37500000,37,biochar,600,5.0,1699.70000000,372.73333333,299.83933242,true,,experimental_publisher_supplement,10.1038/s41598-025-02564-0
kozlowski_2025_scientific_reports,food_waste_pyrolysis_600c,3,132,5.50000000,6,1.37500000,37,biochar,600,5.0,1444.50000000,372.73333333,242.17473575,false,excluded_from_publisher_mean; inconsistent_raw_signal,experimental_publisher_supplement,10.1038/s41598-025-02564-0
kozlowski_2025_scientific_reports,food_waste_hydrochar_240c,1,132,5.50000000,6,1.37500000,37,hydrochar,240,5.0,1740.00000000,372.73333333,308.94545799,true,,experimental_publisher_supplement,10.1038/s41598-025-02564-0
kozlowski_2025_scientific_reports,food_waste_hydrochar_240c,2,132,5.50000000,6,1.37500000,37,hydrochar,240,5.0,1743.50000000,372.73333333,309.73631257,true,,experimental_publisher_supplement,10.1038/s41598-025-02564-0
kozlowski_2025_scientific_reports,food_waste_hydrochar_240c,3,132,5.50000000,6,1.37500000,37,hydrochar,240,5.0,1755.20000000,372.73333333,312.38002645,true,,experimental_publisher_supplement,10.1038/s41598-025-02564-0
kozlowski_2025_scientific_reports,food_waste,1,133,5.54166667,6,1.38541667,37,none,,0.0,1708.20000000,373.90000000,301.49636106,true,,experimental_publisher_supplement,10.1038/s41598-025-02564-0
kozlowski_2025_scientific_reports,food_waste,2,133,5.54166667,6,1.38541667,37,none,,0.0,1716.50000000,373.90000000,303.37181620,true,,experimental_publisher_supplement,10.1038/s41598-025-02564-0
kozlowski_2025_scientific_reports,food_waste,3,133,5.54166667,6,1.38541667,37,none,,0.0,1724.60000000,373.90000000,305.20207966,true,,experimental_publisher_supplement,10.1038/s41598-025-02564-0
kozlowski_2025_scientific_reports,food_waste_torrefaction_240c,1,133,5.54166667,6,1.38541667,37,torrefaction_product,240,5.0,1781.60000000,373.90000000,318.08171136,true,,experimental_publisher_supplement,10.1038/s41598-025-02564-0
kozlowski_2025_scientific_reports,food_waste_torrefaction_240c,2,133,5.54166667,6,1.38541667,37,torrefaction_product,240,5.0,284.10000000,373.90000000,-20.29106889,false,excluded_from_publisher_mean; inconsistent_raw_signal,experimental_publisher_supplement,10.1038/s41598-025-02564-0
kozlowski_2025_scientific_reports,food_waste_torrefaction_240c,3,133,5.54166667,6,1.38541667,37,torrefaction_product,240,5.0,1784.50000000,373.90000000,318.73699087,true,,experimental_publisher_supplement,10.1038/s41598-025-02564-0
kozlowski_2025_scientific_reports,food_waste_pyrolysis_600c,1,133,5.54166667,6,1.38541667,37,biochar,600,5.0,1696.60000000,373.90000000,298.87524303,true,,experimental_publisher_supplement,10.1038/s41598-025-02564-0
kozlowski_2025_scientific_reports,food_waste_pyrolysis_600c,2,133,5.54166667,6,1.38541667,37,biochar,600,5.0,1707.00000000,373.90000000,301.22521092,true,,experimental_publisher_supplement,10.1038/s41598-025-02564-0
kozlowski_2025_scientific_reports,food_waste_pyrolysis_600c,3,133,5.54166667,6,1.38541667,37,biochar,600,5.0,1451.90000000,373.90000000,243.58321009,false,excluded_from_publisher_mean; inconsistent_raw_signal,experimental_publisher_supplement,10.1038/s41598-025-02564-0
kozlowski_2025_scientific_reports,food_waste_hydrochar_240c,1,133,5.54166667,6,1.38541667,37,hydrochar,240,5.0,1746.80000000,373.90000000,310.21835727,true,,experimental_publisher_supplement,10.1038/s41598-025-02564-0
kozlowski_2025_scientific_reports,food_waste_hydrochar_240c,2,133,5.54166667,6,1.38541667,37,hydrochar,240,5.0,1750.50000000,373.90000000,311.05440354,true,,experimental_publisher_supplement,10.1038/s41598-025-02564-0
kozlowski_2025_scientific_reports,food_waste_hydrochar_240c,3,133,5.54166667,6,1.38541667,37,hydrochar,240,5.0,1762.50000000,373.90000000,313.76590495,true,,experimental_publisher_supplement,10.1038/s41598-025-02564-0
kozlowski_2025_scientific_reports,food_waste,1,134,5.58333333,6,1.39583333,37,none,,0.0,1711.10000000,375.10000000,301.88049043,true,,experimental_publisher_supplement,10.1038/s41598-025-02564-0
kozlowski_2025_scientific_reports,food_waste,2,134,5.58333333,6,1.39583333,37,none,,0.0,1723.40000000,375.10000000,304.65977937,true,,experimental_publisher_supplement,10.1038/s41598-025-02564-0
kozlowski_2025_scientific_reports,food_waste,3,134,5.58333333,6,1.39583333,37,none,,0.0,1731.40000000,375.10000000,306.46744698,true,,experimental_publisher_supplement,10.1038/s41598-025-02564-0
kozlowski_2025_scientific_reports,food_waste_torrefaction_240c,1,134,5.58333333,6,1.39583333,37,torrefaction_product,240,5.0,1788.60000000,375.10000000,319.39227037,true,,experimental_publisher_supplement,10.1038/s41598-025-02564-0
kozlowski_2025_scientific_reports,food_waste_torrefaction_240c,2,134,5.58333333,6,1.39583333,37,torrefaction_product,240,5.0,284.40000000,375.10000000,-20.49443150,false,excluded_from_publisher_mean; inconsistent_raw_signal,experimental_publisher_supplement,10.1038/s41598-025-02564-0
kozlowski_2025_scientific_reports,food_waste_torrefaction_240c,3,134,5.58333333,6,1.39583333,37,torrefaction_product,240,5.0,1792.00000000,375.10000000,320.16052911,true,,experimental_publisher_supplement,10.1038/s41598-025-02564-0
kozlowski_2025_scientific_reports,food_waste_pyrolysis_600c,1,134,5.58333333,6,1.39583333,37,biochar,600,5.0,1703.90000000,375.10000000,300.25358958,true,,experimental_publisher_supplement,10.1038/s41598-025-02564-0
kozlowski_2025_scientific_reports,food_waste_pyrolysis_600c,2,134,5.58333333,6,1.39583333,37,biochar,600,5.0,1714.30000000,375.10000000,302.60355747,true,,experimental_publisher_supplement,10.1038/s41598-025-02564-0
kozlowski_2025_scientific_reports,food_waste_pyrolysis_600c,3,134,5.58333333,6,1.39583333,37,biochar,600,5.0,1459.50000000,375.10000000,245.02934418,false,excluded_from_publisher_mean; inconsistent_raw_signal,experimental_publisher_supplement,10.1038/s41598-025-02564-0
kozlowski_2025_scientific_reports,food_waste_hydrochar_240c,1,134,5.58333333,6,1.39583333,37,hydrochar,240,5.0,1753.70000000,375.10000000,311.50632044,true,,experimental_publisher_supplement,10.1038/s41598-025-02564-0
kozlowski_2025_scientific_reports,food_waste_hydrochar_240c,2,134,5.58333333,6,1.39583333,37,hydrochar,240,5.0,1757.30000000,375.10000000,312.31977086,true,,experimental_publisher_supplement,10.1038/s41598-025-02564-0
kozlowski_2025_scientific_reports,food_waste_hydrochar_240c,3,134,5.58333333,6,1.39583333,37,hydrochar,240,5.0,1769.60000000,375.10000000,315.09905981,true,,experimental_publisher_supplement,10.1038/s41598-025-02564-0
kozlowski_2025_scientific_reports,food_waste,1,135,5.62500000,6,1.40625000,37,none,,0.0,1714.00000000,376.26666667,302.27215174,true,,experimental_publisher_supplement,10.1038/s41598-025-02564-0
kozlowski_2025_scientific_reports,food_waste,2,135,5.62500000,6,1.40625000,37,none,,0.0,1729.90000000,376.26666667,305.86489111,true,,experimental_publisher_supplement,10.1038/s41598-025-02564-0
kozlowski_2025_scientific_reports,food_waste,3,135,5.62500000,6,1.40625000,37,none,,0.0,1738.10000000,376.26666667,307.71775041,true,,experimental_publisher_supplement,10.1038/s41598-025-02564-0
kozlowski_2025_scientific_reports,food_waste_torrefaction_240c,1,135,5.62500000,6,1.40625000,37,torrefaction_product,240,5.0,1795.60000000,376.26666667,320.71036134,true,,experimental_publisher_supplement,10.1038/s41598-025-02564-0
kozlowski_2025_scientific_reports,food_waste_torrefaction_240c,2,135,5.62500000,6,1.40625000,37,torrefaction_product,240,5.0,284.70000000,376.26666667,-20.69026216,false,excluded_from_publisher_mean; inconsistent_raw_signal,experimental_publisher_supplement,10.1038/s41598-025-02564-0
kozlowski_2025_scientific_reports,food_waste_torrefaction_240c,3,135,5.62500000,6,1.40625000,37,torrefaction_product,240,5.0,1799.40000000,376.26666667,321.56900345,true,,experimental_publisher_supplement,10.1038/s41598-025-02564-0
kozlowski_2025_scientific_reports,food_waste_pyrolysis_600c,1,135,5.62500000,6,1.40625000,37,biochar,600,5.0,1711.40000000,376.26666667,301.68465977,true,,experimental_publisher_supplement,10.1038/s41598-025-02564-0
kozlowski_2025_scientific_reports,food_waste_pyrolysis_600c,2,135,5.62500000,6,1.40625000,37,biochar,600,5.0,1721.50000000,376.26666667,303.96684012,true,,experimental_publisher_supplement,10.1038/s41598-025-02564-0
kozlowski_2025_scientific_reports,food_waste_pyrolysis_600c,3,135,5.62500000,6,1.40625000,37,biochar,600,5.0,1466.80000000,376.26666667,246.41522268,false,excluded_from_publisher_mean; inconsistent_raw_signal,experimental_publisher_supplement,10.1038/s41598-025-02564-0
kozlowski_2025_scientific_reports,food_waste_hydrochar_240c,1,135,5.62500000,6,1.40625000,37,hydrochar,240,5.0,1760.70000000,376.26666667,312.82441140,true,,experimental_publisher_supplement,10.1038/s41598-025-02564-0
kozlowski_2025_scientific_reports,food_waste_hydrochar_240c,2,135,5.62500000,6,1.40625000,37,hydrochar,240,5.0,1764.00000000,376.26666667,313.57007429,true,,experimental_publisher_supplement,10.1038/s41598-025-02564-0
kozlowski_2025_scientific_reports,food_waste_hydrochar_240c,3,135,5.62500000,6,1.40625000,37,hydrochar,240,5.0,1776.50000000,376.26666667,316.39455493,true,,experimental_publisher_supplement,10.1038/s41598-025-02564-0
kozlowski_2025_scientific_reports,food_waste,1,136,5.66666667,6,1.41666667,37,none,,0.0,1716.90000000,377.46666667,302.65628111,true,,experimental_publisher_supplement,10.1038/s41598-025-02564-0
kozlowski_2025_scientific_reports,food_waste,2,136,5.66666667,6,1.41666667,37,none,,0.0,1736.50000000,377.46666667,307.08506675,true,,experimental_publisher_supplement,10.1038/s41598-025-02564-0
kozlowski_2025_scientific_reports,food_waste,3,136,5.66666667,6,1.41666667,37,none,,0.0,1744.90000000,377.46666667,308.98311774,true,,experimental_publisher_supplement,10.1038/s41598-025-02564-0
kozlowski_2025_scientific_reports,food_waste_torrefaction_240c,1,136,5.66666667,6,1.41666667,37,torrefaction_product,240,5.0,1802.90000000,377.46666667,322.08870789,true,,experimental_publisher_supplement,10.1038/s41598-025-02564-0
kozlowski_2025_scientific_reports,food_waste_torrefaction_240c,2,136,5.66666667,6,1.41666667,37,torrefaction_product,240,5.0,285.00000000,377.46666667,-20.89362476,false,excluded_from_publisher_mean; inconsistent_raw_signal,experimental_publisher_supplement,10.1038/s41598-025-02564-0
kozlowski_2025_scientific_reports,food_waste_torrefaction_240c,3,136,5.66666667,6,1.41666667,37,torrefaction_product,240,5.0,1806.60000000,377.46666667,322.92475416,true,,experimental_publisher_supplement,10.1038/s41598-025-02564-0
kozlowski_2025_scientific_reports,food_waste_pyrolysis_600c,1,136,5.66666667,6,1.41666667,37,biochar,600,5.0,1718.70000000,377.46666667,303.06300632,true,,experimental_publisher_supplement,10.1038/s41598-025-02564-0
kozlowski_2025_scientific_reports,food_waste_pyrolysis_600c,2,136,5.66666667,6,1.41666667,37,biochar,600,5.0,1729.00000000,377.46666667,305.39037837,true,,experimental_publisher_supplement,10.1038/s41598-025-02564-0
kozlowski_2025_scientific_reports,food_waste_pyrolysis_600c,3,136,5.66666667,6,1.41666667,37,biochar,600,5.0,1474.40000000,377.46666667,247.86135676,false,excluded_from_publisher_mean; inconsistent_raw_signal,experimental_publisher_supplement,10.1038/s41598-025-02564-0
kozlowski_2025_scientific_reports,food_waste_hydrochar_240c,1,136,5.66666667,6,1.41666667,37,hydrochar,240,5.0,1767.80000000,377.46666667,314.15756626,true,,experimental_publisher_supplement,10.1038/s41598-025-02564-0
kozlowski_2025_scientific_reports,food_waste_hydrochar_240c,2,136,5.66666667,6,1.41666667,37,hydrochar,240,5.0,1770.90000000,377.46666667,314.85803746,true,,experimental_publisher_supplement,10.1038/s41598-025-02564-0
kozlowski_2025_scientific_reports,food_waste_hydrochar_240c,3,136,5.66666667,6,1.41666667,37,hydrochar,240,5.0,1783.20000000,377.46666667,317.63732641,true,,experimental_publisher_supplement,10.1038/s41598-025-02564-0
kozlowski_2025_scientific_reports,food_waste,1,137,5.70833333,6,1.42708333,37,none,,0.0,1719.50000000,378.70000000,302.96509099,true,,experimental_publisher_supplement,10.1038/s41598-025-02564-0
kozlowski_2025_scientific_reports,food_waste,2,137,5.70833333,6,1.42708333,37,none,,0.0,1743.10000000,378.70000000,308.29771043,true,,experimental_publisher_supplement,10.1038/s41598-025-02564-0
kozlowski_2025_scientific_reports,food_waste,3,137,5.70833333,6,1.42708333,37,none,,0.0,1751.60000000,378.70000000,310.21835727,true,,experimental_publisher_supplement,10.1038/s41598-025-02564-0
kozlowski_2025_scientific_reports,food_waste_torrefaction_240c,1,137,5.70833333,6,1.42708333,37,torrefaction_product,240,5.0,1810.10000000,378.70000000,323.43692665,true,,experimental_publisher_supplement,10.1038/s41598-025-02564-0
kozlowski_2025_scientific_reports,food_waste_torrefaction_240c,2,137,5.70833333,6,1.42708333,37,torrefaction_product,240,5.0,285.30000000,378.70000000,-21.10451932,false,excluded_from_publisher_mean; inconsistent_raw_signal,experimental_publisher_supplement,10.1038/s41598-025-02564-0
kozlowski_2025_scientific_reports,food_waste_torrefaction_240c,3,137,5.70833333,6,1.42708333,37,torrefaction_product,240,5.0,1813.70000000,378.70000000,324.25037707,true,,experimental_publisher_supplement,10.1038/s41598-025-02564-0
kozlowski_2025_scientific_reports,food_waste_pyrolysis_600c,1,137,5.70833333,6,1.42708333,37,biochar,600,5.0,1725.70000000,378.70000000,304.36603339,true,,experimental_publisher_supplement,10.1038/s41598-025-02564-0
kozlowski_2025_scientific_reports,food_waste_pyrolysis_600c,2,137,5.70833333,6,1.42708333,37,biochar,600,5.0,1736.30000000,378.70000000,306.76119297,true,,experimental_publisher_supplement,10.1038/s41598-025-02564-0
kozlowski_2025_scientific_reports,food_waste_pyrolysis_600c,3,137,5.70833333,6,1.42708333,37,biochar,600,5.0,1482.10000000,378.70000000,249.32255474,false,excluded_from_publisher_mean; inconsistent_raw_signal,experimental_publisher_supplement,10.1038/s41598-025-02564-0
kozlowski_2025_scientific_reports,food_waste_hydrochar_240c,1,137,5.70833333,6,1.42708333,37,hydrochar,240,5.0,1774.80000000,378.70000000,315.46059333,true,,experimental_publisher_supplement,10.1038/s41598-025-02564-0
kozlowski_2025_scientific_reports,food_waste_hydrochar_240c,2,137,5.70833333,6,1.42708333,37,hydrochar,240,5.0,1777.60000000,378.70000000,316.09327699,true,,experimental_publisher_supplement,10.1038/s41598-025-02564-0
kozlowski_2025_scientific_reports,food_waste_hydrochar_240c,3,137,5.70833333,6,1.42708333,37,hydrochar,240,5.0,1790.10000000,378.70000000,318.91775763,true,,experimental_publisher_supplement,10.1038/s41598-025-02564-0
kozlowski_2025_scientific_reports,food_waste,1,138,5.75000000,6,1.43750000,37,none,,0.0,1722.20000000,379.90000000,303.30402867,true,,experimental_publisher_supplement,10.1038/s41598-025-02564-0
kozlowski_2025_scientific_reports,food_waste,2,138,5.75000000,6,1.43750000,37,none,,0.0,1749.90000000,379.90000000,309.56307776,true,,experimental_publisher_supplement,10.1038/s41598-025-02564-0
kozlowski_2025_scientific_reports,food_waste,3,138,5.75000000,6,1.43750000,37,none,,0.0,1758.50000000,379.90000000,311.50632044,true,,experimental_publisher_supplement,10.1038/s41598-025-02564-0
kozlowski_2025_scientific_reports,food_waste_torrefaction_240c,1,138,5.75000000,6,1.43750000,37,torrefaction_product,240,5.0,1817.00000000,379.90000000,324.72488982,true,,experimental_publisher_supplement,10.1038/s41598-025-02564-0
kozlowski_2025_scientific_reports,food_waste_torrefaction_240c,2,138,5.75000000,6,1.43750000,37,torrefaction_product,240,5.0,285.60000000,379.90000000,-21.30788192,false,excluded_from_publisher_mean; inconsistent_raw_signal,experimental_publisher_supplement,10.1038/s41598-025-02564-0
kozlowski_2025_scientific_reports,food_waste_torrefaction_240c,3,138,5.75000000,6,1.43750000,37,torrefaction_product,240,5.0,1820.80000000,379.90000000,325.58353193,true,,experimental_publisher_supplement,10.1038/s41598-025-02564-0
kozlowski_2025_scientific_reports,food_waste_pyrolysis_600c,1,138,5.75000000,6,1.43750000,37,biochar,600,5.0,1732.60000000,379.90000000,305.65399656,true,,experimental_publisher_supplement,10.1038/s41598-025-02564-0
kozlowski_2025_scientific_reports,food_waste_pyrolysis_600c,2,138,5.75000000,6,1.43750000,37,biochar,600,5.0,1743.30000000,379.90000000,308.07175198,true,,experimental_publisher_supplement,10.1038/s41598-025-02564-0
kozlowski_2025_scientific_reports,food_waste_pyrolysis_600c,3,138,5.75000000,6,1.43750000,37,biochar,600,5.0,1489.40000000,379.90000000,250.70090129,false,excluded_from_publisher_mean; inconsistent_raw_signal,experimental_publisher_supplement,10.1038/s41598-025-02564-0
kozlowski_2025_scientific_reports,food_waste_hydrochar_240c,1,138,5.75000000,6,1.43750000,37,hydrochar,240,5.0,1781.60000000,379.90000000,316.72596065,true,,experimental_publisher_supplement,10.1038/s41598-025-02564-0
kozlowski_2025_scientific_reports,food_waste_hydrochar_240c,2,138,5.75000000,6,1.43750000,37,hydrochar,240,5.0,1784.50000000,379.90000000,317.38124016,true,,experimental_publisher_supplement,10.1038/s41598-025-02564-0
kozlowski_2025_scientific_reports,food_waste_hydrochar_240c,3,138,5.75000000,6,1.43750000,37,hydrochar,240,5.0,1797.00000000,379.90000000,320.20572080,true,,experimental_publisher_supplement,10.1038/s41598-025-02564-0
kozlowski_2025_scientific_reports,food_waste,1,139,5.79166667,6,1.44791667,37,none,,0.0,1724.90000000,381.13333333,303.63543440,true,,experimental_publisher_supplement,10.1038/s41598-025-02564-0
kozlowski_2025_scientific_reports,food_waste,2,139,5.79166667,6,1.44791667,37,none,,0.0,1756.80000000,381.13333333,310.84350898,true,,experimental_publisher_supplement,10.1038/s41598-025-02564-0
kozlowski_2025_scientific_reports,food_waste,3,139,5.79166667,6,1.44791667,37,none,,0.0,1765.40000000,381.13333333,312.78675166,true,,experimental_publisher_supplement,10.1038/s41598-025-02564-0
kozlowski_2025_scientific_reports,food_waste_torrefaction_240c,1,139,5.79166667,6,1.44791667,37,torrefaction_product,240,5.0,1823.70000000,381.13333333,325.96012935,true,,experimental_publisher_supplement,10.1038/s41598-025-02564-0
kozlowski_2025_scientific_reports,food_waste_torrefaction_240c,2,139,5.79166667,6,1.44791667,37,torrefaction_product,240,5.0,285.90000000,381.13333333,-21.51877648,false,excluded_from_publisher_mean; inconsistent_raw_signal,experimental_publisher_supplement,10.1038/s41598-025-02564-0
kozlowski_2025_scientific_reports,food_waste_torrefaction_240c,3,139,5.79166667,6,1.44791667,37,torrefaction_product,240,5.0,1827.90000000,381.13333333,326.90915484,true,,experimental_publisher_supplement,10.1038/s41598-025-02564-0
kozlowski_2025_scientific_reports,food_waste_pyrolysis_600c,1,139,5.79166667,6,1.44791667,37,biochar,600,5.0,1739.50000000,381.13333333,306.93442778,true,,experimental_publisher_supplement,10.1038/s41598-025-02564-0
kozlowski_2025_scientific_reports,food_waste_pyrolysis_600c,2,139,5.79166667,6,1.44791667,37,biochar,600,5.0,1750.10000000,381.13333333,309.32958736,true,,experimental_publisher_supplement,10.1038/s41598-025-02564-0
kozlowski_2025_scientific_reports,food_waste_pyrolysis_600c,3,139,5.79166667,6,1.44791667,37,biochar,600,5.0,1496.50000000,381.13333333,252.02652421,false,excluded_from_publisher_mean; inconsistent_raw_signal,experimental_publisher_supplement,10.1038/s41598-025-02564-0
kozlowski_2025_scientific_reports,food_waste_hydrochar_240c,1,139,5.79166667,6,1.44791667,37,hydrochar,240,5.0,1788.30000000,381.13333333,317.96120019,true,,experimental_publisher_supplement,10.1038/s41598-025-02564-0
kozlowski_2025_scientific_reports,food_waste_hydrochar_240c,2,139,5.79166667,6,1.44791667,37,hydrochar,240,5.0,1791.30000000,381.13333333,318.63907554,true,,experimental_publisher_supplement,10.1038/s41598-025-02564-0
kozlowski_2025_scientific_reports,food_waste_hydrochar_240c,3,139,5.79166667,6,1.44791667,37,hydrochar,240,5.0,1804.00000000,381.13333333,321.50874786,true,,experimental_publisher_supplement,10.1038/s41598-025-02564-0
kozlowski_2025_scientific_reports,food_waste,1,140,5.83333333,6,1.45833333,37,none,,0.0,1727.60000000,382.33333333,303.97437207,true,,experimental_publisher_supplement,10.1038/s41598-025-02564-0
kozlowski_2025_scientific_reports,food_waste,2,140,5.83333333,6,1.45833333,37,none,,0.0,1763.20000000,382.33333333,312.01849293,true,,experimental_publisher_supplement,10.1038/s41598-025-02564-0
kozlowski_2025_scientific_reports,food_waste,3,140,5.83333333,6,1.45833333,37,none,,0.0,1772.00000000,382.33333333,314.00692729,true,,experimental_publisher_supplement,10.1038/s41598-025-02564-0
kozlowski_2025_scientific_reports,food_waste_torrefaction_240c,1,140,5.83333333,6,1.45833333,37,torrefaction_product,240,5.0,1830.60000000,382.33333333,327.24809252,true,,experimental_publisher_supplement,10.1038/s41598-025-02564-0
kozlowski_2025_scientific_reports,food_waste_torrefaction_240c,2,140,5.83333333,6,1.45833333,37,torrefaction_product,240,5.0,286.20000000,382.33333333,-21.72213908,false,excluded_from_publisher_mean; inconsistent_raw_signal,experimental_publisher_supplement,10.1038/s41598-025-02564-0
kozlowski_2025_scientific_reports,food_waste_torrefaction_240c,3,140,5.83333333,6,1.45833333,37,torrefaction_product,240,5.0,1834.90000000,382.33333333,328.21971386,true,,experimental_publisher_supplement,10.1038/s41598-025-02564-0
kozlowski_2025_scientific_reports,food_waste_pyrolysis_600c,1,140,5.83333333,6,1.45833333,37,biochar,600,5.0,1746.40000000,382.33333333,308.22239095,true,,experimental_publisher_supplement,10.1038/s41598-025-02564-0
kozlowski_2025_scientific_reports,food_waste_pyrolysis_600c,2,140,5.83333333,6,1.45833333,37,biochar,600,5.0,1757.10000000,382.33333333,310.64014638,true,,experimental_publisher_supplement,10.1038/s41598-025-02564-0
kozlowski_2025_scientific_reports,food_waste_pyrolysis_600c,3,140,5.83333333,6,1.45833333,37,biochar,600,5.0,1503.50000000,382.33333333,253.33708322,false,excluded_from_publisher_mean; inconsistent_raw_signal,experimental_publisher_supplement,10.1038/s41598-025-02564-0
kozlowski_2025_scientific_reports,food_waste_hydrochar_240c,1,140,5.83333333,6,1.45833333,37,hydrochar,240,5.0,1795.10000000,382.33333333,319.22656751,true,,experimental_publisher_supplement,10.1038/s41598-025-02564-0
kozlowski_2025_scientific_reports,food_waste_hydrochar_240c,2,140,5.83333333,6,1.45833333,37,hydrochar,240,5.0,1797.80000000,382.33333333,319.83665533,true,,experimental_publisher_supplement,10.1038/s41598-025-02564-0
kozlowski_2025_scientific_reports,food_waste_hydrochar_240c,3,140,5.83333333,6,1.45833333,37,hydrochar,240,5.0,1810.90000000,382.33333333,322.79671103,true,,experimental_publisher_supplement,10.1038/s41598-025-02564-0
kozlowski_2025_scientific_reports,food_waste,1,141,5.87500000,6,1.46875000,37,none,,0.0,1730.20000000,383.56666667,304.28318196,true,,experimental_publisher_supplement,10.1038/s41598-025-02564-0
kozlowski_2025_scientific_reports,food_waste,2,141,5.87500000,6,1.46875000,37,none,,0.0,1769.30000000,383.56666667,313.11815739,true,,experimental_publisher_supplement,10.1038/s41598-025-02564-0
kozlowski_2025_scientific_reports,food_waste,3,141,5.87500000,6,1.46875000,37,none,,0.0,1778.10000000,383.56666667,315.10659176,true,,experimental_publisher_supplement,10.1038/s41598-025-02564-0
kozlowski_2025_scientific_reports,food_waste_torrefaction_240c,1,141,5.87500000,6,1.46875000,37,torrefaction_product,240,5.0,1837.90000000,383.56666667,328.61890712,true,,experimental_publisher_supplement,10.1038/s41598-025-02564-0
kozlowski_2025_scientific_reports,food_waste_torrefaction_240c,2,141,5.87500000,6,1.46875000,37,torrefaction_product,240,5.0,286.40000000,383.56666667,-21.95562948,false,excluded_from_publisher_mean; inconsistent_raw_signal,experimental_publisher_supplement,10.1038/s41598-025-02564-0
kozlowski_2025_scientific_reports,food_waste_torrefaction_240c,3,141,5.87500000,6,1.46875000,37,torrefaction_product,240,5.0,1841.90000000,383.56666667,329.52274092,true,,experimental_publisher_supplement,10.1038/s41598-025-02564-0
kozlowski_2025_scientific_reports,food_waste_pyrolysis_600c,1,141,5.87500000,6,1.46875000,37,biochar,600,5.0,1753.60000000,383.56666667,309.57060971,true,,experimental_publisher_supplement,10.1038/s41598-025-02564-0
kozlowski_2025_scientific_reports,food_waste_pyrolysis_600c,2,141,5.87500000,6,1.46875000,37,biochar,600,5.0,1764.10000000,383.56666667,311.94317344,true,,experimental_publisher_supplement,10.1038/s41598-025-02564-0
kozlowski_2025_scientific_reports,food_waste_pyrolysis_600c,3,141,5.87500000,6,1.46875000,37,biochar,600,5.0,1510.20000000,383.56666667,254.57232275,false,excluded_from_publisher_mean; inconsistent_raw_signal,experimental_publisher_supplement,10.1038/s41598-025-02564-0
kozlowski_2025_scientific_reports,food_waste_hydrochar_240c,1,141,5.87500000,6,1.46875000,37,hydrochar,240,5.0,1802.00000000,383.56666667,320.50699873,true,,experimental_publisher_supplement,10.1038/s41598-025-02564-0
kozlowski_2025_scientific_reports,food_waste_hydrochar_240c,2,141,5.87500000,6,1.46875000,37,hydrochar,240,5.0,1804.70000000,383.56666667,321.11708655,true,,experimental_publisher_supplement,10.1038/s41598-025-02564-0
kozlowski_2025_scientific_reports,food_waste_hydrochar_240c,3,141,5.87500000,6,1.46875000,37,hydrochar,240,5.0,1817.80000000,383.56666667,324.07714226,true,,experimental_publisher_supplement,10.1038/s41598-025-02564-0
kozlowski_2025_scientific_reports,food_waste,1,142,5.91666667,6,1.47916667,37,none,,0.0,1732.90000000,384.83333333,304.60705574,true,,experimental_publisher_supplement,10.1038/s41598-025-02564-0
kozlowski_2025_scientific_reports,food_waste,2,142,5.91666667,6,1.47916667,37,none,,0.0,1775.70000000,384.83333333,314.27807744,true,,experimental_publisher_supplement,10.1038/s41598-025-02564-0
kozlowski_2025_scientific_reports,food_waste,3,142,5.91666667,6,1.47916667,37,none,,0.0,1784.50000000,384.83333333,316.26651180,true,,experimental_publisher_supplement,10.1038/s41598-025-02564-0
kozlowski_2025_scientific_reports,food_waste_torrefaction_240c,1,142,5.91666667,6,1.47916667,37,torrefaction_product,240,5.0,1845.00000000,384.83333333,329.93699808,true,,experimental_publisher_supplement,10.1038/s41598-025-02564-0
kozlowski_2025_scientific_reports,food_waste_torrefaction_240c,2,142,5.91666667,6,1.47916667,37,torrefaction_product,240,5.0,286.70000000,384.83333333,-22.17405598,false,excluded_from_publisher_mean; inconsistent_raw_signal,experimental_publisher_supplement,10.1038/s41598-025-02564-0
kozlowski_2025_scientific_reports,food_waste_torrefaction_240c,3,142,5.91666667,6,1.47916667,37,torrefaction_product,240,5.0,1848.70000000,384.83333333,330.77304435,true,,experimental_publisher_supplement,10.1038/s41598-025-02564-0
kozlowski_2025_scientific_reports,food_waste_pyrolysis_600c,1,142,5.91666667,6,1.47916667,37,biochar,600,5.0,1760.90000000,384.83333333,310.93389236,true,,experimental_publisher_supplement,10.1038/s41598-025-02564-0
kozlowski_2025_scientific_reports,food_waste_pyrolysis_600c,2,142,5.91666667,6,1.47916667,37,biochar,600,5.0,1771.10000000,384.83333333,313.23866856,true,,experimental_publisher_supplement,10.1038/s41598-025-02564-0
kozlowski_2025_scientific_reports,food_waste_pyrolysis_600c,3,142,5.91666667,6,1.47916667,37,biochar,600,5.0,1517.10000000,384.83333333,255.84522203,false,excluded_from_publisher_mean; inconsistent_raw_signal,experimental_publisher_supplement,10.1038/s41598-025-02564-0
kozlowski_2025_scientific_reports,food_waste_hydrochar_240c,1,142,5.91666667,6,1.47916667,37,hydrochar,240,5.0,1809.20000000,384.83333333,321.84768554,true,,experimental_publisher_supplement,10.1038/s41598-025-02564-0
kozlowski_2025_scientific_reports,food_waste_hydrochar_240c,2,142,5.91666667,6,1.47916667,37,hydrochar,240,5.0,1811.30000000,384.83333333,322.32219829,true,,experimental_publisher_supplement,10.1038/s41598-025-02564-0
kozlowski_2025_scientific_reports,food_waste_hydrochar_240c,3,142,5.91666667,6,1.47916667,37,hydrochar,240,5.0,1824.00000000,384.83333333,325.19187061,true,,experimental_publisher_supplement,10.1038/s41598-025-02564-0
kozlowski_2025_scientific_reports,food_waste,1,143,5.95833333,6,1.48958333,37,none,,0.0,1735.60000000,386.00000000,304.95352536,true,,experimental_publisher_supplement,10.1038/s41598-025-02564-0
kozlowski_2025_scientific_reports,food_waste,2,143,5.95833333,6,1.48958333,37,none,,0.0,1782.10000000,386.00000000,315.46059333,true,,experimental_publisher_supplement,10.1038/s41598-025-02564-0
kozlowski_2025_scientific_reports,food_waste,3,143,5.95833333,6,1.48958333,37,none,,0.0,1790.90000000,386.00000000,317.44902770,true,,experimental_publisher_supplement,10.1038/s41598-025-02564-0
kozlowski_2025_scientific_reports,food_waste_torrefaction_240c,1,143,5.95833333,6,1.48958333,37,torrefaction_product,240,5.0,1852.10000000,386.00000000,331.27768489,true,,experimental_publisher_supplement,10.1038/s41598-025-02564-0
kozlowski_2025_scientific_reports,food_waste_torrefaction_240c,2,143,5.95833333,6,1.48958333,37,torrefaction_product,240,5.0,287.00000000,386.00000000,-22.36988664,false,excluded_from_publisher_mean; inconsistent_raw_signal,experimental_publisher_supplement,10.1038/s41598-025-02564-0
kozlowski_2025_scientific_reports,food_waste_torrefaction_240c,3,143,5.95833333,6,1.48958333,37,torrefaction_product,240,5.0,1855.50000000,386.00000000,332.04594363,true,,experimental_publisher_supplement,10.1038/s41598-025-02564-0
kozlowski_2025_scientific_reports,food_waste_pyrolysis_600c,1,143,5.95833333,6,1.48958333,37,biochar,600,5.0,1768.10000000,386.00000000,312.29717502,true,,experimental_publisher_supplement,10.1038/s41598-025-02564-0
kozlowski_2025_scientific_reports,food_waste_pyrolysis_600c,2,143,5.95833333,6,1.48958333,37,biochar,600,5.0,1778.20000000,386.00000000,314.57935537,true,,experimental_publisher_supplement,10.1038/s41598-025-02564-0
kozlowski_2025_scientific_reports,food_waste_pyrolysis_600c,3,143,5.95833333,6,1.48958333,37,biochar,600,5.0,1523.90000000,386.00000000,257.11812130,false,excluded_from_publisher_mean; inconsistent_raw_signal,experimental_publisher_supplement,10.1038/s41598-025-02564-0
kozlowski_2025_scientific_reports,food_waste_hydrochar_240c,1,143,5.95833333,6,1.48958333,37,hydrochar,240,5.0,1816.30000000,386.00000000,323.18837235,true,,experimental_publisher_supplement,10.1038/s41598-025-02564-0
kozlowski_2025_scientific_reports,food_waste_hydrochar_240c,2,143,5.95833333,6,1.48958333,37,hydrochar,240,5.0,1817.90000000,386.00000000,323.54990587,true,,experimental_publisher_supplement,10.1038/s41598-025-02564-0
kozlowski_2025_scientific_reports,food_waste_hydrochar_240c,3,143,5.95833333,6,1.48958333,37,hydrochar,240,5.0,1830.30000000,386.00000000,326.35179066,true,,experimental_publisher_supplement,10.1038/s41598-025-02564-0
kozlowski_2025_scientific_reports,food_waste,1,144,6.00000000,6,1.50000000,37,none,,0.0,1738.20000000,387.20000000,305.26986719,true,,experimental_publisher_supplement,10.1038/s41598-025-02564-0
kozlowski_2025_scientific_reports,food_waste,2,144,6.00000000,6,1.50000000,37,none,,0.0,1787.90000000,387.20000000,316.50000220,true,,experimental_publisher_supplement,10.1038/s41598-025-02564-0
kozlowski_2025_scientific_reports,food_waste,3,144,6.00000000,6,1.50000000,37,none,,0.0,1796.50000000,387.20000000,318.44324488,true,,experimental_publisher_supplement,10.1038/s41598-025-02564-0
kozlowski_2025_scientific_reports,food_waste_torrefaction_240c,1,144,6.00000000,6,1.50000000,37,torrefaction_product,240,5.0,1859.00000000,387.20000000,332.56564806,true,,experimental_publisher_supplement,10.1038/s41598-025-02564-0
kozlowski_2025_scientific_reports,food_waste_torrefaction_240c,2,144,6.00000000,6,1.50000000,37,torrefaction_product,240,5.0,287.30000000,387.20000000,-22.57324925,false,excluded_from_publisher_mean; inconsistent_raw_signal,experimental_publisher_supplement,10.1038/s41598-025-02564-0
kozlowski_2025_scientific_reports,food_waste_torrefaction_240c,3,144,6.00000000,6,1.50000000,37,torrefaction_product,240,5.0,1862.00000000,387.20000000,333.24352342,true,,experimental_publisher_supplement,10.1038/s41598-025-02564-0
kozlowski_2025_scientific_reports,food_waste_pyrolysis_600c,1,144,6.00000000,6,1.50000000,37,biochar,600,5.0,1774.40000000,387.20000000,313.44956312,true,,experimental_publisher_supplement,10.1038/s41598-025-02564-0
kozlowski_2025_scientific_reports,food_waste_pyrolysis_600c,2,144,6.00000000,6,1.50000000,37,biochar,600,5.0,1785.00000000,387.20000000,315.84472269,true,,experimental_publisher_supplement,10.1038/s41598-025-02564-0
kozlowski_2025_scientific_reports,food_waste_pyrolysis_600c,3,144,6.00000000,6,1.50000000,37,biochar,600,5.0,1530.40000000,387.20000000,258.31570109,false,excluded_from_publisher_mean; inconsistent_raw_signal,experimental_publisher_supplement,10.1038/s41598-025-02564-0
kozlowski_2025_scientific_reports,food_waste_hydrochar_240c,1,144,6.00000000,6,1.50000000,37,hydrochar,240,5.0,1822.70000000,387.20000000,324.36335629,true,,experimental_publisher_supplement,10.1038/s41598-025-02564-0
kozlowski_2025_scientific_reports,food_waste_hydrochar_240c,2,144,6.00000000,6,1.50000000,37,hydrochar,240,5.0,1824.60000000,387.20000000,324.79267735,true,,experimental_publisher_supplement,10.1038/s41598-025-02564-0
kozlowski_2025_scientific_reports,food_waste_hydrochar_240c,3,144,6.00000000,6,1.50000000,37,hydrochar,240,5.0,1836.80000000,387.20000000,327.54937045,true,,experimental_publisher_supplement,10.1038/s41598-025-02564-0
kozlowski_2025_scientific_reports,food_waste,1,145,6.04166667,6,1.51041667,37,none,,0.0,1740.80000000,388.33333333,305.60127292,true,,experimental_publisher_supplement,10.1038/s41598-025-02564-0
kozlowski_2025_scientific_reports,food_waste,2,145,6.04166667,6,1.51041667,37,none,,0.0,1793.70000000,388.33333333,317.55447497,true,,experimental_publisher_supplement,10.1038/s41598-025-02564-0
kozlowski_2025_scientific_reports,food_waste,3,145,6.04166667,6,1.51041667,37,none,,0.0,1802.20000000,388.33333333,319.47512181,true,,experimental_publisher_supplement,10.1038/s41598-025-02564-0
kozlowski_2025_scientific_reports,food_waste_torrefaction_240c,1,145,6.04166667,6,1.51041667,37,torrefaction_product,240,5.0,1865.50000000,388.33333333,333.77829175,true,,experimental_publisher_supplement,10.1038/s41598-025-02564-0
kozlowski_2025_scientific_reports,food_waste_torrefaction_240c,2,145,6.04166667,6,1.51041667,37,torrefaction_product,240,5.0,287.60000000,388.33333333,-22.76154796,false,excluded_from_publisher_mean; inconsistent_raw_signal,experimental_publisher_supplement,10.1038/s41598-025-02564-0
kozlowski_2025_scientific_reports,food_waste_torrefaction_240c,3,145,6.04166667,6,1.51041667,37,torrefaction_product,240,5.0,1868.70000000,388.33333333,334.50135879,true,,experimental_publisher_supplement,10.1038/s41598-025-02564-0
kozlowski_2025_scientific_reports,food_waste_pyrolysis_600c,1,145,6.04166667,6,1.51041667,37,biochar,600,5.0,1781.00000000,388.33333333,314.68480265,true,,experimental_publisher_supplement,10.1038/s41598-025-02564-0
kozlowski_2025_scientific_reports,food_waste_pyrolysis_600c,2,145,6.04166667,6,1.51041667,37,biochar,600,5.0,1791.50000000,388.33333333,317.05736638,true,,experimental_publisher_supplement,10.1038/s41598-025-02564-0
kozlowski_2025_scientific_reports,food_waste_pyrolysis_600c,3,145,6.04166667,6,1.51041667,37,biochar,600,5.0,1536.90000000,388.33333333,259.52834478,false,excluded_from_publisher_mean; inconsistent_raw_signal,experimental_publisher_supplement,10.1038/s41598-025-02564-0
kozlowski_2025_scientific_reports,food_waste_hydrochar_240c,1,145,6.04166667,6,1.51041667,37,hydrochar,240,5.0,1829.30000000,388.33333333,325.59859583,true,,experimental_publisher_supplement,10.1038/s41598-025-02564-0
kozlowski_2025_scientific_reports,food_waste_hydrochar_240c,2,145,6.04166667,6,1.51041667,37,hydrochar,240,5.0,1831.00000000,388.33333333,325.98272519,true,,experimental_publisher_supplement,10.1038/s41598-025-02564-0
kozlowski_2025_scientific_reports,food_waste_hydrochar_240c,3,145,6.04166667,6,1.51041667,37,hydrochar,240,5.0,1843.60000000,388.33333333,328.82980167,true,,experimental_publisher_supplement,10.1038/s41598-025-02564-0
kozlowski_2025_scientific_reports,food_waste,1,146,6.08333333,7,1.52083333,37,none,,0.0,1743.30000000,389.40000000,305.92514670,true,,experimental_publisher_supplement,10.1038/s41598-025-02564-0
kozlowski_2025_scientific_reports,food_waste,2,146,6.08333333,7,1.52083333,37,none,,0.0,1799.00000000,389.40000000,318.51103242,true,,experimental_publisher_supplement,10.1038/s41598-025-02564-0
kozlowski_2025_scientific_reports,food_waste,3,146,6.08333333,7,1.52083333,37,none,,0.0,1807.60000000,389.40000000,320.45427509,true,,experimental_publisher_supplement,10.1038/s41598-025-02564-0
kozlowski_2025_scientific_reports,food_waste_torrefaction_240c,1,146,6.08333333,7,1.52083333,37,torrefaction_product,240,5.0,1871.90000000,389.40000000,334.98340349,true,,experimental_publisher_supplement,10.1038/s41598-025-02564-0
kozlowski_2025_scientific_reports,food_waste_torrefaction_240c,2,146,6.08333333,7,1.52083333,37,torrefaction_product,240,5.0,287.90000000,389.40000000,-22.93478277,false,excluded_from_publisher_mean; inconsistent_raw_signal,experimental_publisher_supplement,10.1038/s41598-025-02564-0
kozlowski_2025_scientific_reports,food_waste_torrefaction_240c,3,146,6.08333333,7,1.52083333,37,torrefaction_product,240,5.0,1875.40000000,389.40000000,335.77425807,true,,experimental_publisher_supplement,10.1038/s41598-025-02564-0
kozlowski_2025_scientific_reports,food_waste_pyrolysis_600c,1,146,6.08333333,7,1.52083333,37,biochar,600,5.0,1787.80000000,389.40000000,315.98029777,true,,experimental_publisher_supplement,10.1038/s41598-025-02564-0
kozlowski_2025_scientific_reports,food_waste_pyrolysis_600c,2,146,6.08333333,7,1.52083333,37,biochar,600,5.0,1798.00000000,389.40000000,318.28507396,true,,experimental_publisher_supplement,10.1038/s41598-025-02564-0
kozlowski_2025_scientific_reports,food_waste_pyrolysis_600c,3,146,6.08333333,7,1.52083333,37,biochar,600,5.0,1543.10000000,389.40000000,260.68826483,false,excluded_from_publisher_mean; inconsistent_raw_signal,experimental_publisher_supplement,10.1038/s41598-025-02564-0
kozlowski_2025_scientific_reports,food_waste_hydrochar_240c,1,146,6.08333333,7,1.52083333,37,hydrochar,240,5.0,1836.00000000,389.40000000,326.87149510,true,,experimental_publisher_supplement,10.1038/s41598-025-02564-0
kozlowski_2025_scientific_reports,food_waste_hydrochar_240c,2,146,6.08333333,7,1.52083333,37,hydrochar,240,5.0,1837.40000000,389.40000000,327.18783693,true,,experimental_publisher_supplement,10.1038/s41598-025-02564-0
kozlowski_2025_scientific_reports,food_waste_hydrochar_240c,3,146,6.08333333,7,1.52083333,37,hydrochar,240,5.0,1850.00000000,389.40000000,330.03491341,true,,experimental_publisher_supplement,10.1038/s41598-025-02564-0
kozlowski_2025_scientific_reports,food_waste,1,147,6.12500000,7,1.53125000,37,none,,0.0,1745.60000000,390.46666667,306.20382879,true,,experimental_publisher_supplement,10.1038/s41598-025-02564-0
kozlowski_2025_scientific_reports,food_waste,2,147,6.12500000,7,1.53125000,37,none,,0.0,1803.20000000,390.46666667,319.21903556,true,,experimental_publisher_supplement,10.1038/s41598-025-02564-0
kozlowski_2025_scientific_reports,food_waste,3,147,6.12500000,ï®üÓÆòµë(š+myÓRÃ2ãsSÃ3rÆæöæRÂÃãÃ#C‚ã“ÃC“bã#3333332Ã3Sãƒ3ƒSCs’ÇG'VRÂÆW‡W&–ÖVçFÅ÷V&Æ—6†W%÷7WÆVÖVçBÃã3‚÷3CS“‚Ó#RÓ#ScBÓ ¦¶÷¦Æ÷w6¶•ó##U÷66–VçF–f–5÷&W÷'G2ÆfööE÷v7FRÃ2Ã3cÃRãÃRÃ2ãsSÃ3rÆæöæRÂÃãÃ#cRãÃC“bã#3333332Ã3SBãC“ƒcƒsÇG'VRÂÆW‡W&–ÖVçFÅ÷V&Æ—6†W%÷7WÆVÖVçBÃã3‚÷3CS“‚Ó#RÓ#ScBÓ ¦¶÷¦Æ÷w6¶•ó##U÷66–VçF–f–5÷&W÷'G2ÆfööE÷v7FU÷F÷'&Vf7F–öåó#C2ÃÃ3cÃRãÃRÃ2ãsSÃ3rÇF÷'&Vf7F–öå÷&öGV7BÃ#CÃRãÃ#ƒ’ãCÃC“bã#3333332Ã3ƒ"ãSƒS3sRÇG'VRÂÆW‡W&–ÖVçFÅ÷V&Æ—6†W%÷7WÆVÖVçBÃã3‚÷3CS“‚Ó#RÓ#ScBÓ ¦¶÷¦Æ÷w6¶•ó##U÷66–VçF–f–5÷&W÷'G2ÆfööE÷v7FU÷F÷'&Vf7F–öåó#C2Ã"Ã3cÃRãÃRÃ2ãsSÃ3rÇF÷'&Vf7F–öå÷&öGV7BÃ#CÃRãÃCbãƒÃC“bã#3333332ÂÓrã“Cƒc3#“RÆfÇ6RÆW†6ÇVFVEög&öÕ÷V&Æ—6†W%öÖVã²–æ6öç6—7FVçE÷&u÷6–væÂÆW‡W&–ÖVçFÅ÷V&Æ—6†W%÷7WÆVÖVçBÃã3‚÷3CS“‚Ó#RÓ#ScBÓ ¦¶÷¦Æ÷w6¶•ó##U÷66–VçF–f–5÷&W÷'G2ÆfööE÷v7FU÷F÷'&Vf7F–öåó#C2Ã2Ã3cÃRãÃRÃ2ãsSÃ3rÇF÷'&Vf7F–öå÷&öGV7BÃ#CÃRãÃ##ãƒÃC“bã#3333332Ã3ƒrãcCcsƒcCRÇG'VRÂÆW‡W&–ÖVçFÅ÷V&Æ—6†W%÷7WÆVÖVçBÃã3‚÷3CS“‚Ó#RÓ#ScBÓ ¦¶÷¦Æ÷w6¶•ó##U÷66–VçF–f–5÷&W÷'G2ÆfööE÷v7FU÷—&öÇ—6—5óc2ÃÃ3cÃRãÃRÃ2ãsSÃ3rÆ&–ö6†"ÃcÃRãÃ#ƒãƒÃC“bã#3333332Ã3S‚ã#s#ƒsƒ2ÇG'VRÂÆW‡W&–ÖVçFÅ÷V&Æ—6†W%÷7WÆVÖVçBÃã3‚÷3CS“‚Ó#RÓ#ScBÓ ¦¶÷¦Æ÷w6¶•ó##U÷66–VçF–f–5÷&W÷'G2ÆfööE÷v7FU÷—&öÇ—6—5óc2Ã"Ã3cÃRãÃRÃ2ãsSÃ3rÆ&–ö6†"ÃcÃRãÃ#ƒRãsÃC“bã#3333332Ã3S’ãS3C#Ss’ÇG'VRÂÆW‡W&–ÖVçFÅ÷V&Æ—6†W%÷7WÆVÖVçBÃã3‚÷3CS“‚Ó#RÓ#ScBÓ ¦¶÷¦Æ÷w6¶•ó##U÷66–VçF–f–5÷&W÷'G2ÆfööE÷v7FU÷—&öÇ—6—5óc2Ã2Ã3cÃRãÃRÃ2ãsSÃ3rÆ&–ö6†"ÃcÃRãÃƒ3RãcÃC“bã#3333332Ã3"ãcC#s#ÆfÇ6RÆW†6ÇVFVEög&öÕ÷V&Æ—6†W%öÖVã²–æ6öç6—7FVçE÷&u÷6–væÂÆW‡W&–ÖVçFÅ÷V&Æ—6†W%÷7WÆVÖVçBÃã3‚÷3CS“‚Ó#RÓ#ScBÓ ¦¶÷¦Æ÷w6¶•ó##U÷66–VçF–f–5÷&W÷'G2ÆfööE÷v7FUö‡–G&ö6†%ó#C2ÃÃ3cÃRãÃRÃ2ãsSÃ3rÆ‡–G&ö6†"Ã#CÃRãÃ#CrãsÃC“bã#3333332Ã3s2ãc#ƒC“sBÇG'VRÂÆW‡W&–ÖVçFÅ÷V&Æ—6†W%÷7WÆVÖVçBÃã3‚÷3CS“‚Ó#RÓ#ScBÓ ¦¶÷¦Æ÷w6¶•ó##U÷66–VçF–f–5÷&W÷'G2ÆfööE÷v7FUö‡–G&ö6†%ó#C2Ã"Ã3cÃRãÃRÃ2ãsSÃ3rÆ‡–G&ö6†"Ã#CÃRãÃ#3‚ã3ÃC“bã#3333332Ã3sã3ƒƒC3ÇG'VRÂÆW‡W&–ÖVçFÅ÷V&Æ—6†W%÷7WÆVÖVçBÃã3‚÷3CS“‚Ó#RÓ#ScBÓ ¦¶÷¦Æ÷w6¶•ó##U÷66–VçF–f–5÷&W÷'G2ÆfööE÷v7FUö‡–G&ö6†%ó#C2Ã2Ã3cÃRãÃRÃ2ãsSÃ3rÆ‡–G&ö6†"Ã#CÃRãÃ#SbãÃC“bã#3333332Ã3sRã3ƒ3Cƒ’ÇG'VRÂÆW‡W&–ÖVçFÅ÷V&Æ—6†W%÷7WÆVÖVçBÃã3‚÷3CS“‚Ó#RÓ#ScBÓ ¦¶÷¦Æ÷w6¶•ó##U÷66–VçF–f–5÷&W÷'G2ÆfööE÷v7FRÃÃ3cÃRãCccccrÃRÃ2ãscCccrÃ3rÆæöæRÂÃãÃ“c2ãSÃC“bãCÃ33ãS3cC33BÇG'VRÂÆW‡W&–ÖVçFÅ÷V&Æ—6†W%÷7WÆVÖVçBÃã3‚÷3CS“‚Ó#RÓ#ScBÓ ¦¶÷¦Æ÷w6¶•ó##U÷66–VçF–f–5÷&W÷'G2ÆfööE÷v7FRÃ"Ã3cÃRãCccccrÃRÃ2ãscCccrÃ3rÆæöæRÂÃãÃ#C’ãcÃC“bãCÃ3Sã“SƒccS“rÇG'VRÂÆW‡W&–ÖVçFÅ÷V&Æ—6†W%÷7WÆVÖVçBÃã3‚÷3CS“‚Ó#RÓ#ScBÓ ¦¶÷¦Æ÷w6¶•ó##U÷66–VçF–f–5÷&W÷'G2ÆfööE÷v7FRÃ2Ã3cÃRãCccccrÃRÃ2ãscCccrÃ3rÆæöæRÂÃãÃ#cRã“ÃC“bãCÃ3SBãcCsƒƒs"ÇG'VRÂÆW‡W&–ÖVçFÅ÷V&Æ—6†W%÷7WÆVÖVçBÃã3‚÷3CS“‚Ó#RÓ#ScBÓ ¦¶÷¦Æ÷w6¶•ó##U÷66–VçF–f–5÷&W÷'G2ÆfööE÷v7FU÷F÷'&Vf7F–öåó#C2ÃÃ3cÃRãCccccrÃRÃ2ãscCccrÃ3rÇF÷'&Vf7F–öå÷&öGV7BÃ#CÃRãÃ#“ãCÃC“bãCÃ3ƒ"ãss3cSƒbÇG'VRÂÆW‡W&–ÖVçFÅ÷V&Æ—6†W%÷7WÆVÖVçBÃã3‚÷3CS“‚Ó#RÓ#ScBÓ ¦¶÷¦Æ÷w6¶•ó##U÷66–VçF–f–5÷&W÷'G2ÆfööE÷v7FU÷F÷'&Vf7F–öåó#C2Ã"Ã3cÃRãCccccrÃRÃ2ãscCccrÃ3rÇF÷'&Vf7F–öå÷&öGV7BÃ#CÃRãÃCbã“ÃC“bãCÂÓrã“c3c“cƒRÆfÇ6RÆW†6ÇVFVEög&öÕ÷V&Æ—6†W%öÖVã²–æ6öç6—7FVçE÷&u÷6–væÂÆW‡W&–ÖVçFÅ÷V&Æ—6†W%÷7WÆVÖVçBÃã3‚÷3CS“‚Ó#RÓ#ScBÓ ¦¶÷¦Æ÷w6¶•ó##U÷66–VçF–f–5÷&W÷'G2ÆfööE÷v7FU÷F÷'&Vf7F–öåó#C2Ã2Ã3cÃRãCccccrÃRÃ2ãscCccrÃ3rÇF÷'&Vf7F–öå÷&öGV7BÃ#CÃRãÃ##"ãsÃC“bãCÃ3ƒrãƒ#Cƒ“3ÇG'VRÂÆW‡W&–ÖVçFÅ÷V&Æ—6†W%÷7WÆVÖVçBÃã3‚÷3CS“‚Ó#RÓ#ScBÓ ¦¶÷¦Æ÷w6¶•ó##U÷66–VçF–f–5÷&W÷'G2ÆfööE÷v7FU÷—&öÇ—6—5óc2ÃÃ3cÃRãCccccrÃRÃ2ãscCccrÃ3rÆ&–ö6†"ÃcÃRãÃ#ƒ"ãsÃC“bãCÃ3S‚ãC3sƒ“c’ÇG'VRÂÆW‡W&–ÖVçFÅ÷V&Æ—6†W%÷7WÆVÖVçBÃã3‚÷3CS“‚Ó#RÓ#ScBÓ ¦¶÷¦Æ÷w6¶•ó##U÷66–VçF–f–5÷&W÷'G2ÆfööE÷v7FU÷—&öÇ—6—5óc2Ã"Ã3cÃRãCccccrÃRÃ2ãscCccrÃ3rÆ&–ö6†"ÃcÃRãÃ#ƒbãCÃC“bãCÃ3S’ã#s3“3c“bÇG'VRÂÆW‡W&–ÖVçFÅ÷V&Æ—6†W%÷7WÆVÖVçBÃã3‚÷3CS“‚Ó#RÓ#ScBÓ ¦¶÷¦Æ÷w6¶•ó##U÷66–VçF–f–5÷&W÷'G2ÆfööE÷v7FU÷—&öÇ—6—5óc2Ã2Ã3cÃRãCccccrÃRÃ2ãscCccrÃ3rÆ&–ö6†"ÃcÃRãÃƒ3bãSÃC“bãCÃ3"ãƒc“#‚ÆfÇ6RÆW†6ÇVFVEög&öÕ÷V&Æ—6†W%öÖVã²–æ6öç6—7FVçE÷&u÷6–væÂÆW‡W&–ÖVçFÅ÷V&Æ—6†W%÷7WÆVÖVçBÃã3‚÷3CS“‚Ó#RÓ#ScBÓ ¦¶÷¦Æ÷w6¶•ó##U÷66–VçF–f–5÷&W÷'G2ÆfööE÷v7FUö‡–G&ö6†%ó#C2ÃÃ3cÃRãCccccrÃRÃ2ãscCccrÃ3rÆ‡–G&ö6†"Ã#CÃRãÃ#C‚ãSÃC“bãCÃ3s2ã3S“ScsbÇG'VRÂÆW‡W&–ÖVçFÅ÷V&Æ—6†W%÷7WÆVÖVçBÃã3‚÷3CS“‚Ó#RÓ#ScBÓ ¦¶÷¦Æ÷w6¶•ó##U÷66–VçF–f–5÷&W÷'G2ÆfööE÷v7FUö‡–G&ö6†%ó#C2Ã"Ã3cÃRãCccccrÃRÃ2ãscCccrÃ3rÆ‡–G&ö6†"Ã#CÃRãÃ#3’ã#ÃC“bãCÃ3sã#CSC3rÇG'VRÂÆW‡W&–ÖVçFÅ÷V&Æ—6†W%÷7WÆVÖVçBÃã3‚÷3CS“‚Ó#RÓ#ScBÓ ¦¶÷¦Æ÷w6¶•ó##U÷66–VçF–f–5÷&W÷'G2ÆfööE÷v7FUö‡–G&ö6†%ó#C2Ã2Ã3cÃRãCccccrÃRÃ2ãscCccrÃ3rÆ‡–G&ö6†"Ã#CÃRãÃ#SbãƒÃC“bãCÃ3sRãƒC“ÇG'VRÂÆW‡W&–ÖVçFÅ÷V&Æ—6†W%÷7WÆVÖVçBÃã3‚÷3CS“‚Ó#RÓ#ScBÓ ¦¶÷¦Æ÷w6¶•ó##U÷66–VçF–f–5÷&W÷'G2ÆfööE÷v7FRÃÃ3c"ÃRãƒ333332ÃRÃ2ãssƒ3332Ã3rÆæöæRÂÃãÃ“cBã3ÃC“bãc3333332Ã33ãc3cƒcCrÇG'VRÂÆW‡W&–ÖVçFÅ÷V&Æ—6†W%÷7WÆVÖVçBÃã3‚÷3CS“‚Ó#RÓ#ScBÓ ¦¶÷¦Æ÷w6¶•ó##U÷66–VçF–f–5÷&W÷'G2ÆfööE÷v7FRÃ"Ã3c"ÃRãƒ333332ÃRÃ2ãssƒ3332Ã3rÆæöæRÂÃãÃ#SãCÃC“bãc3333332Ã3Sãƒcs“’ÇG'VRÂÆW‡W&–ÖVçFÅ÷V&Æ—6†W%÷7WÆVÖVçBÃã3‚÷3CS“‚Ó#RÓ#ScBÓ ¦¶÷¦Æ÷w6¶•ó##U÷66–VçF–f–5÷&W÷'G2ÆfööE÷v7FRÃ2Ã3c"ÃRãƒ333332ÃRÃ2ãssƒ3332Ã3rÆæöæRÂÃãÃ#cbãcÃC“bãc3333332Ã3SBãsCs#3S“’ÇG'VRÂÆW‡W&–ÖVçFÅ÷V&Æ—6†W%÷7WÆVÖVçBÃã3‚÷3CS“‚Ó#RÓ#ScBÓ ¦¶÷¦Æ÷w6¶•ó##U÷66–VçF–f–5÷&W÷'G2ÆfööE÷v7FU÷F÷'&Vf7F–öåó#C2ÃÃ3c"ÃRãƒ333332ÃRÃ2ãssƒ3332Ã3rÇF÷'&Vf7F–öå÷&öGV7BÃ#CÃRãÃ#“ã3ÃC“bãc3333332Ã3ƒ"ã“#C#SCƒ"ÇG'VRÂÆW‡W&–ÖVçFÅ÷V&Æ—6†W%÷7WÆVÖVçBÃã3‚÷3CS“‚Ó#RÓ#ScBÓ ¦¶÷¦Æ÷w6¶•ó##U÷66–VçF–f–5÷&W÷'G2ÆfööE÷v7FU÷F÷'&Vf7F–öåó#C2Ã"Ã3c"ÃRãƒ333332ÃRÃ2ãssƒ3332Ã3rÇF÷'&Vf7F–öå÷&öGV7BÃ#CÃRãÃCbã“ÃC“bãc3333332ÂÓ‚ãcC#C’ÆfÇ6RÆW†6ÇVFVEög&öÕ÷V&Æ—6†W%öÖVã²–æ6öç6—7FVçE÷&u÷6–væÂÆW‡W&–ÖVçFÅ÷V&Æ—6†W%÷7WÆVÖVçBÃã3‚÷3CS“‚Ó#RÓ#ScBÓ ¦¶÷¦Æ÷w6¶•ó##U÷66–VçF–f–5÷&W÷'G2ÆfööE÷v7FU÷F÷'&Vf7F–öåó#C2Ã2Ã3c"ÃRãƒ333332ÃRÃ2ãssƒ3332Ã3rÇF÷'&Vf7F–öå÷&öGV7BÃ#CÃRãÃ##2ãcÃC“bãc3333332Ã3ƒrã“c3#ƒ#‚ÇG'VRÂÆW‡W&–ÖVçFÅ÷V&Æ—6†W%÷7WÆVÖVçBÃã3‚÷3CS“‚Ó#RÓ#ScBÓ ¦¶÷¦Æ÷w6¶•ó##U÷66–VçF–f–5÷&W÷'G2ÆfööE÷v7FU÷—&öÇ—6—5óc2ÃÃ3c"ÃRãƒ333332ÃRÃ2ãssƒ3332Ã3rÆ&–ö6†"ÃcÃRãÃ#ƒ2ãSÃC“bãc3333332Ã3S‚ãScS“33ƒ"ÇG'VRÂÆW‡W&–ÖVçFÅ÷V&Æ—6†W%÷7WÆVÖVçBÃã3‚÷3CS“‚Ó#RÓ#ScBÓ ¦¶÷¦Æ÷w6¶•ó##U÷66–VçF–f–5÷&W÷'G2ÆfööE÷v7FU÷—&öÇ—6—5óc2Ã"Ã3c"ÃRãƒ333332ÃRÃ2ãssƒ3332Ã3rÆ&–ö6†"ÃcÃRãÃ#ƒrãÃC“bãc3333332Ã3S’ã3s“3ƒC#BÇG'VRÂÆW‡W&–ÖVçFÅ÷V&Æ—6†W%÷7WÆVÖVçBÃã3‚÷3CS“‚Ó#RÓ#ScBÓ ¦¶÷¦Æ÷w6¶•ó##U÷66–VçF–f–5÷&W÷'G2ÆfööE÷v7FU÷—&öÇ—6—5óc2Ã2Ã3c"ÃRãƒ333332ÃRÃ2ãssƒ3332Ã3rÆ&–ö6†"ÃcÃRãÃƒ3rã3ÃC“bãc3333332Ã3"ã“3C“c3#ÆfÇ6RÆW†6ÇVFVEög&öÕ÷V&Æ—6†W%öÖVã²–æ6öç6—7FVçE÷&u÷6–væÂÆW‡W&–ÖVçFÅ÷V&Æ—6†W%÷7WÆVÖVçBÃã3‚÷3CS“‚Ó#RÓ#ScBÓ ¦¶÷¦Æ÷w6¶•ó##U÷66–VçF–f–5÷&W÷'G2ÆfööE÷v7FUö‡–G&ö6†%ó#C2ÃÃ3c"ÃRãƒ333332ÃRÃ2ãssƒ3332Ã3rÆ‡–G&ö6†"Ã#CÃRãÃ#C’ã#ÃC“bãc3333332Ã3s2ãCCCBÇG'VRÂÆW‡W&–ÖVçFÅ÷V&Æ—6†W%÷7WÆVÖVçBÃã3‚÷3CS“‚Ó#RÓ#ScBÓ ¦¶÷¦Æ÷w6¶•ó##U÷66–VçF–f–5÷&W÷'G2ÆfööE÷v7FUö‡–G&ö6†%ó#C2Ã"Ã3c"ÃRãƒ333332ÃRÃ2ãssƒ3332Ã3rÆ‡–G&ö6†"Ã#CÃRãÃ#CãÃC“bãc3333332Ã3sã33#Sƒc#’ÇG'VRÂÆW‡W&–ÖVçFÅ÷V&Æ—6†W%÷7WÆVÖVçBÃã3‚÷3CS“‚Ó#RÓ#ScBÓ ¦¶÷¦Æ÷w6¶•ó##U÷66–VçF–f–5÷&W÷'G2ÆfööE÷v7FUö‡–G&ö6†%ó#C2Ã2Ã3c"ÃRãƒ333332ÃRÃ2ãssƒ3332Ã3rÆ‡–G&ö6†"Ã#CÃRãÃ#SrãcÃC“bãc3333332Ã3sRã3“CSS2ÇG'VRÂÆW‡W&–ÖVçFÅ÷V&Æ—6†W%÷7WÆVÖVçBÃã3‚÷3CS“‚Ó#RÓ#ScBÓ ¦¶÷¦Æ÷w6¶•ó##U÷66–VçF–f–5÷&W÷'G2ÆfööE÷v7FRÃÃ3c2ÃRã#SÃRÃ2ãsƒ#SÃ3rÆæöæRÂÃãÃ“cRãÃC“bãƒÃ33ãssCs“3C‚ÇG'VRÂÆW‡W&–ÖVçFÅ÷V&Æ—6†W%÷7WÆVÖVçBÃã3‚÷3CS“‚Ó#RÓ#ScBÓ ¦¶÷¦Æ÷w6¶•ó##U÷66–VçF–f–5÷&W÷'G2ÆfööE÷v7FRÃ"Ã3c2ÃRã#SÃRÃ2ãsƒ#SÃ3rÆæöæRÂÃãÃ#Sã#ÃC“bãƒÃ3Sã##“ƒcÇG'VRÂÆW‡W&–ÖVçFÅ÷V&Æ—6†W%÷7WÆVÖVçBÃã3‚÷3CS“‚Ó#RÓ#ScBÓ ¦¶÷¦Æ÷w6¶•ó##U÷66–VçF–f–5÷&W÷'G2ÆfööE÷v7FRÃ2Ã3c2ÃRã#SÃRÃ2ãsƒ#SÃ3rÆæöæRÂÃãÃ#crãCÃC“bãƒÃ3SBãƒ“3C3ÇG'VRÂÆW‡W&–ÖVçFÅ÷V&Æ—6†W%÷7WÆVÖVçBÃã3‚÷3CS“‚Ó#RÓ#ScBÓ ¦¶÷¦Æ÷w6¶•ó##U÷66–VçF–f–5÷&W÷'G2ÆfööE÷v7FU÷F÷'&Vf7F–öåó#C2ÃÃ3c2ÃRã#SÃRÃ2ãsƒ#SÃ3rÇF÷'&Vf7F–öå÷&öGV7BÃ#CÃRãÃ#“"ãÃC“bãƒÃ3ƒ2ãCCsccÇG'VRÂÆW‡W&–ÖVçFÅ÷V&Æ—6†W%÷7WÆVÖVçBÃã3‚÷3CS“‚Ó#RÓ#ScBÓ ¦¶÷¦Æ÷w6¶•ó##U÷66–VçF–f–5÷&W÷'G2ÆfööE÷v7FU÷F÷'&Vf7F–öåó#C2Ã"Ã3c2ÃRã#SÃRÃ2ãsƒ#SÃ3rÇF÷'&Vf7F–öå÷&öGV7BÃ#CÃRãÃCrãÃC“bãƒÂÓ‚ã3CƒC3‚ÆfÇ6RÆW†6ÇVFVEög&öÕ÷V&Æ—6†W%öÖVã²–æ6öç6—7FVçE÷&u÷6–væÂÆW‡W&–ÖVçFÅ÷V&Æ—6†W%÷7WÆVÖVçBÃã3‚÷3CS“‚Ó#RÓ#ScBÓ ¦¶÷¦Æ÷w6¶•ó##U÷66–VçF–f–5÷&W÷'G2ÆfööE÷v7FU÷F÷'&Vf7F–öåó#C2Ã2Ã3c2ÃRã#SÃRÃ2ãsƒ#SÃ3rÇF÷'&Vf7F–öå÷&öGV7BÃ#CÃRãÃ##BãSÃC“bãƒÃ3ƒ‚ã#ƒƒ3BÇG'VRÂÆW‡W&–ÖVçFÅ÷V&Æ—6†W%÷7WÆVÖVçBÃã3‚÷3CS“‚Ó#RÓ#ScBÓ ¦¶÷¦Æ÷w6¶•ó##U÷66–VçF–f–5÷&W÷'G2ÆfööE÷v7FU÷—&öÇ—6—5óc2ÃÃ3c2ÃRã#SÃRÃ2ãsƒ#SÃ3rÆ&–ö6†"ÃcÃRãÃ#ƒBã#ÃC“bãƒÃ3S‚ãcƒcCCC“’ÇG'VRÂÆW‡W&–ÖVçFÅ÷V&Æ—6†W%÷7WÆVÖVçBÃã3‚÷3CS“‚Ó#RÓ#ScBÓ ¦¶÷¦Æ÷w6¶•ó##U÷66–VçF–f–5÷&W÷'G2ÆfööE÷v7FU÷—&öÇ—6—5óc2Ã"Ã3c2ÃRã#SÃRÃ2ãsƒ#SÃ3rÆ&–ö6†"ÃcÃRãÃ#ƒrãƒÃC“bãƒÃ3S’ãC““ƒ“SCÇG'VRÂÆW‡W&–ÖVçFÅ÷V&Æ—6†W%÷7WÆVÖVçBÃã3‚÷3CS“‚Ó#RÓ#ScBÓ ¦¶÷¦Æ÷w6¶•ó##U÷66–VçF–f–5÷&W÷'G2ÆfööE÷v7FU÷—&öÇ—6—5óc2Ã2Ã3c2ÃRã#SÃRÃ2ãsƒ#SÃ3rÆ&–ö6†"ÃcÃRãÃƒ3rã“ÃC“bãƒÃ32ã3#ƒsƒS2ÆfÇ6RÆW†6ÇVFVEög&öÕ÷V&Æ—6†W%öÖVã²–æ6öç6—7FVçE÷&u÷6–væÂÆW‡W&–ÖVçFÅ÷V&Æ—6†W%÷7WÆVÖVçBÃã3‚÷3CS“‚Ó#RÓ#ScBÓ ¦¶÷¦Æ÷w6¶•ó##U÷66–VçF–f–5÷&W÷'G2ÆfööE÷v7FUö‡–G&ö6†%ó#C2ÃÃ3c2ÃRã#SÃRÃ2ãsƒ#SÃ3rÆ‡–G&ö6†"Ã#CÃRãÃ#C’ã“ÃC“bãƒÃ3s2ãS3“S#ÇG'VRÂÆW‡W&–ÖVçFÅ÷V&Æ—6†W%÷7WÆVÖVçBÃã3‚÷3CS“‚Ó#RÓ#ScBÓ ¦¶÷¦Æ÷w6¶•ó##U÷66–VçF–f–5÷&W÷'G2ÆfööE÷v7FUö‡–G&ö6†%ó#C2Ã"Ã3c2ÃRã#SÃRÃ2ãsƒ#SÃ3rÆ‡–G&ö6†"Ã#CÃRãÃ#CãcÃC“bãƒÃ3sãC3Sc"ÇG'VRÂÆW‡W&–ÖVçFÅ÷V&Æ—6†W%÷7WÆVÖVçBÃã3‚÷3CS“‚Ó#RÓ#ScBÓ ¦¶÷¦Æ÷w6¶•ó##U÷66–VçF–f–5÷&W÷'G2ÆfööE÷v7FUö‡–G&ö6†%ó#C2Ã2Ã3c2ÃRã#SÃRÃ2ãsƒ#SÃ3rÆ‡–G&ö6†"Ã#CÃRãÃ#S‚ãSÃC“bãƒÃ3sRãCsSSsƒ’ÇG'VRÂÆW‡W&–ÖVçFÅ÷V&Æ—6†W%÷7WÆVÖVçBÃã3‚÷3CS“‚Ó#RÓ#ScBÓ ¦¶÷¦Æ÷w6¶•ó##U÷66–VçF–f–5÷&W÷'G2ÆfööE÷v7FRÃÃ3cBÃRãccccccrÃRÃ2ãs“ccccrÃ3rÆæöæRÂÃãÃ“cRãcÃC“bã“ccccccrÃ33ãƒS#“rÇG'VRÂÆW‡W&–ÖVçFÅ÷V&Æ—6†W%÷7WÆVÖVçBÃã3‚÷3CS“‚Ó#RÓ#ScBÓ ¦¶÷¦Æ÷w6¶•ó##U÷66–VçF–f–5÷&W÷'G2ÆfööE÷v7FRÃ"Ã3cBÃRãccccccrÃRÃ2ãs“ccccrÃ3rÆæöæRÂÃãÃ#Sã“ÃC“bã“ccccccrÃ3Sã3S3#s#‚ÇG'VRÂÆW‡W&–ÖVçFÅ÷V&Æ—6†W%÷7WÆVÖVçBÃã3‚÷3CS“‚Ó#RÓ#ScBÓ ¦¶÷¦Æ÷w6¶•ó##U÷66–VçF–f–5÷&W÷'G2ÆfööE÷v7FRÃ2Ã3cBÃRãccccccrÃRÃ2ãs“ccccrÃ3rÆæöæRÂÃãÃ#c‚ãÃC“bã“ccccccrÃ3SRãƒSC’ÇG'VRÂÆW‡W&–ÖVçFÅ÷V&Æ—6†W%÷7WÆVÖVçBÃã3‚÷3CS“‚Ó#RÓ#ScBÓ ¦¶÷¦Æ÷w6¶•ó##U÷66–VçF–f–5÷&W÷'G2ÆfööE÷v7FU÷F÷'&Vf7F–öåó#C2ÃÃ3cBÃRãccccccrÃRÃ2ãs“ccccrÃ3rÇF÷'&Vf7F–öå÷&öGV7BÃ#CÃRãÃ#“"ãsÃC“bã“ccccccrÃ3ƒ2ãcS#ssrÇG'VRÂÆW‡W&–ÖVçFÅ÷V&Æ—6†W%÷7WÆVÖVçBÃã3‚÷3CS“‚Ó#RÓ#ScBÓ ¦¶÷¦Æ÷w6¶•ó##U÷66–VçF–f–5÷&W÷'G2ÆfööE÷v7FU÷F÷'&Vf7F–öåó#C2Ã"Ã3cBÃRãccccccrÃRÃ2ãs“ccccrÃ3rÇF÷'&Vf7F–öå÷&öGV7BÃ#CÃRãÃCrãÃC“bã“ccccccrÂÓ‚ãc“CC2ÆfÇ6RÆW†6ÇVFVEög&öÕ÷V&Æ—6†W%öÖVã²–æ6öç6—7FVçE÷&u÷6–væÂÆW‡W&–ÖVçFÅ÷V&Æ—6†W%÷7WÆVÖVçBÃã3‚÷3CS“‚Ó#RÓ#ScBÓ ¦¶÷¦Æ÷w6¶•ó##U÷66–VçF–f–5÷&W÷'G2ÆfööE÷v7FU÷F÷'&Vf7F–öåó#C2Ã2Ã3cBÃRãccccccrÃRÃ2ãs“ccccrÃ3rÇF÷'&Vf7F–öå÷&öGV7BÃ#CÃRãÃ##Rã3ÃC“bã“ccccccrÃ3ƒ‚ã#s“3ƒbÇG'VRÂÆW‡W&–ÖVçFÅ÷V&Æ—6†W%÷7WÆVÖVçBÃã3‚÷3CS“‚Ó#RÓ#ScBÓ ¦¶÷¦Æ÷w6¶•ó##U÷66–VçF–f–5÷&W÷'G2ÆfööE÷v7FU÷—&öÇ—6—5óc2ÃÃ3cBÃRãccccccrÃRÃ2ãs“ccccrÃ3rÆ&–ö6†"ÃcÃRãÃ#ƒBãsÃC“bã“ccccccrÃ3S‚ãscscCCrÇG'VRÂÆW‡W&–ÖVçFÅ÷V&Æ—6†W%÷7WÆVÖVçBÃã3‚÷3CS“‚Ó#RÓ#ScBÓ ¦¶÷¦Æ÷w6¶•ó##U÷66–VçF–f–5÷&W÷'G2ÆfööE÷v7FU÷—&öÇ—6—5óc2Ã"Ã3cBÃRãccccccrÃRÃ2ãs“ccccrÃ3rÆ&–ö6†"ÃcÃRãÃ#ƒ‚ãSÃC“bã“ccccccrÃ3S’ãc#CcS’ÇG'VRÂÆW‡W&–ÖVçFÅ÷V&Æ—6†W%÷7WÆVÖVçBÃã3‚÷3CS“‚Ó#RÓ#ScBÓ ¦¶÷¦Æ÷w6¶•ó##U÷66–VçF–f–5÷&W÷'G2ÆfööE÷v7FU÷—&öÇ—6—5óc2Ã2Ã3cBÃRãccccccrÃRÃ2ãs“ccccrÃ3rÆ&–ö6†"ÃcÃRãÃƒ3‚ãcÃC“bã“ccccccrÃ32ãS33ƒ“sÆfÇ6RÆW†6ÇVFVEög&öÕ÷V&Æ—6†W%öÖVã²–æ6öç6—7FVçE÷&u÷6–væÂÆW‡W&–ÖVçFÅ÷V&Æ—6†W%÷7WÆVÖVçBÃã3‚÷3CS“‚Ó#RÓ#ScBÓ ¦¶÷¦Æ÷w6¶•ó##U÷66–VçF–f–5÷&W÷'G2ÆfööE÷v7FUö‡–G&ö6†%ó#C2ÃÃ3cBÃRãccccccrÃRÃ2ãs“ccccrÃ3rÆ‡–G&ö6†"Ã#CÃRãÃ#SãcÃC“bã“ccccccrÃ3s2ãcS#C#c3’ÇG'VRÂÆW‡W&–ÖVçFÅ÷V&Æ—6†W%÷7WÆVÖVçBÃã3‚÷3CS“‚Ó#RÓ#ScBÓ ¦¶÷¦Æ÷w6¶•ó##U÷66–VçF–f–5÷&W÷'G2ÆfööE÷v7FUö‡–G&ö6†%ó#C2Ã"Ã3cBÃRãccccccrÃRÃ2ãs“ccccrÃ3rÆ‡–G&ö6†"Ã#CÃRãÃ#Cã3ÃC“bã“ccccccrÃ3sãSS#s’ÇG'VRÂÆW‡W&–ÖVçFÅ÷V&Æ—6†W%÷7WÆVÖVçBÃã3‚÷3CS“‚Ó#RÓ#ScBÓ ¦¶÷¦Æ÷w6¶•ó##U÷66–VçF–f–5÷&W÷'G2ÆfööE÷v7FUö‡–G&ö6†%ó#C2Ã2Ã3cBÃRãccccccrÃRÃ2ãs“ccccrÃ3rÆ‡–G&ö6†"Ã#CÃRãÃ#S’ã3ÃC“bã“ccccccrÃ3sRãcƒ#cC“ÇG'VRÂÆW‡W&–ÖVçFÅ÷V&Æ—6†W%÷7WÆVÖVçBÃã3‚÷3CS“‚Ó#RÓ#ScBÓ ¦¶÷¦Æ÷w6¶•ó##U÷66–VçF–f–5÷&W÷'G2ÆfööE÷v7FRÃÃ3cRÃRã#ƒ33332ÃbÃ2ãƒ#ƒ332Ã3rÆæöæRÂÃãÃ“cbãÃC“rãÃ33ã“3#“cCCÇG'VRÂÆW‡W&–ÖVçFÅ÷V&Æ—6†W%÷7WÆVÖVçBÃã3‚÷3CS“‚Ó#RÓ#ScBÓ ¦¶÷¦Æ÷w6¶•ó##U÷66–VçF–f–5÷&W÷'G2ÆfööE÷v7FRÃ"Ã3cRÃRã#ƒ33332ÃbÃ2ãƒ#ƒ332Ã3rÆæöæRÂÃãÃ#S"ãsÃC“rãÃ3SãS“cc#RÇG'VRÂÆW‡W&–ÖVçFÅ÷V&Æ—6†W%÷7WÆVÖVçBÃã3‚÷3CS“‚Ó#RÓ#ScBÓ ¦¶÷¦Æ÷w6¶•ó##U÷66–VçF–f–5÷&W÷'G2ÆfööE÷v7FRÃ2Ã3cRÃRã#ƒ33332ÃbÃ2ãƒ#ƒ332Ã3rÆæöæRÂÃãÃ#c‚ã“ÃC“rãÃ3SRãcC“3RÇG'VRÂÆW‡W&–ÖVçFÅ÷V&Æ—6†W%÷7WÆVÖVçBÃã3‚÷3CS“‚Ó#RÓ#ScBÓ ¦¶÷¦Æ÷w6¶•ó##U÷66–VçF–f–5÷&W÷'G2ÆfööE÷v7FU÷F÷'&Vf7F–öåó#C2ÃÃ3cRÃRã#ƒ33332ÃbÃ2ãƒ#ƒ332Ã3rÇF÷'&Vf7F–öå÷&öGV7BÃ#CÃRãÃ#“2ãCÃC“rãÃ3ƒ2ã#“33##’ÇG'VRÂÆW‡W&–ÖVçFÅ÷V&Æ—6†W%÷7WÆVÖVçBÃã3‚÷3CS“‚Ó#RÓ#ScBÓ ¦¶÷¦Æ÷w6¶•ó##U÷66–VçF–f–5÷&W÷'G2ÆfööE÷v7FU÷F÷'&Vf7F–öåó#C2Ã"Ã3cRÃRã#ƒ33332ÃbÃ2ãƒ#ƒ332Ã3rÇF÷'&Vf7F–öå÷&öGV7BÃ#CÃRãÃCrãÃC“rãÂÓ‚ãsccscrÆfÇ6RÆW†6ÇVFVEög&öÕ÷V&Æ—6†W%öÖVã²–æ6öç6—7FVçE÷&u÷6–væÂÆW‡W&–ÖVçFÅ÷V&Æ—6†W%÷7WÆVÖVçBÃã3‚÷3CS“‚Ó#RÓ#ScBÓ ¦¶÷¦Æ÷w6¶•ó##U÷66–VçF–f–5÷&W÷'G2ÆfööE÷v7FU÷F÷'&Vf7F–öåó#C2Ã2Ã3cRÃRã#ƒ33332ÃbÃ2ãƒ#ƒ332Ã3rÇF÷'&Vf7F–öå÷&öGV7BÃ#CÃRãÃ##bãÃC“rãÃ3ƒ‚ãC##Sss2ÇG'VRÂÆW‡W&–ÖVçFÅ÷V&Æ—6†W%÷7WÆVÖVçBÃã3‚÷3CS“‚Ó#RÓ#ScBÓ ¦¶÷¦Æ÷w6¶•ó##U÷66–VçF–f–5÷&W÷'G2ÆfööE÷v7FU÷—&öÇ—6—5óc2ÃÃ3cRÃRã#ƒ33332ÃbÃ2ãƒ#ƒ332Ã3rÆ&–ö6†"ÃcÃRãÃ#ƒRã3ÃC“rãÃ3S‚ãƒcs#sRÇG'VRÂÆW‡W&–ÖVçFÅ÷V&Æ—6†W%÷7WÆVÖVçBÃã3‚÷3CS“‚Ó#RÓ#ScBÓ ¦¶÷¦Æ÷w6¶•ó##U÷66–VçF–f–5÷&W÷'G2ÆfööE÷v7FU÷—&öÇ—6—5óc2Ã"Ã3cRÃRã#ƒ33332ÃbÃ2ãƒ#ƒ332Ã3rÆ&–ö6†"ÃcÃRãÃ#ƒ’ã#ÃC“rãÃ3S’ãsCƒCC“sÇG'VRÂÆW‡W&–ÖVçFÅ÷V&Æ—6†W%÷7WÆVÖVçBÃã3‚÷3CS“‚Ó#RÓ#ScBÓ ¦¶÷¦Æ÷w6¶•ó##U÷66–VçF–f–5÷&W÷'G2ÆfööE÷v7FU÷—&öÇ—6—5óc2Ã2Ã3cRÃRã#ƒ33332ÃbÃ2ãƒ#ƒ332Ã3rÆ&–ö6†"ÃcÃRãÃƒ3’ã3ÃC“rãÃ32ã#ƒC3#ƒ"ÆfÇ6RÆW†6ÇVFVEög&öÕ÷V&Æ—6†W%öÖVã²–æ6öç6—7FVçE÷&u÷6–væÂÆW‡W&–ÖVçFÅ÷V&Æ—6†W%÷7WÆVÖVçBÃã3‚÷3CS“‚Ó#RÓ#ScBÓ ¦¶÷¦Æ÷w6¶•ó##U÷66–VçF–f–5÷&W÷'G2ÆfööE÷v7FUö‡–G&ö6†%ó#C2ÃÃ3cRÃRã#ƒ33332ÃbÃ2ãƒ#ƒ332Ã3rÆ‡–G&ö6†"Ã#CÃRãÃ#Sã3ÃC“rãÃ3s2ãsƒCc“SÇG'VRÂÆW‡W&–ÖVçFÅ÷V&Æ—6†W%÷7WÆVÖVçBÃã3‚÷3CS“‚Ó#RÓ#ScBÓ ¦¶÷¦Æ÷w6¶•ó##U÷66–VçF–f–5÷&W÷'G2ÆfööE÷v7FUö‡–G&ö6†%ó#C2Ã"Ã3cRÃRã#ƒ33332ÃbÃ2ãƒ#ƒ332Ã3rÆ‡–G&ö6†"Ã#CÃRãÃ#C"ãÃC“rãÃ3sãcs“SS“"ÇG'VRÂÆW‡W&–ÖVçFÅ÷V&Æ—6†W%÷7WÆVÖVçBÃã3‚÷3CS“‚Ó#RÓ#ScBÓ ¦¶÷¦Æ÷w6¶•ó##U÷66–VçF–f–5÷&W÷'G2ÆfööE÷v7FUö‡–G&ö6†%ó#C2Ã2Ã3cRÃRã#ƒ33332ÃbÃ2ãƒ#ƒ332Ã3rÆ‡–G&ö6†"Ã#CÃRãÃ#cãÃC“rãÃ3sRãsCc3ƒ2ÇG'VRÂÆW‡W&–ÖVçFÅ÷V&Æ—6†W%÷7WÆVÖVçBÃã3‚÷3CS“‚Ó#RÓ#ScBÓ ¦¶÷¦Æ÷w6¶•ó##U÷66–VçF–f–5÷&W÷'G2ÆfööE÷v7FRÃÃ3cbÃRã#SÃbÃ2ãƒ#SÃ3rÆæöæRÂÃãÃ“cbãSÃC“rã3Ã33ã“sƒSc’ÇG'VRÂÆW‡W&–ÖVçFÅ÷V&Æ—6†W%÷7WÆVÖVçBÃã3‚÷3CS“‚Ó#RÓ#ScBÓ ¦¶÷¦Æ÷w6¶•ó##U÷66–VçF–f–5÷&W÷'G2ÆfööE÷v7FRÃ"Ã3cbÃRã#SÃbÃ2ãƒ#SÃ3rÆæöæRÂÃãÃ#S2ãCÃC“rã3Ã3Sãc3“CSC‚ÇG'VRÂÆW‡W&–ÖVçFÅ÷V&Æ—6†W%÷7WÆVÖVçBÃã3‚÷3CS“‚Ó#RÓ#ScBÓ ¦¶÷¦Æ÷w6¶•ó##U÷66–VçF–f–5÷&W÷'G2ÆfööE÷v7FRÃ2Ã3cbÃRã#SÃbÃ2ãƒ#SÃ3rÆæöæRÂÃãÃ#c’ãsÃC“rã3Ã3SRã#“scƒ#2ÇG'VRÂÆW‡W&–ÖVçFÅ÷V&Æ—6†W%÷7WÆVÖVçBÃã3‚÷3CS“‚Ó#RÓ#ScBÓ ¦¶÷¦Æ÷w6¶•ó##U÷66–VçF–f–5÷&W÷'G2ÆfööE÷v7FU÷F÷'&Vf7F–öåó#C2ÃÃ3cbÃRã#SÃbÃ2ãƒ#SÃ3rÇF÷'&Vf7F–öå÷&öGV7BÃ#CÃRãÃ#“BãÃC“rã3Ã3ƒ2ãCc#““S"ÇG'VRÂÆW‡W&–ÖVçFÅ÷V&Æ—6†W%÷7WÆVÖVçBÃã3‚÷3CS“‚Ó#RÓ#ScBÓ ¦¶÷¦Æ÷w6¶•ó##U÷66–VçF–f–5÷&W÷'G2ÆfööE÷v7FU÷F÷'&Vf7F–öåó#C2Ã"Ã3cbÃRã#SÃbÃ2ãƒ#SÃ3rÇF÷'&Vf7F–öå÷&öGV7BÃ#CÃRãÃCrãÃC“rã3ÂÓ‚ã#ƒcssbÆfÇ6RÆW†6ÇVFVEög&öÕ÷V&Æ—6†W%öÖVã²–æ6öç6—7FVçE÷&u÷6–væÂÆW‡W&–ÖVçFÅ÷V&Æ—6†W%÷7WÆVÖVçBÃã3‚÷3CS“‚Ó#RÓ#ScBÓ ¦¶÷¦Æ÷w6¶•ó##U÷66–VçF–f–5÷&W÷'G2ÆfööE÷v7FU÷F÷'&Vf7F–öåó#C2Ã2Ã3cbÃRã#SÃbÃ2ãƒ#SÃ3rÇF÷'&Vf7F–öå÷&öGV7BÃ#CÃRãÃ##bãƒÃC“rã3Ã3ƒ‚ãS3SSSc3bÇG'VRÂÆW‡W&–ÖVçFÅ÷V&Æ—6†W%÷7WÆVÖVçBÃã3‚÷3CS“‚Ó#RÓ#ScBÓ ¦¶÷¦Æ÷w6¶•ó##U÷66–VçF–f–5÷&W÷'G2ÆfööE÷v7FU÷—&öÇ—6—5óc2ÃÃ3cbÃRã#SÃbÃ2ãƒ#SÃ3rÆ&–ö6†"ÃcÃRãÃ#ƒRã“ÃC“rã3Ã3S‚ã“SsS“S2ÇG'VRÂÆW‡W&–ÖVçFÅ÷V&Æ—6†W%÷7WÆVÖVçBÃã3‚÷3CS“‚Ó#RÓ#ScBÓ ¦¶÷¦Æ÷w6¶•ó##U÷66–VçF–f–5÷&W÷'G2ÆfööE÷v7FU÷—&öÇ—6—5óc2Ã"Ã3cbÃRã#SÃbÃ2ãƒ#SÃ3rÆ&–ö6†"ÃcÃRãÃ#ƒ’ã“ÃC“rã3Ã3S’ãƒcC#ƒ“2ÇG'VRÂÆW‡W&–ÖVçFÅ÷V&Æ—6†W%÷7WÆVÖVçBÃã3‚÷3CS“‚Ó#RÓ#ScBÓ ¦¶÷¦Æ÷w6¶•ó##U÷66–VçF–f–5÷&W÷'G2ÆfööE÷v7FU÷—&öÇ—6—5óc2Ã2Ã3cbÃRã#SÃbÃ2ãƒ#SÃ3rÆ&–ö6†"ÃcÃRãÃƒCãÃC“rã3Ã32ã3“CC#RÆfÇ6RÆW†6ÇVFVEög&öÕ÷V&Æ—6†W%öÖVã²–æ6öç6—7FVçE÷&u÷6–væÂÆW‡W&–ÖVçFÅ÷V&Æ—6†W%÷7WÆVÖVçBÃã3‚÷3CS“‚Ó#RÓ#ScBÓ ¦¶÷¦Æ÷w6¶•ó##U÷66–VçF–f–5÷&W÷'G2ÆfööE÷v7FUö‡–G&ö6†%ó#C2ÃÃ3cbÃRã#SÃbÃ2ãƒ#SÃ3rÆ‡–G&ö6†"Ã#CÃRãÃ#S"ãÃC“rã3Ã3s2ãƒ“3CCƒsBÇG'VRÂÆW‡W&–ÖVçFÅ÷V&Æ—6†W%÷7WÆVÖVçBÃã3‚÷3CS“‚Ó#RÓ#ScBÓ ¦¶÷¦Æ÷w6¶•ó##U÷66–VçF–f–5÷&W÷'G2ÆfööE÷v7FUö‡–G&ö6†%ó#C2Ã"Ã3cbÃRã#SÃbÃ2ãƒ#SÃ3rÆ‡–G&ö6†"Ã#CÃRãÃ#C"ãsÃC“rã3Ã3sãs“#3SBÇG'VRÂÆW‡W&–ÖVçFÅ÷V&Æ—6†W%÷7WÆVÖVçBÃã3‚÷3CS“‚Ó#RÓ#ScBÓ ¦¶÷¦Æ÷w6¶•ó##U÷66–VçF–f–5÷&W÷'G2ÆfööE÷v7FUö‡–G&ö6†%ó#C2Ã2Ã3cbÃRã#SÃbÃ2ãƒ#SÃ3rÆ‡–G&ö6†"Ã#CÃRãÃ#cãsÃC“rã3Ã3sRãƒS“#ƒs#bÇG'VRÂÆW‡W&–ÖVçFÅ÷V&Æ—6†W%÷7WÆVÖVçBÃã3‚÷3CS“‚Ó#RÓ#ScBÓ ¦¶÷¦Æ÷w6¶•ó##U÷66–VçF–f–5÷&W÷'G2ÆfööE÷v7FRÃÃ3crÃRã#“ccccrÃbÃ2ãƒ##“ccrÃ3rÆæöæRÂÃãÃ“crãÃC“rãCccccccrÃ33"ãS3CsSSrÇG'VRÂÆW‡W&–ÖVçFÅ÷V&Æ—6†W%÷7WÆVÖVçBÃã3‚÷3CS“‚Ó#RÓ#ScBÓ ¦¶÷¦Æ÷w6¶•ó##U÷66–VçF–f–5÷&W÷'G2ÆfööE÷v7FRÃ"Ã3crÃRã#“ccccrÃbÃ2ãƒ##“ccrÃ3rÆæöæRÂÃãÃ#SBã#ÃC“rãCccccccrÃ3SãsSsS#C’ÇG'VRÂÆW‡W&–ÖVçFÅ÷V&Æ—6†W%÷7WÆVÖVçBÃã3‚÷3CS“‚Ó#RÓ#ScBÓ ¦¶÷¦Æ÷w6¶•ó##U÷66–VçF–f–5÷&W÷'G2ÆfööE÷v7FRÃ2Ã3crÃRã#“ccccrÃbÃ2ãƒ##“ccrÃ3rÆæöæRÂÃãÃ#sãCÃC“rãCccccccrÃ3SRãCsSs“CÇG'VRÂÆW‡W&–ÖVçFÅ÷V&Æ—6†W%÷7WÆVÖVçBÃã3‚÷3CS“‚Ó#RÓ#ScBÓ ¦¶÷¦Æ÷w6¶•ó##U÷66–VçF–f–5÷&W÷'G2ÆfööE÷v7FU÷F÷'&Vf7F–öåó#C2ÃÃ3crÃRã#“ccccrÃbÃ2ãƒ##“ccrÃ3rÇF÷'&Vf7F–öå÷&öGV7BÃ#CÃRãÃ#“BãƒÃC“rãCccccccrÃ3ƒ2ãS#cƒc’ÇG'VRÂÆW‡W&–ÖVçFÅ÷V&Æ—6†W%÷7WÆVÖVçBÃã3‚÷3CS“‚Ó#RÓ#ScBÓ ¦¶÷¦Æ÷w6¶•ó##U÷66–VçF–f–5÷&W÷'G2ÆfööE÷v7FU÷F÷'&Vf7F–öåó#C2Ã"Ã3crÃRã#“ccccrÃbÃ2ãƒ##“ccrÃ3rÇF÷'&Vf7F–öå÷&öGV7BÃ#CÃRãÃCrã#ÃC“rãCccccccrÂÓ‚ã3c“3cbÆfÇ6RÆW†6ÇVFVEög&öÕ÷V&Æ—6†W%öÖVã²–æ6öç6—7FVçE÷&u÷6–væÂÆW‡W&–ÖVçFÅ÷V&Æ—6†W%÷7WÆVÖVçBÃã3‚÷3CS“‚Ó#RÓ#ScBÓ ¦¶÷¦Æ÷w6¶•ó##U÷66–VçF–f–5÷&W÷'G2ÆfööE÷v7FU÷F÷'&Vf7F–öåó#C2Ã2Ã3crÃRã#“ccccrÃbÃ2ãƒ##“ccrÃ3rÇF÷'&Vf7F–öå÷&öGV7BÃ#CÃRãÃ##rãcÃC“rãCccccccrÃ3ƒ‚ãcsƒcc33rÇG'VRÂÆW‡W&–ÖVçFÅ÷V&Æ—6†W%÷7WÆVÖVçBÃã3‚÷3CS“‚Ó#RÓ#ScBÓ ¦¶÷¦Æ÷w6¶•ó##U÷66–VçF–f–5÷&W÷'G2ÆfööE÷v7FU÷—&öÇ—6—5óc2ÃÃ3crÃRã#“ccccrÃbÃ2ãƒ##“ccrÃ3rÆ&–ö6†"ÃcÃRãÃ#ƒbãSÃC“rãCccccccrÃ3S’ãSSSCbÇG'VRÂÆW‡W&–ÖVçFÅ÷V&Æ—6†W%÷7WÆVÖVçBÃã3‚÷3CS“‚Ó#RÓ#ScBÓ ¦¶÷¦Æ÷w6¶•ó##U÷66–VçF–f–5÷&W÷'G2ÆfööE÷v7FU÷—&öÇ—6—5óc2Ã"Ã3crÃRã#“ccccrÃbÃ2ãƒ##“ccrÃ3rÆ&–ö6†"ÃcÃRãÃ#“ãcÃC“rãCccccccrÃ3S’ã“ƒ“CÇG'VRÂÆW‡W&–ÖVçFÅ÷V&Æ—6†W%÷7WÆVÖVçBÃã3‚÷3CS“‚Ó#RÓ#ScBÓ ¦¶÷¦Æ÷w6¶•ó##U÷66–VçF–f–5÷&W÷'G2ÆfööE÷v7FU÷—&öÇ—6—5óc2Ã2Ã3crÃRã#“ccccrÃbÃ2ãƒ##“ccrÃ3rÆ&–ö6†"ÃcÃRãÃƒCãsÃC“rãCccccccrÃ32ãSC“#3#"ÆfÇ6RÆW†6ÇVFVEög&öÕ÷V&Æ—6†W%öÖVã²–æ6öç6—7FVçE÷&u÷6–væÂÆW‡W&–ÖVçFÅ÷V&Æ—6†W%÷7WÆVÖVçBÃã3‚÷3CS“‚Ó#RÓ#ScBÓ ¦¶÷¦Æ÷w6¶•ó##U÷66–VçF–f–5÷&W÷'G2ÆfööE÷v7FUö‡–G&ö6†%ó#C2ÃÃ3crÃRã#“ccccrÃbÃ2ãƒ##“ccrÃ3rÆ‡–G&ö6†"Ã#CÃRãÃ#S"ãsÃC“rãCccccccrÃ3sBã3“S““ÇG'VRÂÆW‡W&–ÖVçFÅ÷V&Æ—6†W%÷7WÆVÖVçBÃã3‚÷3CS“‚Ó#RÓ#ScBÓ ¦¶÷¦Æ÷w6¶•ó##U÷66–VçF–f–5÷&W÷'G2ÆfööE÷v7FUö‡–G&ö6†%ó#C2Ã"Ã3crÃRã#“ccccrÃbÃ2ãƒ##“ccrÃ3rÆ‡–G&ö6†"Ã#CÃRãÃ#C2ãCÃC“rãCccccccrÃ3sã“#SCc3"ÇG'VRÂÆW‡W&–ÖVçFÅ÷V&Æ—6†W%÷7WÆVÖVçBÃã3‚÷3CS“‚Ó#RÓ#ScBÓ ¦¶÷¦Æ÷w6¶•ó##U÷66–VçF–f–5÷&W÷'G2ÆfööE÷v7FUö‡–G&ö6†%ó#C2Ã2Ã3crÃRã#“ccccrÃbÃ2ãƒ##“ccrÃ3rÆ‡–G&ö6†"Ã#CÃRãÃ#cãCÃC“rãCccccccrÃ3sRã“s“s“ƒC2ÇG'VRÂÆW‡W&–ÖVçFÅ÷V&Æ—6†W%÷7WÆVÖVçBÃã3‚÷3CS“‚Ó#RÓ#ScBÓ ¦¶÷¦Æ÷w6¶•ó##U÷66–VçF–f–5÷&W÷'G2ÆfööE÷v7FRÃÃ3c‚ÃRã33333332ÃbÃ2ãƒ3333332Ã3rÆæöæRÂÃãÃ“crãSÃC“rãc3333332Ã33"ã#ƒs“SbÇG'VRÂÆW‡W&–ÖVçFÅ÷V&Æ—6†W%÷7WÆVÖVçBÃã3‚÷3CS“‚Ó#RÓ#ScBÓ ¦¶÷¦Æ÷w6¶•ó##U÷66–VçF–f–5÷&W÷'G2ÆfööE÷v7FRÃ"Ã3c‚ÃRã33333332ÃbÃ2ãƒ3333332Ã3rÆæöæRÂÃãÃ#SBãƒÃC“rãc3333332Ã3SãƒSC“csƒ"ÇG'VRÂÆW‡W&–ÖVçFÅ÷V&Æ—6†W%÷7WÆVÖVçBÃã3‚÷3CS“‚Ó#RÓ#ScBÓ ¦¶÷¦Æ÷w6¶•ó##U÷66–VçF–f–5÷&W÷'G2ÆfööE÷v7FRÃ2Ã3c‚ÃRã33333332ÃbÃ2ãƒ3333332Ã3rÆæöæRÂÃãÃ#sã#ÃC“rãc3333332Ã3SRãSccƒcC"ÇG'VRÂÆW‡W&–ÖVçFÅ÷V&Æ—6†W%÷7WÆVÖVçBÃã3‚÷3CS“‚Ó#RÓ#ScBÓ ¦¶÷¦Æ÷w6¶•ó##U÷66–VçF–f–5÷&W÷'G2ÆfööE÷v7FU÷F÷'&Vf7F–öåó#C2ÃÃ3c‚ÃRã33333332ÃbÃ2ãƒ3333332Ã3rÇF÷'&Vf7F–öå÷&öGV7BÃ#CÃRãÃ#“RãSÃC“rãc3333332Ã3ƒ2ãcCs3#ƒrÇG'VRÂÆW‡W&–ÖVçFÅ÷V&Æ—6†W%÷7WÆVÖVçBÃã3‚÷3CS“‚Ó#RÓ#ScBÓ ¦¶÷¦Æ÷w6¶•ó##U÷66–VçF–f–5÷&W÷'G2ÆfööE÷v7FU÷F÷'&Vf7F–öåó#C2Ã"Ã3c‚ÃRã33333332ÃbÃ2ãƒ3333332Ã3rÇF÷'&Vf7F–öå÷&öGV7BÃ#CÃRãÃCrã#ÃC“rãc3333332ÂÓ‚ãsCS“CÆfÇ6RÆW†6ÇVFVEög&öÕ÷V&Æ—6†W%öÖVã²–æ6öç6—7FVçE÷&u÷6–væÂÆW‡W&–ÖVçFÅ÷V&Æ—6†W%÷7WÆVÖVçBÃã3‚÷3CS“‚Ó#RÓ#ScBÓ ¦¶÷¦Æ÷w6¶•ó##U÷66–VçF–f–5÷&W÷'G2ÆfööE÷v7FU÷F÷'&Vf7F–öåó#C2Ã2Ã3c‚ÃRã33333332ÃbÃ2ãƒ3333332Ã3rÇF÷'&Vf7F–öå÷&öGV7BÃ#CÃRãÃ##‚ãCÃC“rãc3333332Ã3ƒ‚ãƒ#ss3’ÇG'VRÂÆW‡W&–ÖVçFÅ÷V&Æ—6†W%÷7WÆVÖVçBÃã3‚÷3CS“‚Ó#RÓ#ScBÓ ¦¶÷¦Æ÷w6¶•ó##U÷66–VçF–f–5÷&W÷'G2ÆfööE÷v7FU÷—&öÇ—6—5óc2ÃÃ3c‚ÃRã33333332ÃbÃ2ãƒ3333332Ã3rÆ&–ö6†"ÃcÃRãÃ#ƒrãÃC“rãc3333332Ã3S’ã3ƒ#““BÇG'VRÂÆW‡W&–ÖVçFÅ÷V&Æ—6†W%÷7WÆVÖVçBÃã3‚÷3CS“‚Ó#RÓ#ScBÓ ¦¶÷¦Æ÷w6¶•ó##U÷66–VçF–f–5÷&W÷'G2ÆfööE÷v7FU÷—&öÇ—6—5óc2Ã"Ã3c‚ÃRã33333332ÃbÃ2ãƒ3333332Ã3rÆ&–ö6†"ÃcÃRãÃ#“ã3ÃC“rãc3333332Ã3cã#CS#‚ÇG'VRÂÆW‡W&–ÖVçFÅ÷V&Æ—6†W%÷7WÆVÖVçBÃã3‚÷3CS“‚Ó#RÓ#ScBÓ ¦¶÷¦Æ÷w6¶•ó##U÷66–VçF–f–5÷&W÷'G2ÆfööE÷v7FU÷—&öÇ—6—5óc2Ã2Ã3c‚ÃRã33333332ÃbÃ2ãƒ3333332Ã3rÆ&–ö6†"ÃcÃRãÃƒCãCÃC“rãc3333332Ã32ãc3SC3CCÆfÇ6RÆW†6ÇVFVEög&öÕ÷V&Æ—6†W%öÖVã²–æ6öç6—7FVçE÷&u÷6–væÂÆW‡W&–ÖVçFÅ÷V&Æ—6†W%÷7WÆVÖVçBÃã3‚÷3CS“‚Ó#RÓ#ScBÓ ¦¶÷¦Æ÷w6¶•ó##U÷66–VçF–f–5÷&W÷'G2ÆfööE÷v7FUö‡–G&ö6†%ó#C2ÃÃ3c‚ÃRã33333332ÃbÃ2ãƒ3333332Ã3rÆ‡–G&ö6†"Ã#CÃRãÃ#S2ãCÃC“rãc3333332Ã3sBã3CCs‚ÇG'VRÂÆW‡W&–ÖVçFÅ÷V&Æ—6†W%÷7WÆVÖVçBÃã3‚÷3CS“‚Ó#RÓ#ScBÓ ¦¶÷¦Æ÷w6¶•ó##U÷66–VçF–f–5÷&W÷'G2ÆfööE÷v7FUö‡–G&ö6†%ó#C2Ã"Ã3c‚ÃRã33333332ÃbÃ2ãƒ3333332Ã3rÆ‡–G&ö6†"Ã#CÃRãÃ#CBãÃC“rãc3333332Ã3s"ã33SsC’ÇG'VRÂÆW‡W&–ÖVçFÅ÷V&Æ—6†W%÷7WÆVÖVçBÃã3‚÷3CS“‚Ó#RÓ#ScBÓ ¦¶÷¦Æ÷w6¶•ó##U÷66–VçF–f–5÷&W÷'G2ÆfööE÷v7FUö‡–G&ö6†%ó#C2Ã2Ã3c‚ÃRã33333332ÃbÃ2ãƒ3333332Ã3rÆ‡–G&ö6†"Ã#CÃRãÃ#c"ãÃC“rãc3333332Ã3sbã3“cÇG'VRÂÆW‡W&–ÖVçFÅ÷V&Æ—6†W%÷7WÆVÖVçBÃã3‚÷3CS“‚Ó#RÓ#ScBÓ ¦¶÷¦Æ÷w6¶•ó##U÷66–VçF–f–5÷&W÷'G2ÆfööE÷v7FRÃÃ3c’ÃRã3sSÃbÃ2ãƒC3sSÃ3rÆæöæRÂÃãÃ“c‚ãÃC“rãƒ3333332Ã33"ã“cSƒ#S’ÇG'VRÂÆW‡W&–ÖVçFÅ÷V&Æ—6†W%÷7WÆVÖVçBÃã3‚÷3CS“‚Ó#RÓ#ScBÓ ¦¶÷¦Æ÷w6¶•ó##U÷66–VçF–f–5÷&W÷'G2ÆfööE÷v7FRÃ"Ã3c’ÃRã3sSÃbÃ2ãƒC3sSÃ3rÆæöæRÂÃãÃ#SRãCÃC“rãƒ3333332Ã3Sã“CS3S#ÇG'VRÂÆW‡W&–ÖVçFÅ÷V&Æ—6†W%÷7WÆVÖVçBÃã3‚÷3CS“‚Ó#RÓ#ScBÓ ¦¶÷¦Æ÷w6¶•ó##U÷66–VçF–f–5÷&W÷'G2ÆfööE÷v7FRÃ2Ã3c’ÃRã3sSÃbÃ2ãƒC3sSÃ3rÆæöæRÂÃãÃ#sãƒÃC“rãƒ3333332Ã3SRãcSc“ƒÇG'VRÂÆW‡W&–ÖVçFÅ÷V&Æ—6†W%÷7WÆVÖVçBÃã3‚÷3CS“‚Ó#RÓ#ScBÓ ¦¶÷¦Æ÷w6¶•ó##U÷66–VçF–f–5÷&W÷'G2ÆfööE÷v7FU÷F÷'&Vf7F–öåó#C2ÃÃ3c’ÃRã3sSÃbÃ2ãƒC3sSÃ3rÇF÷'&Vf7F–öå÷&öGV7BÃ#CÃRãÃ#“bã#ÃC“rãƒ3333332Ã3ƒ2ãsc3’ÇG'VRÂÆW‡W&–ÖVçFÅ÷V&Æ—6†W%÷7WÆVÖVçBÃã3‚÷3CS“‚Ó#RÓ#ScBÓ ¦¶÷¦Æ÷w6¶•ó##U÷66–VçF–f–5÷&W÷'G2ÆfööE÷v7FU÷F÷'&Vf7F–öåó#C2Ã"Ã3c’ÃRã3sSÃbÃ2ãƒC3sSÃ3rÇF÷'&Vf7F–öå÷&öGV7BÃ#CÃRãÃCrã3ÃC“rãƒ3333332ÂÓ‚ã“sƒs#RÆfÇ6RÆW†6ÇVFVEög&öÕ÷V&Æ—6†W%öÖVã²–æ6öç6—7FVçE÷&u÷6–væÂÆW‡W&–ÖVçFÅ÷V&Æ—6†W%÷7WÆVÖVçBÃã3‚÷3CS“‚Ó#RÓ#ScBÓ ¦¶÷¦Æ÷w6¶•ó##U÷66–VçF–f–5÷&W÷'G2ÆfööE÷v7FU÷F÷'&Vf7F–öåó#C2Ã2Ã3c’ÃRã3sSÃbÃ2ãƒC3sSÃ3rÇF÷'&Vf7F–öå÷&öGV7BÃ#CÃRãÃ##’ãÃC“rãƒ3333332Ã3ƒ‚ã“3CsC“c"ÇG'VRÂÆW‡W&–ÖVçFÅ÷V&Æ—6†W%÷7WÆVÖVçBÃã3‚÷3CS“‚Ó#RÓ#ScBÓ ¦¶÷¦Æ÷w6¶•ó##U÷66–VçF–f–5÷&W÷'G2ÆfööE÷v7FU÷—&öÇ—6—5óc2ÃÃ3c’ÃRã3sSÃbÃ2ãƒC3sSÃ3rÆ&–ö6†"ÃcÃRãÃ#ƒrãcÃC“rãƒ3333332Ã3S’ã###33"ÇG'VRÂÆW‡W&–ÖVçFÅ÷V&Æ—6†W%÷7WÆVÖVçBÃã3‚÷3CS“‚Ó#RÓ#ScBÓ ¦¶÷¦Æ÷w6¶•ó##U÷66–VçF–f–5÷&W÷'G2ÆfööE÷v7FU÷—&öÇ—6—5óc2Ã"Ã3c’ÃRã3sSÃbÃ2ãƒC3sSÃ3rÆ&–ö6†"ÃcÃRãÃ#“"ãÃC“rãƒ3333332Ã3cã#SC3SÇG'VRÂÆW‡W&–ÖVçFÅ÷V&Æ—6†W%÷7WÆVÖVçBÃã3‚÷3CS“‚Ó#RÓ#ScBÓ ¦¶÷¦Æ÷w6¶•ó##U÷66–VçF–f–5÷&W÷'G2ÆfööE÷v7FU÷—&öÇ—6—5óc2Ã2Ã3c’ÃRã3sSÃbÃ2ãƒC3sSÃ3rÆ&–ö6†"ÃcÃRãÃƒC"ãÃC“rãƒ3333332Ã32ãsCƒC3c"ÆfÇ6RÆW†6ÇVFVEög&öÕ÷V&Æ—6†W%öÖVã²–æ6öç6—7FVçE÷&u÷6–væÂÆW‡W&–ÖVçFÅ÷V&Æ—6†W%÷7WÆVÖVçBÃã3‚÷3CS“‚Ó#RÓ#ScBÓ ¦¶÷¦Æ÷w6¶•ó##U÷66–VçF–f–5÷&W÷'G2ÆfööE÷v7FUö‡–G&ö6†%ó#C2ÃÃ3c’ÃRã3sSÃbÃ2ãƒC3sSÃ3rÆ‡–G&ö6†"Ã#CÃRãÃ#SBãÃC“rãƒ3333332Ã3sBã#CsCS3ÇG'VRÂÆW‡W&–ÖVçFÅ÷V&Æ—6†W%÷7WÆVÖVçBÃã3‚÷3CS“‚Ó#RÓ#ScBÓ ¦¶÷¦Æ÷w6¶•ó##U÷66–VçF–f–5÷&W÷'G2ÆfööE÷v7FUö‡–G&ö6†%ó#C2Ã"Ã3c’ÃRã3sSÃbÃ2ãƒC3sSÃ3rÆ‡–G&ö6†"Ã#CÃRãÃ#CBãƒÃC“rãƒ3333332Ã3s"ãCc3cs"ÇG'VRÂÆW‡W&–ÖVçFÅ÷V&Æ—6†W%÷7WÆVÖVçBÃã3‚÷3CS“‚Ó#RÓ#ScBÓ ¦¶÷¦Æ÷w6¶•ó##U÷66–VçF–f–5÷&W÷'G2ÆfööE÷v7FUö‡–G&ö6†%ó#C2Ã2Ã3c’ÃRã3sSÃbÃ2ãƒC3sSÃ3rÆ‡–G&ö6†"Ã#CÃRãÃ#c"ãƒÃC“rãƒ3333332Ã3sbã#3#ƒƒƒ2ÇG'VRÂÆW‡W&–ÖVçFÅ÷V&Æ—6†W%÷7WÆVÖVçBÃã3‚÷3CS“‚Ó#RÓ#ScBÓ ¦¶÷¦Æ÷w6¶•ó##U÷66–VçF–f–5÷&W÷'G2ÆfööE÷v7FRÃÃ3sÃRãCcccccrÃbÃ2ãƒSCcccrÃ3rÆæöæRÂÃãÃ“c‚ãSÃC“‚ãÃ33"ã#s“#‚ÇG'VRÂÆW‡W&–ÖVçFÅ÷V&Æ—6†W%÷7WÆVÖVçBÃã3‚÷3CS“‚Ó#RÓ#ScBÓ ¦¶÷¦Æ÷w6¶•ó##U÷66–VçF–f–5÷&W÷'G2ÆfööE÷v7FRÃ"Ã3sÃRãCcccccrÃbÃ2ãƒSCcccrÃ3rÆæöæRÂÃãÃ#SbãÃC“‚ãÃ3S"ãC3#ccS2ÇG'VRÂÆW‡W&–ÖVçFÅ÷V&Æ—6†W%÷7WÆVÖVçBÃã3‚÷3CS“‚Ó#RÓ#ScBÓ ¦¶÷¦Æ÷w6¶•ó##U÷66–VçF–f–5÷&W÷'G2ÆfööE÷v7FRÃ2Ã3sÃRãCcccccrÃbÃ2ãƒSCcccrÃ3rÆæöæRÂÃãÃ#s"ãSÃC“‚ãÃ3SRãssSƒ“rÇG'VRÂÆW‡W&–ÖVçFÅ÷V&Æ—6†W%÷7WÆVÖVçBÃã3‚÷3CS“‚Ó#RÓ#ScBÓ ¦¶÷¦Æ÷w6¶•ó##U÷66–VçF–f–5÷&W÷'G2ÆfööE÷v7FU÷F÷'&Vf7F–öåó#C2ÃÃ3sÃRãCcccccrÃbÃ2ãƒSCcccrÃ3rÇF÷'&Vf7F–öå÷&öGV7BÃ#CÃRãÃ#“bã“ÃC“‚ãÃ3ƒ2ãƒƒƒ##rÇG'VRÂÆW‡W&–ÖVçFÅ÷V&Æ—6†W%÷7WÆVÖVçBÃã3‚÷3CS“‚Ó#RÓ#ScBÓ ¦¶÷¦Æ÷w6¶•ó##U÷66–VçF–f–5÷&W÷'G2ÆfööE÷v7FU÷F÷'&Vf7F–öåó#C2Ã"Ã3sÃRãCcccccrÃbÃ2ãƒSCcccrÃ3rÇF÷'&Vf7F–öå÷&öGV7BÃ#CÃRãÃCrã3ÃC“‚ãÂÓ‚ã#3CƒCc“’ÆfÇ6RÆW†6ÇVFVEög&öÕ÷V&Æ—6†W%öÖVã²–æ6öç6—7FVçE÷&u÷6–væÂÆW‡W&–ÖVçFÅ÷V&Æ—6†W%÷7WÆVÖVçBÃã3‚÷3CS“‚Ó#RÓ#ScBÓ ¦¶÷¦Æ÷w6¶•ó##U÷66–VçF–f–5÷&W÷'G2ÆfööE÷v7FU÷F÷'&Vf7F–öåó#C2Ã2Ã3sÃRãCcccccrÃbÃ2ãƒSCcccrÃ3rÇF÷'&Vf7F–öå÷&öGV7BÃ#CÃRãÃ##’ã“ÃC“‚ãÃ3ƒ’ãssƒSccBÇG'VRÂÆW‡W&–ÖVçFÅ÷V&Æ—6†W%÷7WÆVÖVçBÃã3‚÷3CS“‚Ó#RÓ#ScBÓ ¦¶÷¦Æ÷w6¶•ó##U÷66–VçF–f–5÷&W÷'G2ÆfööE÷v7FU÷—&öÇ—6—5óc2ÃÃ3sÃRãCcccccrÃbÃ2ãƒSCcccrÃ3rÆ&–ö6†"ÃcÃRãÃ#ƒ‚ã#ÃC“‚ãÃ3S’ã3“#ƒcRÇG'VRÂÆW‡W&–ÖVçFÅ÷V&Æ—6†W%÷7WÆVÖVçBÃã3‚÷3CS“‚Ó#RÓ#ScBÓ ¦¶÷¦Æ÷w6¶•ó##U÷66–VçF–f–5÷&W÷'G2ÆfööE÷v7FU÷—&öÇ—6—5óc2Ã"Ã3sÃRãCcccccrÃbÃ2ãƒSCcccrÃ3rÆ&–ö6†"ÃcÃRãÃ#“"ãsÃC“‚ãÃ3cã33S“Cc‚ÇG'VRÂÆW‡W&–ÖVçFÅ÷V&Æ—6†W%÷7WÆVÖVçBÃã3‚÷3CS“‚Ó#RÓ#ScBÓ ¦¶÷¦Æ÷w6¶•ó##U÷66–VçF–f–5÷&W÷'G2ÆfööE÷v7FU÷—&öÇ—6—5óc2Ã2Ã3sÃRãCcccccrÃbÃ2ãƒSCcccrÃ3rÆ&–ö6†"ÃcÃRãÃƒC"ãsÃC“‚ãÃ32ãƒCc3#ƒ“RÆfÇ6RÆW†6ÇVFVEög&öÕ÷V&Æ—6†W%öÖVã²–æ6öç6—7FVçE÷&u÷6–væÂÆW‡W&–ÖVçFÅ÷V&Æ—6†W%÷7WÆVÖVçBÃã3‚÷3CS“‚Ó#RÓ#ScBÓ ¦¶÷¦Æ÷w6¶•ó##U÷66–VçF–f–5÷&W÷'G2ÆfööE÷v7FUö‡–G&ö6†%ó#C2ÃÃ3sÃRãCcccccrÃbÃ2ãƒSCcccrÃ3rÆ‡–G&ö6†"Ã#CÃRãÃ#SBãƒÃC“‚ãÃ3sBã3cs“cC‚ÇG'VRÂÆW‡W&–ÖVçFÅ÷V&Æ—6†W%÷7WÆVÖVçBÃã3‚÷3CS“‚Ó#RÓ#ScBÓ ¦¶÷¦Æ÷w6¶•ó##U÷66–VçF–f–5÷&W÷'G2ÆfööE÷v7FUö‡–G&ö6†%ó#C2Ã"Ã3sÃRãCcccccrÃbÃ2ãƒSCcccrÃ3rÆ‡–G&ö6†"Ã#CÃRãÃ#CRãSÃC“‚ãÃ3s"ã#ccSCsƒ’ÇG'VRÂÆW‡W&–ÖVçFÅ÷V&Æ—6†W%÷7WÆVÖVçBÃã3‚÷3CS“‚Ó#RÓ#ScBÓ ¦¶÷¦Æ÷w6¶•ó##U÷66–VçF–f–5÷&W÷'G2ÆfööE÷v7FUö‡–G&ö6†%ó#C2Ã2Ã3sÃRãCcccccrÃbÃ2ãƒSCcccrÃ3rÆ‡–G&ö6†"Ã#CÃRãÃ#c2ãCÃC“‚ãÃ3sbã3#CbÇG'VRÂÆW‡W&–ÖVçFÅ÷V&Æ—6†W%÷7WÆVÖVçBÃã3‚÷3CS“‚Ó#RÓ#ScBÓ ¦¶÷¦Æ÷w6¶•ó##U÷66–VçF–f–5÷&W÷'G2ÆfööE÷v7FRÃÃ3sÃRãCSƒ33332ÃbÃ2ãƒcCSƒ332Ã3rÆæöæRÂÃãÃ“c’ãÃC“‚ãccccccrÃ33"ã3Cs##SbÇG'VRÂÆW‡W&–ÖVçFÅ÷V&Æ—6†W%÷7WÆVÖVçBÃã3‚÷3CS“‚Ó#RÓ#ScBÓ ¦¶÷¦Æ÷w6¶•ó##U÷66–VçF–f–5÷&W÷'G2ÆfööE÷v7FRÃ"Ã3sÃRãCSƒ33332ÃbÃ2ãƒcCSƒ332Ã3rÆæöæRÂÃãÃ#SbãcÃC“‚ãccccccrÃ3S"ãCƒƒbÇG'VRÂÆW‡W&–ÖVçFÅ÷V&Æ—6†W%÷7WÆVÖVçBÃã3‚÷3CS“‚Ó#RÓ#ScBÓ ¦¶÷¦Æ÷w6¶•ó##U÷66–VçF–f–5÷&W÷'G2ÆfööE÷v7FRÃ2Ã3sÃRãCSƒ33332ÃbÃ2ãƒcCSƒ332Ã3rÆæöæRÂÃãÃ#s2ãÃC“‚ãccccccrÃ3SRãƒc“C“c3ÇG'VRÂÆW‡W&–ÖVçFÅ÷V&Æ—6†W%÷7WÆVÖVçBÃã3‚÷3CS“‚Ó#RÓ#ScBÓ ¦¶÷¦Æ÷w6¶•ó##U÷66–VçF–f–5÷&W÷'G2ÆfööE÷v7FU÷F÷'&Vf7F–öåó#C2ÃÃ3sÃRãCSƒ33332ÃbÃ2ãƒcCSƒ332Ã3rÇF÷'&Vf7F–öå÷&öGV7BÃ#CÃRãÃ#“rãcÃC“‚ãccccccrÃ3ƒBã3#3CBÇG'VRÂÆW‡W&–ÖVçFÅ÷V&Æ—6†W%÷7WÆVÖVçBÃã3‚÷3CS“‚Ó#RÓ#ScBÓ ¦¶÷¦Æ÷w6¶•ó##U÷66–VçF–f–5÷&W÷'G2ÆfööE÷v7FU÷F÷'&Vf7F–öåó#C2Ã"Ã3sÃRãCSƒ33332ÃbÃ2ãƒcCSƒ332Ã3rÇF÷'&Vf7F–öå÷&öGV7BÃ#CÃRãÃCrãCÃC“‚ãccccccrÂÓ‚ã#C““ƒ’ÆfÇ6RÆW†6ÇVFVEög&öÕ÷V&Æ—6†W%öÖVã²–æ6öç6—7FVçE÷&u÷6–væÂÆW‡W&–ÖVçFÅ÷V&Æ—6†W%÷7WÆVÖVçBÃã3‚÷3CS“‚Ó#RÓ#ScBÓ ¦¶÷¦Æ÷w6¶•ó##U÷66–VçF–f–5÷&W÷'G2ÆfööE÷v7FU÷F÷'&Vf7F–öåó#C2Ã2Ã3sÃRãCSƒ33332ÃbÃ2ãƒcCSƒ332Ã3rÇF÷'&Vf7F–öå÷&öGV7BÃ#CÃRãÃ###ãsÃC“‚ãccccccrÃ3ƒ’ã##“c3cbÇG'VRÂÆW‡W&–ÖVçFÅ÷V&Æ—6†W%÷7WÆVÖVçBÃã3‚÷3CS“‚Ó#RÓ#ScBÓ ¦¶÷¦Æ÷w6¶•ó##U÷66–VçF–f–5÷&W÷'G2ÆfööE÷v7FU÷—&öÇ—6—5óc2ÃÃ3sÃRãCSƒ33332ÃbÃ2ãƒcCSƒ332Ã3rÆ&–ö6†"ÃcÃRãÃ#ƒ‚ãƒÃC“‚ãccccccrÃ3S’ãCsC3“‚ÇG'VRÂÆW‡W&–ÖVçFÅ÷V&Æ—6†W%÷7WÆVÖVçBÃã3‚÷3CS“‚Ó#RÓ#ScBÓ ¦¶÷¦Æ÷w6¶•ó##U÷66–VçF–f–5÷&W÷'G2ÆfööE÷v7FU÷—&öÇ—6—5óc2Ã"Ã3sÃRãCSƒ33332ÃbÃ2ãƒcCSƒ332Ã3rÆ&–ö6†"ÃcÃRãÃ#“2ã3ÃC“‚ãccccccrÃ3cãC33ƒSsÇG'VRÂÆW‡W&–ÖVçFÅ÷V&Æ—6†W%÷7WÆVÖVçBÃã3‚÷3CS“‚Ó#RÓ#ScBÓ ¦¶÷¦Æ÷w6¶•ó##U÷66–VçF–f–5÷&W÷'G2ÆfööE÷v7FU÷—&öÇ—6—5óc2Ã2Ã3sÃRãCSƒ33332ÃbÃ2ãƒcCSƒ332Ã3rÆ&–ö6†"ÃcÃRãÃƒC2ãCÃC“‚ãccccccrÃ32ã“ccƒC"ÆfÇ6RÆW†6ÇVFVEög&öÕ÷V&Æ—6†W%öÖVã²–æ6öç6—7FVçE÷&u÷6–væÂÆW‡W&–ÖVçFÅ÷V&Æ—6†W%÷7WÆVÖVçBÃã3‚÷3CS“‚Ó#RÓ#ScBÓ ¦¶÷¦Æ÷w6¶•ó##U÷66–VçF–f–5÷&W÷'G2ÆfööE÷v7FUö‡–G&ö6†%ó#C2ÃÃ3sÃRãCSƒ33332ÃbÃ2ãƒcCSƒ332Ã3rÆ‡–G&ö6†"Ã#CÃRãÃ#SRãSÃC“‚ãccccccrÃ3sBãCƒƒCs#cbÇG'VRÂÆW‡W&–ÖVçFÅ÷V&Æ—6†W%÷7WÆVÖVçBÃã3‚÷3CS“‚Ó#RÓ#ScBÓ ¦¶÷¦Æ÷w6¶•ó##U÷66–VçF–f–5÷&W÷'G2ÆfööE÷v7FUö‡–G&ö6†%ó#C2Ã"Ã3sÃRãCSƒ33332ÃbÃ2ãƒcCSƒ332Ã3rÆ‡–G&ö6†"Ã#CÃRãÃ#Cbã#ÃC“‚ãccccccrÃ3s"ã3ƒsS“bÇG'VRÂÆW‡W&–ÖVçFÅ÷V&Æ—6†W%÷7WÆVÖVçBÃã3‚÷3CS“‚Ó#RÓ#ScBÓ ¦¶÷¦Æ÷w6¶•ó##U÷66–VçF–f–5÷&W÷'G2ÆfööE÷v7FUö‡–G&ö6†%ó#C2Ã2Ã3sÃRãCSƒ33332ÃbÃ2ãƒcCSƒ332Ã3rÆ‡–G&ö6†"Ã#CÃRãÃ#cBãÃC“‚ãccccccrÃ3sbãC3sS32ÇG'VRÂÆW‡W&–ÖVçFÅ÷V&Æ—6†W%÷7WÆVÖVçBÃã3‚÷3CS“‚Ó#RÓ#ScBÓ ¦¶÷¦Æ÷w6¶•ó##U÷66–VçF–f–5÷&W÷'G2ÆfööE÷v7FRÃÃ3s"ÃRãSÃbÃ2ãƒsSÃ3rÆæöæRÂÃãÃ“c’ãSÃC“‚ã3ccccccrÃ33"ãCS“ÇG'VRÂÆW‡W&–ÖVçFÅ÷V&Æ—6†W%÷7WÆVÖVçBÃã3‚÷3CS“‚Ó#RÓ#ScBÓ ¦¶÷¦Æ÷w6¶•ó##U÷66–VçF–f–5÷&W÷'G2ÆfööE÷v7FRÃ"Ã3s"ÃRãSÃbÃ2ãƒsSÃ3rÆæöæRÂÃãÃ#Srã#ÃC“‚ã3ccccccrÃ3S"ã#3ScS#BÇG'VRÂÆW‡W&–ÖVçFÅ÷V&Æ—6†W%÷7WÆVÖVçBÃã3‚÷3CS“‚Ó#RÓ#ScBÓ ¦¶÷¦Æ÷w6¶•ó##U÷66–VçF–f–5÷&W÷'G2ÆfööE÷v7FRÃ2Ã3s"ÃRãSÃbÃ2ãƒsSÃ3rÆæöæRÂÃãÃ#s2ãƒÃC“‚ã3ccccccrÃ3SRã“ƒ#CsSS2ÇG'VRÂÆW‡W&–ÖVçFÅ÷V&Æ—6†W%÷7WÆVÖVçBÃã3‚÷3CS“‚Ó#RÓ#ScBÓ ¦¶÷¦Æ÷w6¶•ó##U÷66–VçF–f–5÷&W÷'G2ÆfööE÷v7FU÷F÷'&Vf7F–öåó#C2ÃÃ3s"ÃRãSÃbÃ2ãƒsSÃ3rÇF÷'&Vf7F–öå÷&öGV7BÃ#CÃRãÃ#“‚ã3ÃC“‚ã3ccccccrÃ3ƒBãC3#crÇG'VRÂÆW‡W&–ÖVçFÅ÷V&Æ—6†W%÷7WÆVÖVçBÃã3‚÷3CS“‚Ó#RÓ#ScBÓ ¦¶÷¦Æ÷w6¶•ó##U÷66–VçF–f–5÷&W÷'G2ÆfööE÷v7FU÷F÷'&Vf7F–öåó#C2Ã"Ã3s"ÃRãSÃbÃ2ãƒsSÃ3rÇF÷'&Vf7F–öå÷&öGV7BÃ#CÃRãÃCrãCÃC“‚ã3ccccccrÂÓ‚ã#“S#S‚ÆfÇ6RÆW†6ÇVFVEög&öÕ÷V&Æ—6†W%öÖVã²–æ6öç6—7FVçE÷&u÷6–væÂÆW‡W&–ÖVçFÅ÷V&Æ—6†W%÷7WÆVÖVçBÃã3‚÷3CS“‚Ó#RÓ#ScBÓ ¦¶÷¦Æ÷w6¶•ó##U÷66–VçF–f–5÷&W÷'G2ÆfööE÷v7FU÷F÷'&Vf7F–öåó#C2Ã2Ã3s"ÃRãSÃbÃ2ãƒsSÃ3rÇF÷'&Vf7F–öå÷&öGV7BÃ#CÃRãÃ###ãCÃC“‚ã3ccccccrÃ3ƒ’ã333“C#ƒ‚ÇG'VRÂÆW‡W&–ÖVçFÅ÷V&Æ—6†W%÷7WÆVÖVçBÃã3‚÷3CS“‚Ó#RÓ#ScBÓ ¦¶÷¦Æ÷w6¶•ó##U÷66–VçF–f–5÷&W÷'G2ÆfööE÷v7FU÷—&öÇ—6—5óc2ÃÃ3s"ÃRãSÃbÃ2ãƒsSÃ3rÆ&–ö6†"ÃcÃRãÃ#ƒ’ã3ÃC“‚ã3ccccccrÃ3S’ãCƒCƒ3S"ÇG'VRÂÆW‡W&–ÖVçFÅ÷V&Æ—6†W%÷7WÆVÖVçBÃã3‚÷3CS“‚Ó#RÓ#ScBÓ ¦¶÷¦Æ÷w6¶•ó##U÷66–VçF–f–5÷&W÷'G2ÆfööE÷v7FU÷—&öÇ—6—5óc2Ã"Ã3s"ÃRãSÃbÃ2ãƒsSÃ3rÆ&–ö6†"ÃcÃRãÃ#“BãÃC“‚ã3ccccccrÃ3cãSCcƒ3c#2ÇG'VRÂÆW‡W&–ÖVçFÅ÷V&Æ—6†W%÷7WÆVÖVçBÃã3‚÷3CS“‚Ó#RÓ#ScBÓ ¦¶÷¦Æ÷w6¶•ó##U÷66–VçF–f–5÷&W÷'G2ÆfööE÷v7FU÷—&öÇ—6—5óc2Ã2Ã3s"ÃRãSÃbÃ2ãƒsSÃ3rÆ&–ö6†"ÃcÃRãÃƒCBãÃC“‚ã3ccccccrÃ3Bãs“ƒ“3RÆfÇ6RÆW†6ÇVFVEög&öÕ÷V&Æ—6†W%öÖVã²–æ6öç6—7FVçE÷&u÷6–væÂÆW‡W&–ÖVçFÅ÷V&Æ—6†W%÷7WÆVÖVçBÃã3‚÷3CS“‚Ó#RÓ#ScBÓ ¦¶÷¦Æ÷w6¶•ó##U÷66–VçF–f–5÷&W÷'G2ÆfööE÷v7FUö‡–G&ö6†%ó#C2ÃÃ3s"ÃRãSÃbÃ2ãƒsSÃ3rÆ‡–G&ö6†"Ã#CÃRãÃ#Sbã#ÃC“‚ã3ccccccrÃ3sBãcCSƒ‚ÇG'VRÂÆW‡W&–ÖVçFÅ÷V&Æ—6†W%÷7WÆVÖVçBÃã3‚÷3CS“‚Ó#RÓ#ScBÓ ¦¶÷¦Æ÷w6¶•ó##U÷66–VçF–f–5÷&W÷'G2ÆfööE÷v7FUö‡–G&ö6†%ó#C2Ã"Ã3s"ÃRãSÃbÃ2ãƒsSÃ3rÆ‡–G&ö6†"Ã#CÃRãÃ#Cbã“ÃC“‚ã3ccccccrÃ3s"ãS3ƒ#’ÇG'VRÂÆW‡W&–ÖVçFÅ÷V&Æ—6†W%÷7WÆVÖVçBÃã3‚÷3CS“‚Ó#RÓ#ScBÓ ¦¶÷¦Æ÷w6¶•ó##U÷66–VçF–f–5÷&W÷'G2ÆfööE÷v7FUö‡–G&ö6†%ó#C2Ã2Ã3s"ÃRãSÃbÃ2ãƒsSÃ3rÆ‡–G&ö6†"Ã#CÃRãÃ#cBãƒÃC“‚ã3ccccccrÃ3sbãSCCc“CSbÇG'VRÂÆW‡W&–ÖVçFÅ÷V&Æ—6†W%÷7WÆVÖVçBÃã3‚÷3CS“‚Ó#RÓ#ScBÓ ¦¶÷¦Æ÷w6¶•ó##U÷66–VçF–f–5÷&W÷'G2ÆfööE÷v7FRÃÃ3s2ÃRãSCccccrÃbÃ2ãƒƒSCccrÃ3rÆæöæRÂÃãÃ“sãÃC“‚ãS3333332Ã33"ãC“3#ƒS‚ÇG'VRÂÆW‡W&–ÖVçFÅ÷V&Æ—6†W%÷7WÆVÖVçBÃã3‚÷3CS“‚Ó#RÓ#ScBÓ ¦¶÷¦Æ÷w6¶•ó##U÷66–VçF–f–5÷&W÷'G2ÆfööE÷v7FRÃ"Ã3s2ÃRãSCccccrÃbÃ2ãƒƒSCccrÃ3rÆæöæRÂÃãÃ#SrãƒÃC“‚ãS3333332Ã3S"ã3#“CƒSrÇG'VRÂÆW‡W&–ÖVçFÅ÷V&Æ—6†W%÷7WÆVÖVçBÃã3‚÷3CS“‚Ó#RÓ#ScBÓ ¦¶÷¦Æ÷w6¶•ó##U÷66–VçF–f–5÷&W÷'G2ÆfööE÷v7FRÃ2Ã3s2ÃRãSCccccrÃbÃ2ãƒƒSCccrÃ3rÆæöæRÂÃãÃ#sBãCÃC“‚ãS3333332Ã3Sbãƒ3“ƒbÇG'VRÂÆW‡W&–ÖVçFÅ÷V&Æ—6†W%÷7WÆVÖVçBÃã3‚÷3CS“‚Ó#RÓ#ScBÓ ¦¶÷¦Æ÷w6¶•ó##U÷66–VçF–f–5÷&W÷'G2ÆfööE÷v7FU÷F÷'&Vf7F–öåó#C2ÃÃ3s2ÃRãSCccccrÃbÃ2ãƒƒSCccrÃ3rÇF÷'&Vf7F–öå÷&öGV7BÃ#CÃRãÃ#“’ãÃC“‚ãS3333332Ã3ƒBã#3Cƒ3ƒBÇG'VRÂÆW‡W&–ÖVçFÅ÷V&Æ—6†W%÷7WÆVÖVçBÃã3‚÷3CS“‚Ó#RÓ#ScBÓ ¦¶÷¦Æ÷w6¶•ó##U÷66–VçF–f–5÷&W÷'G2ÆfööE÷v7FU÷F÷'&Vf7F–öåó#C2Ã"Ã3s2ÃRãSCccccrÃbÃ2ãƒƒSCccrÃ3rÇF÷'&Vf7F–öå÷&öGV7BÃ#CÃRãÃCrãSÃC“‚ãS3333332ÂÓ‚ã3ccCrÆfÇ6RÆW†6ÇVFVEög&öÕ÷V&Æ—6†W%öÖVã²–æ6öç6—7FVçE÷&u÷6–væÂÆW‡W&–ÖVçFÅ÷V&Æ—6†W%÷7WÆVÖVçBÃã3‚÷3CS“‚Ó#RÓ#ScBÓ ¦¶÷¦Æ÷w6¶•ó##U÷66–VçF–f–5÷&W÷'G2ÆfööE÷v7FU÷F÷'&Vf7F–öåó#C2Ã2Ã3s2ÃRãSCccccrÃbÃ2ãƒƒSCccrÃ3rÇF÷'&Vf7F–öå÷&öGV7BÃ#CÃRãÃ###"ã#ÃC“‚ãS3333332Ã3ƒ’ãCssC““ÇG'VRÂÆW‡W&–ÖVçFÅ÷V&Æ—6†W%÷7WÆVÖVçBÃã3‚÷3CS“‚Ó#RÓ#ScBÓ ¦¶÷¦Æ÷w6¶•ó##U÷66–VçF–f–5÷&W÷'G2ÆfööE÷v7FU÷—&öÇ—6—5óc2ÃÃ3s2ÃRãSCccccrÃbÃ2ãƒƒSCccrÃ3rÆ&–ö6†"ÃcÃRãÃ#ƒ’ã“ÃC“‚ãS3333332Ã3S’ãSƒ#sCcƒBÇG'VRÂÆW‡W&–ÖVçFÅ÷V&Æ—6†W%÷7WÆVÖVçBÃã3‚÷3CS“‚Ó#RÓ#ScBÓ ¦¶÷¦Æ÷w6¶•ó##U÷66–VçF–f–5÷&W÷'G2ÆfööE÷v7FU÷—&öÇ—6—5óc2Ã"Ã3s2ÃRãSCccccrÃbÃ2ãƒƒSCccrÃ3rÆ&–ö6†"ÃcÃRãÃ#“BãcÃC“‚ãS3333332Ã3cãcCCsSSbÇG'VRÂÆW‡W&–ÖVçFÅ÷V&Æ—6†W%÷7WÆVÖVçBÃã3‚÷3CS“‚Ó#RÓ#ScBÓ ¦¶÷¦Æ÷w6¶•ó##U÷66–VçF–f–5÷&W÷'G2ÆfööE÷v7FU÷—&öÇ—6—5óc2Ã2Ã3s2ÃRãSCccccrÃbÃ2ãƒƒSCccrÃ3rÆ&–ö6†"ÃcÃRãÃƒCBãƒÃC“‚ãS3333332Ã3Bã#33S"ÆfÇ6RÆW†6ÇVFVEög&öÕ÷V&Æ—6†W%öÖVã²–æ6öç6—7FVçE÷&u÷6–væÂÆW‡W&–ÖVçFÅ÷V&Æ—6†W%÷7WÆVÖVçBÃã3‚÷3CS“‚Ó#RÓ#ScBÓ ¦¶÷¦Æ÷w6¶•ó##U÷66–VçF–f–5÷&W÷'G2ÆfööE÷v7FUö‡–G&ö6†%ó#C2ÃÃ3s2ÃRãSCccccrÃbÃ2ãƒƒSCccrÃ3rÆ‡–G&ö6†"Ã#CÃRãÃ#Sbã“ÃC“‚ãS3333332Ã3sBãs#“c3bÇG'VRÂÆW‡W&–ÖVçFÅ÷V&Æ—6†W%÷7WÆVÖVçBÃã3‚÷3CS“‚Ó#RÓ#ScBÓ ¦¶÷¦Æ÷w6¶•ó##U÷66–VçF–f–5÷&W÷'G2ÆfööE÷v7FUö‡–G&ö6†%ó#C2Ã"Ã3s2ÃRãSCccccrÃbÃ2ãƒƒSCccrÃ3rÆ‡–G&ö6†"Ã#CÃRãÃ#CrãcÃC“‚ãS3333332Ã3s"ãc#SC“CbÇG'VRÂÆW‡W&–ÖVçFÅ÷V&Æ—6†W%÷7WÆVÖVçBÃã3‚÷3CS“‚Ó#RÓ#ScBÓ ¦¶÷¦Æ÷w6¶•ó##U÷66–VçF–f–5÷&W÷'G2ÆfööE÷v7FUö‡–G&ö6†%ó#C2Ã2Ã3s2ÃRãSCccccrÃbÃ2ãƒƒSCccrÃ3rÆ‡–G&ö6†"Ã#CÃRãÃ#cRãSÃC“‚ãS3333332Ã3sbãccS#Ss2ÇG'VRÂÆW‡W&–ÖVçFÅ÷V&Æ—6†W%÷7WÆVÖVçBÃã3‚÷3CS“‚Ó#RÓ#ScBÓ ¦¶÷¦Æ÷w6¶•ó##U÷66–VçF–f–5÷&W÷'G2ÆfööE÷v7FRÃÃ3sBÃRãSƒ333332ÃbÃ2ãƒ“Sƒ3332Ã3rÆæöæRÂÃãÃ“sãSÃC“‚ãsÃ33"ãScScCƒbÇG'VRÂÆW‡W&–ÖVçFÅ÷V&Æ—6†W%÷7WÆVÖVçBÃã3‚÷3CS“‚Ó#RÓ#ScBÓ ¦¶÷¦Æ÷w6¶•ó##U÷66–VçF–f–5÷&W÷'G2ÆfööE÷v7FRÃ"Ã3sBÃRãSƒ333332ÃbÃ2ãƒ“Sƒ3332Ã3rÆæöæRÂÃãÃ#S‚ãCÃC“‚ãsÃ3S"ãC#s3“S“ÇG'VRÂÆW‡W&–ÖVçFÅ÷V&Æ—6†W%÷7WÆVÖVçBÃã3‚÷3CS“‚Ó#RÓ#ScBÓ ¦¶÷¦Æ÷w6¶•ó##U÷66–VçF–f–5÷&W÷'G2ÆfööE÷v7FRÃ2Ã3sBÃRãSƒ333332ÃbÃ2ãƒ“Sƒ3332Ã3rÆæöæRÂÃãÃ#sRãÃC“‚ãsÃ3Sbãsƒ3c‚ÇG'VRÂÆW‡W&–ÖVçFÅ÷V&Æ—6†W%÷7WÆVÖVçBÃã3‚÷3CS“‚Ó#RÓ#ScBÓ ¦¶÷¦Æ÷w6¶•ó##U÷66–VçF–f–5÷&W÷'G2ÆfööE÷v7FU÷F÷'&Vf7F–öåó#C2ÃÃ3sBÃRãSƒ333332ÃbÃ2ãƒ“Sƒ3332Ã3rÇF÷'&Vf7F–öå÷&öGV7BÃ#CÃRãÃ#“’ãsÃC“‚ãsÃ3ƒBã3SS3#SÇG'VRÂÆW‡W&–ÖVçFÅ÷V&Æ—6†W%÷7WÆVÖVçBÃã3‚÷3CS“‚Ó#RÓ#ScBÓ ¦¶÷¦Æ÷w6¶•ó##U÷66–VçF–f–5÷&W÷'G2ÆfööE÷v7FU÷F÷'&Vf7F–öåó#C2Ã"Ã3sBÃRãSƒ333332ÃbÃ2ãƒ“Sƒ3332Ã3rÇF÷'&Vf7F–öå÷&öGV7BÃ#CÃRãÃCrãSÃC“‚ãsÂÓ‚ã3Csƒ#c#ÆfÇ6RÆW†6ÇVFVEög&öÕ÷V&Æ—6†W%öÖVã²–æ6öç6—7FVçE÷&u÷6–væÂÆW‡W&–ÖVçFÅ÷V&Æ—6†W%÷7WÆVÖVçBÃã3‚÷3CS“‚Ó#RÓ#ScBÓ ¦¶÷¦Æ÷w6¶•ó##U÷66–VçF–f–5÷&W÷'G2ÆfööE÷v7FU÷F÷'&Vf7F–öåó#C2Ã2Ã3sBÃRãSƒ333332ÃbÃ2ãƒ“Sƒ3332Ã3rÇF÷'&Vf7F–öå÷&öGV7BÃ#CÃRãÃ###"ã“ÃC“‚ãsÃ3ƒ’ãS“sScrÇG'VRÂÆW‡W&–ÖVçFÅ÷V&Æ—6†W%÷7WÆVÖVçBÃã3‚÷3CS“‚Ó#RÓ#ScBÓ ¦¶÷¦Æ÷w6¶•ó##U÷66–VçF–f–5÷&W÷'G2ÆfööE÷v7FU÷—&öÇ—6—5óc2ÃÃ3sBÃRãSƒ333332ÃbÃ2ãƒ“Sƒ3332Ã3rÆ&–ö6†"ÃcÃRãÃ#“ãSÃC“‚ãsÃ3S’ãcƒcc#rÇG'VRÂÆW‡W&–ÖVçFÅ÷V&Æ—6†W%÷7WÆVÖVçBÃã3‚÷3CS“‚Ó#RÓ#ScBÓ ¦¶÷¦Æ÷w6¶•ó##U÷66–VçF–f–5÷&W÷'G2ÆfööE÷v7FU÷—&öÇ—6—5óc2Ã"Ã3sBÃRãSƒ333332ÃbÃ2ãƒ“Sƒ3332Ã3rÆ&–ö6†"ÃcÃRãÃ#“Rã#ÃC“‚ãsÃ3cãsC#cccƒ’ÇG'VRÂÆW‡W&–ÖVçFÅ÷V&Æ—6†W%÷7WÆVÖVçBÃã3‚÷3CS“‚Ó#RÓ#ScBÓ ¦¶÷¦Æ÷w6¶•ó##U÷66–VçF–f–5÷&W÷'G2ÆfööE÷v7FU÷—&öÇ—6—5óc2Ã2Ã3sBÃRãSƒ333332ÃbÃ2ãƒ“Sƒ3332Ã3rÆ&–ö6†"ÃcÃRãÃƒCRãSÃC“‚ãsÃ3Bã3#ƒCsÆfÇ6RÆW†6ÇVFVEög&öÕ÷V&Æ—6†W%öÖVã²–æ6öç6—7FVçE÷&u÷6–væÂÆW‡W&–ÖVçFÅ÷V&Æ—6†W%÷7WÆVÖVçBÃã3‚÷3CS“‚Ó#RÓ#ScBÓ ¦¶÷¦Æ÷w6¶•ó##U÷66–VçF–f–5÷&W÷'G2ÆfööE÷v7FUö‡–G&ö6†%ó#C2ÃÃ3sBÃRãSƒ333332ÃbÃ2ãƒ“Sƒ3332Ã3rÆ‡–G&ö6†"Ã#CÃRãÃ#SrãcÃC“‚ãsÃ3sBãƒC#CsC#2ÇG'VRÂÆW‡W&–ÖVçFÅ÷V&Æ—6†W%÷7WÆVÖVçBÃã3‚÷3CS“‚Ó#RÓ#ScBÓ ¦¶÷¦Æ÷w6¶•ó##U÷66–VçF–f–5÷&W÷'G2ÆfööE÷v7FUö‡–G&ö6†%ó#C2Ã"Ã3sBÃRãSƒ333332ÃbÃ2ãƒ“Sƒ3332Ã3rÆ‡–G&ö6†"Ã#CÃRãÃ#C‚ã3ÃC“‚ãsÃ3s"ãsCccBÇG'VRÂÆW‡W&–ÖVçFÅ÷V&Æ—6†W%÷7WÆVÖVçBÃã3‚÷3CS“‚Ó#RÓ#ScBÓ ¦¶÷¦Æ÷w6¶•ó##U÷66–VçF–f–5÷&W÷'G2ÆfööE÷v7FUö‡–G&ö6†%ó#C2Ã2Ã3sBÃRãSƒ333332ÃbÃ2ãƒ“Sƒ3332Ã3rÆ‡–G&ö6†"Ã#CÃRãÃ#cbã#ÃC“‚ãsÃ3sbãsƒSsc“ÇG'VRÂÆW‡W&–ÖVçFÅ÷V&Æ—6†W%÷7WÆVÖVçBÃã3‚÷3CS“‚Ó#RÓ#ScBÓ ¦¶÷¦Æ÷w6¶•ó##U÷66–VçF–f–5÷&W÷'G2ÆfööE÷v7FRÃÃ3sRÃRãc#SÃbÃ2ã“c#SÃ3rÆæöæRÂÃãÃ“sãÃC“‚ãƒccccccrÃ33"ãcC“csSRÇG'VRÂÆW‡W&–ÖVçFÅ÷V&Æ—6†W%÷7WÆVÖVçBÃã3‚÷3CS“‚Ó#RÓ#ScBÓ ¦¶÷¦Æ÷w6¶•ó##U÷66–VçF–f–5÷&W÷'G2ÆfööE÷v7FRÃ"Ã3sRÃRãc#SÃbÃ2ã“c#SÃ3rÆæöæRÂÃãÃ#S’ãÃC“‚ãƒccccccrÃ3S"ãS#S3#2ÇG'VRÂÆW‡W&–ÖVçFÅ÷V&Æ—6†W%÷7WÆVÖVçBÃã3‚÷3CS“‚Ó#RÓ#ScBÓ ¦¶÷¦Æ÷w6¶•ó##U÷66–VçF–f–5÷&W÷'G2ÆfööE÷v7FRÃ2Ã3sRÃRãc#SÃbÃ2ã“c#SÃ3rÆæöæRÂÃãÃ#sRãsÃC“‚ãƒccccccrÃ3Sbã#“ƒƒs3bÇG'VRÂÆW‡W&–ÖVçFÅ÷V&Æ—6†W%÷7WÆVÖVçBÃã3‚÷3CS“‚Ó#RÓ#ScBÓ ¦¶÷¦Æ÷w6¶•ó##U÷66–VçF–f–5÷&W÷'G2ÆfööE÷v7FU÷F÷'&Vf7F–öåó#C2ÃÃ3sRÃRãc#SÃbÃ2ã“c#SÃ3rÇF÷'&Vf7F–öå÷&öGV7BÃ#CÃRãÃ##ãSÃC“‚ãƒccccccrÃ3ƒBãC“ƒC3#2ÇG'VRÂÆW‡W&–ÖVçFÅ÷V&Æ—6†W%÷7WÆVÖVçBÃã3‚÷3CS“‚Ó#RÓ#ScBÓ ¦¶÷¦Æ÷w6¶•ó##U÷66–VçF–f–5÷&W÷'G2ÆfööE÷v7FU÷F÷'&Vf7F–öåó#C2Ã"Ã3sRÃRãc#SÃbÃ2ã“c#SÃ3rÇF÷'&Vf7F–öå÷&öGV7BÃ#CÃRãÃCrãcÃC“‚ãƒccccccrÂÓ‚ã3c#ƒ“ÆfÇ6RÆW†6ÇVFVEög&öÕ÷V&Æ—6†W%öÖVã²–æ6öç6—7FVçE÷&u÷6–væÂÆW‡W&–ÖVçFÅ÷V&Æ—6†W%÷7WÆVÖVçBÃã3‚÷3CS“‚Ó#RÓ#ScBÓ ¦¶÷¦Æ÷w6¶•ó##U÷66–VçF–f–5÷&W÷'G2ÆfööE÷v7FU÷F÷'&Vf7F–öåó#C2Ã2Ã3sRÃRãc#SÃbÃ2ã“c#SÃ3rÇF÷'&Vf7F–öå÷&öGV7BÃ#CÃRãÃ###2ãsÃC“‚ãƒccccccrÃ3ƒ’ãsCccƒ’ÇG'VRÂÆW‡W&–ÖVçFÅ÷V&Æ—6†W%÷7WÆVÖVçBÃã3‚÷3CS“‚Ó#RÓ#ScBÓ ¦¶÷¦Æ÷w6¶•ó##U÷66–VçF–f–5÷&W÷'G2ÆfööE÷v7FU÷—&öÇ—6—5óc2ÃÃ3sRÃRãc#SÃbÃ2ã“c#SÃ3rÆ&–ö6†"ÃcÃRãÃ#“ãÃC“‚ãƒccccccrÃ3S’ãssƒSssSÇG'VRÂÆW‡W&–ÖVçFÅ÷V&Æ—6†W%÷7WÆVÖVçBÃã3‚÷3CS“‚Ó#RÓ#ScBÓ ¦¶÷¦Æ÷w6¶•ó##U÷66–VçF–f–5÷&W÷'G2ÆfööE÷v7FU÷—&öÇ—6—5óc2Ã"Ã3sRÃRãc#SÃbÃ2ã“c#SÃ3rÆ&–ö6†"ÃcÃRãÃ#“Rã“ÃC“‚ãƒccccccrÃ3cãƒc3sƒrÇG'VRÂÆW‡W&–ÖVçFÅ÷V&Æ—6†W%÷7WÆVÖVçBÃã3‚÷3CS“‚Ó#RÓ#ScBÓ ¦¶÷¦Æ÷w6¶•ó##U÷66–VçF–f–5÷&W÷'G2ÆfööE÷v7FU÷—&öÇ—6—5óc2Ã2Ã3sRÃRãc#SÃbÃ2ã“c#SÃ3rÆ&–ö6†"ÃcÃRãÃƒCbãÃC“‚ãƒccccccrÃ3BãCƒsSs2ÆfÇ6RÆW†6ÇVFVEög&öÕ÷V&Æ—6†W%öÖVã²–æ6öç6—7FVçE÷&u÷6–væÂÆW‡W&–ÖVçFÅ÷V&Æ—6†W%÷7WÆVÖVçBÃã3‚÷3CS“‚Ó#RÓ#ScBÓ ¦¶÷¦Æ÷w6¶•ó##U÷66–VçF–f–5÷&W÷'G2ÆfööE÷v7FUö‡–G&ö6†%ó#C2ÃÃ3sRÃRãc#SÃbÃ2ã“c#SÃ3rÆ‡–G&ö6†"Ã#CÃRãÃ#S‚ã3ÃC“‚ãƒccccccrÃ3sBã“c#“ƒSCÇG'VRÂÆW‡W&–ÖVçFÅ÷V&Æ—6†W%÷7WÆVÖVçBÃã3‚÷3CS“‚Ó#RÓ#ScBÓ ¦¶÷¦Æ÷w6¶•ó##U÷66–VçF–f–5÷&W÷'G2ÆfööE÷v7FUö‡–G&ö6†%ó#C2Ã"Ã3sRÃRãc#SÃbÃ2ã“c#SÃ3rÆ‡–G&ö6†"Ã#CÃRãÃ#C’ãÃC“‚ãƒccccccrÃ3s"ãƒcSsƒÇG'VRÂÆW‡W&–ÖVçFÅ÷V&Æ—6†W%÷7WÆVÖVçBÃã3‚÷3CS“‚Ó#RÓ#ScBÓ ¦¶÷¦Æ÷w6¶•ó##U÷66–VçF–f–5÷&W÷'G2ÆfööE÷v7FUö‡–G&ö6†%ó#C2Ã2Ã3sRÃRãc#SÃbÃ2ã“c#SÃ3rÆ‡–G&ö6†"Ã#CÃRãÃ#cbã“ÃC“‚ãƒccccccrÃ3sbã“c##ƒ‚ÇG'VRÂÆW‡W&–ÖVçFÅ÷V&Æ—6†W%÷7WÆVÖVçBÃã3‚÷3CS“‚Ó#RÓ#ScBÓ ¦¶÷¦Æ÷w6¶•ó##U÷66–VçF–f–5÷&W÷'G2ÆfööE÷v7FRÃÃ3sbÃRãcccccccrÃbÃ2ã“cccccrÃ3rÆæöæRÂÃãÃ“sãSÃC“’ã3333332Ã33"ãsc#ƒs2ÇG'VRÂÆW‡W&–ÖVçFÅ÷V&Æ—6†W%÷7WÆVÖVçBÃã3‚÷3CS“‚Ó#RÓ#ScBÓ ¦¶÷¦Æ÷w6¶•ó##U÷66–VçF–f–5÷&W÷'G2ÆfööE÷v7FRÃ"Ã3sbÃRãcccccccrÃbÃ2ã“cccccrÃ3rÆæöæRÂÃãÃ#S’ãcÃC“’ã3333332Ã3S"ãc#3##cSbÇG'VRÂÆW‡W&–ÖVçFÅ÷V&Æ—6†W%÷7WÆVÖVçBÃã3‚÷3CS“‚Ó#RÓ#ScBÓ ¦¶÷¦Æ÷w6¶•ó##U÷66–VçF–f–5÷&W÷'G2ÆfööE÷v7FRÃ2Ã3sbÃRãcccccccrÃbÃ2ã“cccccrÃ3rÆæöæRÂÃãÃ#sbã3ÃC“’ã3333332Ã3Sbã3“cs3#c’ÇG'VRÂÆW‡W&–ÖVçFÅ÷V&Æ—6†W%÷7WÆVÖVçBÃã3‚÷3CS“‚Ó#RÓ#ScBÓ ¦¶÷¦Æ÷w6¶•ó##U÷66–VçF–f–5÷&W÷'G2ÆfööE÷v7FU÷F÷'&Vf7F–öåó#C2ÃÃ3sbÃRãcccccccrÃbÃ2ã“cccccrÃ3rÇF÷'&Vf7F–öå÷&öGV7BÃ#CÃRãÃ##ã#ÃC“’ã3333332Ã3ƒBãcƒ“C3#ÇG'VRÂÆW‡W&–ÖVçFÅ÷V&Æ—6†W%÷7WÆVÖVçBÃã3‚÷3CS“‚Ó#RÓ#ScBÓ ¦¶÷¦Æ÷w6¶•ó##U÷66–VçF–f–5÷&W÷'G2ÆfööE÷v7FU÷F÷'&Vf7F–öåó#C2Ã"Ã3sbÃRãcccccccrÃbÃ2ã“cccccrÃ3rÇF÷'&Vf7F–öå÷&öGV7BÃ#CÃRãÃCrãcÃC“’ã3333332ÂÓ‚ãCSC“ƒRÆfÇ6RÆW†6ÇVFVEög&öÕ÷V&Æ—6†W%öÖVã²–æ6öç6—7FVçE÷&u÷6–væÂÆW‡W&–ÖVçFÅ÷V&Æ—6†W%÷7WÆVÖVçBÃã3‚÷3CS“‚Ó#RÓ#ScBÓ ¦¶÷¦Æ÷w6¶•ó##U÷66–VçF–f–5÷&W÷'G2ÆfööE÷v7FU÷F÷'&Vf7F–öåó#C2Ã2Ã3sbÃRãcccccccrÃbÃ2ã“cccccrÃ3rÇF÷'&Vf7F–öå÷&öGV7BÃ#CÃRãÃ###BãSÃC“’ã3333332Ã3ƒ’ãƒƒ3ssSÇG'VRÂÆW‡W&–ÖVçFÅ÷V&Æ—6†W%÷7WÆVÖVçBÃã3‚÷3CS“‚Ó#RÓ#ScBÓ ¦¶÷¦Æ÷w6¶•ó##U÷66–VçF–f–5÷&W÷'G2ÆfööE÷v7FU÷—&öÇ—6—5óc2ÃÃ3sbÃRãcccccccrÃbÃ2ã“cccccrÃ3rÆ&–ö6†"ÃcÃRãÃ#“ãcÃC“’ã3333332Ã3S’ãƒS3ƒ“c“’ÇG'VRÂÆW‡W&–ÖVçFÅ÷V&Æ—6†W%÷7WÆVÖVçBÃã3‚÷3CS“‚Ó#RÓ#ScBÓ ¦¶÷¦Æ÷w6¶•ó##U÷66–VçF–f–5÷&W÷'G2ÆfööE÷v7FU÷—&öÇ—6—5óc2Ã"Ã3sbÃRãcccccccrÃbÃ2ã“cccccrÃ3rÆ&–ö6†"ÃcÃRãÃ#“bãSÃC“’ã3333332Ã3cã“c“33’ÇG'VRÂÆW‡W&–ÖVçFÅ÷V&Æ—6†W%÷7WÆVÖVçBÃã3‚÷3CS“‚Ó#RÓ#ScBÓ ¦¶÷¦Æ÷w6¶•ó##U÷66–VçF–f–5÷&W÷'G2ÆfööE÷v7FU÷—&öÇ—6—5óc2Ã2Ã3sbÃRãcccccccrÃbÃ2ã“cccccrÃ3rÆ&–ö6†"ÃcÃRãÃƒCbãƒÃC“’ã3333332Ã3BãS3“#cƒ#ÆfÇ6RÆW†6ÇVFVEög&öÕ÷V&Æ—6†W%öÖVã²–æ6öç6—7FVçE÷&u÷6–væÂÆW‡W&–ÖVçFÅ÷V&Æ—6†W%÷7WÆVÖVçBÃã3‚÷3CS“‚Ó#RÓ#ScBÓ ¦¶÷¦Æ÷w6¶•ó##U÷66–VçF–f–5÷&W÷'G2ÆfööE÷v7FUö‡–G&ö6†%ó#C2ÃÃ3sbÃRãcccccccrÃbÃ2ã“cccccrÃ3rÆ‡–G&ö6†"Ã#CÃRãÃ#S’ãÃC“’ã3333332Ã3sRãƒ3C“cS‚ÇG'VRÂÆW‡W&–ÖVçFÅ÷V&Æ—6†W%÷7WÆVÖVçBÃã3‚÷3CS“‚Ó#RÓ#ScBÓ ¦¶÷¦Æ÷w6¶•ó##U÷66–VçF–f–5÷&W÷'G2ÆfööE÷v7FUö‡–G&ö6†%ó#C2Ã"Ã3sbÃRãcccccccrÃbÃ2ã“cccccrÃ3rÆ‡–G&ö6†"Ã#CÃRãÃ#C’ãƒÃC“’ã3333332Ã3s2ãCcsƒƒ2ÇG'VRÂÆW‡W&–ÖVçFÅ÷V&Æ—6†W%÷7WÆVÖVçBÃã3‚÷3CS“‚Ó#RÓ#ScBÓ ¦¶÷¦Æ÷w6¶•ó##U÷66–VçF–f–5÷&W÷'G2ÆfööE÷v7FUö‡–G&ö6†%ó#C2Ã2Ã3sbÃRãcccccccrÃbÃ2ã“cccccrÃ3rÆ‡–G&ö6†"Ã#CÃRãÃ#crãcÃC“’ã3333332Ã3srã#cs3“#bÇG'VRÂÆW‡W&–ÖVçFÅ÷V&Æ—6†W%÷7WÆVÖVçBÃã3‚÷3CS“‚Ó#RÓ#ScBÓ ¦¶÷¦Æ÷w6¶•ó##U÷66–VçF–f–5÷&W÷'G2ÆfööE÷v7FRÃÃ3srÃRãsƒ33332ÃbÃ2ã“#sƒ332Ã3rÆæöæRÂÃãÃ“s"ãÃC“’ã#Ã33"ãs“ccSÇG'VRÂÆW‡W&–ÖVçFÅ÷V&Æ—6†W%÷7WÆVÖVçBÃã3‚÷3CS“‚Ó#RÓ#ScBÓ ¦¶÷¦Æ÷w6¶•ó##U÷66–VçF–f–5÷&W÷'G2ÆfööE÷v7FRÃ"Ã3srÃRãsƒ33332ÃbÃ2ã“#sƒ332Ã3rÆæöæRÂÃãÃ#cã#ÃC“’ã#Ã3S"ãs#Cƒ‚ÇG'VRÂÆW‡W&–ÖVçFÅ÷V&Æ—6†W%÷7WÆVÖVçBÃã3‚÷3CS“‚Ó#RÓ#ScBÓ ¦¶÷¦Æ÷w6¶•ó##U÷66–VçF–f–5÷&W÷'G2ÆfööE÷v7FRÃ2Ã3srÃRãsƒ33332ÃbÃ2ã“#sƒ332Ã3rÆæöæRÂÃãÃ#srãÃC“’ã#Ã3SbãSs#C3ƒbÇG'VRÂÆW‡W&–ÖVçFÅ÷V&Æ—6†W%÷7WÆVÖVçBÃã3‚÷3CS“‚Ó#RÓ#ScBÓ ¦¶÷¦Æ÷w6¶•ó##U÷66–VçF–f–5÷&W÷'G2ÆfööE÷v7FU÷F÷'&Vf7F–öåó#C2ÃÃ3srÃRãsƒ33332ÃbÃ2ã“#sƒ332Ã3rÇF÷'&Vf7F–öå÷&öGV7BÃ#CÃRãÃ##"ãÃC“’ã#Ã3ƒBãsc#S#2ÇG'VRÂÆW‡W&–ÖVçFÅ÷V&Æ—6†W%÷7WÆVÖVçBÃã3‚÷3CS“‚Ó#RÓ#ScBÓ ¦¶÷¦Æ÷w6¶•ó##U÷66–VçF–f–5÷&W÷'G2ÆfööE÷v7FU÷F÷'&Vf7F–öåó#C2Ã"Ã3srÃRãsƒ33332ÃbÃ2ã“#sƒ332Ã3rÇF÷'&Vf7F–öå÷&öGV7BÃ#CÃRãÃCrãsÃC“’ã#ÂÓ‚ãCSc3sRÆfÇ6RÆW†6ÇVFVEög&öÕ÷V&Æ—6†W%öÖVã²–æ6öç6—7FVçE÷&u÷6–væÂÆW‡W&–ÖVçFÅ÷V&Æ—6†W%÷7WÆVÖVçBÃã3‚÷3CS“‚Ó#RÓ#ScBÓ ¦¶÷¦Æ÷w6¶•ó##U÷66–VçF–f–5÷&W÷'G2ÆfööE÷v7FU÷F÷'&Vf7F–öåó#C2Ã2Ã3srÃRãsƒ33332ÃbÃ2ã“#sƒ332Ã3rÇF÷'&Vf7F–öå÷&öGV7BÃ#CÃRãÃ###Rã3ÃC“’ã#Ã3“ã#cƒƒ#2ÇG'VRÂÆW‡W&–ÖVçFÅ÷V&Æ—6†W%÷7WÆVÖVçBÃã3‚÷3CS“‚Ó#RÓ#ScBÓ ¦¶÷¦Æ÷w6¶•ó##U÷66–VçF–f–5÷&W÷'G2ÆfööE÷v7FU÷—&öÇ—6—5óc2ÃÃ3srÃRãsƒ33332ÃbÃ2ã“#sƒ332Ã3rÆ&–ö6†"ÃcÃRãÃ#“"ã#ÃC“’ã#Ã3S’ã“Sƒ#3ÇG'VRÂÆW‡W&–ÖVçFÅ÷V&Æ—6†W%÷7WÆVÖVçBÃã3‚÷3CS“‚Ó#RÓ#ScBÓ ¦¶÷¦Æ÷w6¶•ó##U÷66–VçF–f–5÷&W÷'G2ÆfööE÷v7FU÷—&öÇ—6—5óc2Ã"Ã3srÃRãsƒ33332ÃbÃ2ã“#sƒ332Ã3rÆ&–ö6†"ÃcÃRãÃ#“rã#ÃC“’ã#Ã3cãƒcCSrÇG'VRÂÆW‡W&–ÖVçFÅ÷V&Æ—6†W%÷7WÆVÖVçBÃã3‚÷3CS“‚Ó#RÓ#ScBÓ ¦¶÷¦Æ÷w6¶•ó##U÷66–VçF–f–5÷&W÷'G2ÆfööE÷v7FU÷—&öÇ—6—5óc2Ã2Ã3srÃRãsƒ33332ÃbÃ2ã“#sƒ332Ã3rÆ&–ö6†"ÃcÃRãÃƒCrãSÃC“’ã#Ã3BãcS“ss“3rÆfÇ6RÆW†6ÇVFVEög&öÕ÷V&Æ—6†W%öÖVã²–æ6öç6—7FVçE÷&u÷6–væÂÆW‡W&–ÖVçFÅ÷V&Æ—6†W%÷7WÆVÖVçBÃã3‚÷3CS“‚Ó#RÓ#ScBÓ ¦¶÷¦Æ÷w6¶•ó##U÷66–VçF–f–5÷&W÷'G2ÆfööE÷v7FUö‡–G&ö6†%ó#C2ÃÃ3srÃRãsƒ33332ÃbÃ2ã“#sƒ332Ã3rÆ‡–G&ö6†"Ã#CÃRãÃ#S’ãsÃC“’ã#Ã3sRã#CssRÇG'VRÂÆW‡W&–ÖVçFÅ÷V&Æ—6†W%÷7WÆVÖVçBÃã3‚÷3CS“‚Ó#RÓ#ScBÓ ¦¶÷¦Æ÷w6¶•ó##U÷66–VçF–f–5÷&W÷'G2ÆfööE÷v7FUö‡–G&ö6†%ó#C2Ã"Ã3srÃRãsƒ33332ÃbÃ2ã“#sƒ332Ã3rÆ‡–G&ö6†"Ã#CÃRãÃ#SãSÃC“’ã#Ã3s2ã#S“ÇG'VRÂÆW‡W&–ÖVçFÅ÷V&Æ—6†W%÷7WÆVÖVçBÃã3‚÷3CS“‚Ó#RÓ#ScBÓ ¦¶÷¦Æ÷w6¶•ó##U÷66–VçF–f–5÷&W÷'G2ÆfööE÷v7FUö‡–G&ö6†%ó#C2Ã2Ã3srÃRãsƒ33332ÃbÃ2ã“#sƒ332Ã3rÆ‡–G&ö6†"Ã#CÃRãÃ#c‚ã3ÃC“’ã#Ã3srãCs#SC2ÇG'VRÂÆW‡W&–ÖVçFÅ÷V&Æ—6†W%÷7WÆVÖVçBÃã3‚÷3CS“‚Ó#RÓ#ScBÓ ¦¶÷¦Æ÷w6¶•ó##U÷66–VçF–f–5÷&W÷'G2ÆfööE÷v7FRÃÃ3s‚ÃRãsSÃbÃ2ã“3sSÃ3rÆæöæRÂÃãÃ“s"ãSÃC“’ãC3333332Ã33"ãƒSƒc#ÇG'VRÂÆW‡W&–ÖVçFÅ÷V&Æ—6†W%÷7WÆVÖVçBÃã3‚÷3CS“‚Ó#RÓ#ScBÓ ¦¶÷¦Æ÷w6¶•ó##U÷66–VçF–f–5÷&W÷'G2ÆfööE÷v7FRÃ"Ã3s‚ÃRãsSÃbÃ2ã“3sSÃ3rÆæöæRÂÃãÃ#cãƒÃC“’ãC3333332Ã3S"ãƒ3““33"ÇG'VRÂÆW‡W&–ÖVçFÅ÷V&Æ—6†W%÷7WÆVÖVçBÃã3‚÷3CS“‚Ó#RÓ#ScBÓ ¦¶÷¦Æ÷w6¶•ó##U÷66–VçF–f–5÷&W÷'G2ÆfööE÷v7FRÃ2Ã3s‚ÃRãsSÃbÃ2ã“3sSÃ3rÆæöæRÂÃãÃ#srãcÃC“’ãC3333332Ã3Sbãc“S#’ÇG'VRÂÆW‡W&–ÖVçFÅ÷V&Æ—6†W%÷7WÆVÖVçBÃã3‚÷3CS“‚Ó#RÓ#ScBÓ ¦¶÷¦Æ÷w6¶•ó##U÷66–VçF–f–5÷&W÷'G2ÆfööE÷v7FU÷F÷'&Vf7F–öåó#C2ÃÃ3s‚ÃRãsSÃbÃ2ã“3sSÃ3rÇF÷'&Vf7F–öå÷&öGV7BÃ#CÃRãÃ##"ãƒÃC“’ãC3333332Ã3ƒBãƒ““33RÇG'VRÂÆW‡W&–ÖVçFÅ÷V&Æ—6†W%÷7WÆVÖVçBÃã3‚÷3CS“‚Ó#RÓ#ScBÓ ¦¶÷¦Æ÷w6¶•ó##U÷66–VçF–f–5÷&W÷'G2ÆfööE÷v7FU÷F÷'&Vf7F–öåó#C2Ã"Ã3s‚ÃRãsSÃbÃ2ã“3sSÃ3rÇF÷'&Vf7F–öå÷&öGV7BÃ#CÃRãÃCrãsÃC“’ãC3333332ÂÓ‚ãCcƒ33s3’ÆfÇ6RÆW†6ÇVFVEög&öÕ÷V&Æ—6†W%öÖVã²–æ6öç6—7FVçE÷&u÷6–væÂÆW‡W&–ÖVçFÅ÷V&Æ—6†W%÷7WÆVÖVçBÃã3‚÷3CS“‚Ó#RÓ#ScBÓ ¦¶÷¦Æ÷w6¶•ó##U÷66–VçF–f–5÷&W÷'G2ÆfööE÷v7FU÷F÷'&Vf7F–öåó#C2Ã2Ã3s‚ÃRãsSÃbÃ2ã“3sSÃ3rÇF÷'&Vf7F–öå÷&öGV7BÃ#CÃRãÃ###bãÃC“’ãC3333332Ã3“ãSC“#S#RÇG'VRÂÆW‡W&–ÖVçFÅ÷V&Æ—6†W%÷7WÆVÖVçBÃã3‚÷3CS“‚Ó#RÓ#ScBÓ ¦¶÷¦Æ÷w6¶•ó##U÷66–VçF–f–5÷&W÷'G2ÆfööE÷v7FU÷—&öÇ—6—5óc2ÃÃ3s‚ÃRãsSÃbÃ2ã“3sSÃ3rÆ&–ö6†"ÃcÃRãÃ#“"ãƒÃC“’ãC3333332Ã3cã3Ccc3sRÇG'VRÂÆW‡W&–ÖVçFÅ÷V&Æ—6†W%÷7WÆVÖVçBÃã3‚÷3CS“‚Ó#RÓ#ScBÓ ¦¶÷¦Æ÷w6¶•ó##U÷66–VçF–f–5÷&W÷'G2ÆfööE÷v7FU÷—&öÇ—6—5óc2Ã"Ã3s‚ÃRãsSÃbÃ2ã“3sSÃ3rÆ&–ö6†"ÃcÃRãÃ#“rãƒÃC“’ãC3333332Ã3cãcCCScÇG'VRÂÆW‡W&–ÖVçFÅ÷V&Æ—6†W%÷7WÆVÖVçBÃã3‚÷3CS“‚Ó#RÓ#ScBÓ ¦¶÷¦Æ÷w6¶•ó##U÷66–VçF–f–5÷&W÷'G2ÆfööE÷v7FU÷—&öÇ—6—5óc2Ã2Ã3s‚ÃRãsSÃbÃ2ã“3sSÃ3rÆ&–ö6†"ÃcÃRãÃƒC‚ãÃC“’ãC3333332Ã3BãsC#c3ƒÆfÇ6RÆW†6ÇVFVEög&öÕ÷V&Æ—6†W%öÖVã²–æ6öç6—7FVçE÷&u÷6–væÂÆW‡W&–ÖVçFÅ÷V&Æ—6†W%÷7WÆVÖVçBÃã3‚÷3CS“‚Ó#RÓ#ScBÓ ¦¶÷¦Æ÷w6¶•ó##U÷66–VçF–f–5÷&W÷'G2ÆfööE÷v7FUö‡–G&ö6†%ó#C2ÃÃ3s‚ÃRãsSÃbÃ2ã“3sSÃ3rÆ‡–G&ö6†"Ã#CÃRãÃ#cãCÃC“’ãC3333332Ã3sRã3“CSS2ÇG'VRÂÆW‡W&–ÖVçFÅ÷V&Æ—6†W%÷7WÆVÖVçBÃã3‚÷3CS“‚Ó#RÓ#ScBÓ ¦¶÷¦Æ÷w6¶•ó##U÷66–VçF–f–5÷&W÷'G2ÆfööE÷v7FUö‡–G&ö6†%ó#C2Ã"Ã3s‚ÃRãsSÃbÃ2ã“3sSÃ3rÆ‡–G&ö6†"Ã#CÃRãÃ#Sã3ÃC“’ãC3333332Ã3s2ã#S3#33"ÇG'VRÂÆW‡W&–ÖVçFÅ÷V&Æ—6†W%÷7WÆVÖVçBÃã3‚÷3CS“‚Ó#RÓ#ScBÓ ¦¶÷¦Æ÷w6¶•ó##U÷66–VçF–f–5÷&W÷'G2ÆfööE÷v7FUö‡–G&ö6†%ó#C2Ã2Ã3s‚ÃRãsSÃbÃ2ã“3sSÃ3rÆ‡–G&ö6†"Ã#CÃRãÃ#c’ãÃC“’ãC3333332Ã3srã#S#c“ssÇG'VRÂÆW‡W&–ÖVçFÅ÷V&Æ—6†W%÷7WÆVÖVçBÃã3‚÷3CS“‚Ó#RÓ#ScBÓ ¦¶÷¦Æ÷w6¶•ó##U÷66–VçF–f–5÷&W÷'G2ÆfööE÷v7FRÃÃ3s’ÃRãs“ccccrÃbÃ2ã“Cs“ccrÃ3rÆæöæRÂÃãÃ“s2ãÃC“’ãcÃ33"ã“#sƒS‚ÇG'VRÂÆW‡W&–ÖVçFÅ÷V&Æ—6†W%÷7WÆVÖVçBÃã3‚÷3CS“‚Ó#RÓ#ScBÓ ¦¶÷¦Æ÷w6¶•ó##U÷66–VçF–f–5÷&W÷'G2ÆfööE÷v7FRÃ"Ã3s’ÃRãs“ccccrÃbÃ2ã“Cs“ccrÃ3rÆæöæRÂÃãÃ#cãCÃC“’ãcÃ3S"ã““ƒcRÇG'VRÂÆW‡W&–ÖVçFÅ÷V&Æ—6†W%÷7WÆVÖVçBÃã3‚÷3CS“‚Ó#RÓ#ScBÓ ¦¶÷¦Æ÷w6¶•ó##U÷66–VçF–f–5÷&W÷'G2ÆfööE÷v7FRÃ2Ã3s’ÃRãs“ccccrÃbÃ2ã“Cs“ccrÃ3rÆæöæRÂÃãÃ#s‚ã3ÃC“’ãcÃ3Sbãs#ccCrÇG'VRÂÆW‡W&–ÖVçFÅ÷V&Æ—6†W%÷7WÆVÖVçBÃã3‚÷3CS“‚Ó#RÓ#ScBÓ ¦¶÷¦Æ÷w6¶•ó##U÷66–VçF–f–5÷&W÷'G2ÆfööE÷v7FU÷F÷'&Vf7F–öåó#C2ÃÃ3s’ÃRãs“ccccrÃbÃ2ã“Cs“ccrÃ3rÇF÷'&Vf7F–öå÷&öGV7BÃ#CÃRãÃ##2ãSÃC“’ãcÃ3ƒRãcCS"ÇG'VRÂÆW‡W&–ÖVçFÅ÷V&Æ—6†W%÷7WÆVÖVçBÃã3‚÷3CS“‚Ó#RÓ#ScBÓ ¦¶÷¦Æ÷w6¶•ó##U÷66–VçF–f–5÷&W÷'G2ÆfööE÷v7FU÷F÷'&Vf7F–öåó#C2Ã"Ã3s’ÃRãs“ccccrÃbÃ2ã“Cs“ccrÃ3rÇF÷'&Vf7F–öå÷&öGV7BÃ#CÃRãÃCrãƒÃC“’ãcÂÓ‚ãCƒ3C#’ÆfÇ6RÆW†6ÇVFVEög&öÕ÷V&Æ—6†W%öÖVã²–æ6öç6—7FVçE÷&u÷6–væÂÆW‡W&–ÖVçFÅ÷V&Æ—6†W%÷7WÆVÖVçBÃã3‚÷3CS“‚Ó#RÓ#ScBÓ ¦¶÷¦Æ÷w6¶•ó##U÷66–VçF–f–5÷&W÷'G2ÆfööE÷v7FU÷F÷'&Vf7F–öåó#C2Ã2Ã3s’ÃRãs“ccccrÃbÃ2ã“Cs“ccrÃ3rÇF÷'&Vf7F–öå÷&öGV7BÃ#CÃRãÃ###bãƒÃC“’ãcÃ3“ã#sSC3cC2ÇG'VRÂÆW‡W&–ÖVçFÅ÷V&Æ—6†W%÷7WÆVÖVçBÃã3‚÷3CS“‚Ó#RÓ#ScBÓ ¦¶÷¦Æ÷w6¶•ó##U÷66–VçF–f–5÷&W÷'G2ÆfööE÷v7FU÷—&öÇ—6—5óc2ÃÃ3s’ÃRãs“ccccrÃbÃ2ã“Cs“ccrÃ3rÆ&–ö6†"ÃcÃRãÃ#“2ãSÃC“’ãcÃ3cãSSsC“"ÇG'VRÂÆW‡W&–ÖVçFÅ÷V&Æ—6†W%÷7WÆVÖVçBÃã3‚÷3CS“‚Ó#RÓ#ScBÓ ¦¶÷¦Æ÷w6¶•ó##U÷66–VçF–f–5÷&W÷'G2ÆfööE÷v7FU÷—&öÇ—6—5óc2Ã"Ã3s’ÃRãs“ccccrÃbÃ2ã“Cs“ccrÃ3rÆ&–ö6†"ÃcÃRãÃ#“‚ãSÃC“’ãcÃ3cã#ƒC“csrÇG'VRÂÆW‡W&–ÖVçFÅ÷V&Æ—6†W%÷7WÆVÖVçBÃã3‚÷3CS“‚Ó#RÓ#ScBÓ ¦¶÷¦Æ÷w6¶•ó##U÷66–VçF–f–5÷&W÷'G2ÆfööE÷v7FU÷—&öÇ—6—5óc2Ã2Ã3s’ÃRãs“ccccrÃbÃ2ã“Cs“ccrÃ3rÆ&–ö6†"ÃcÃRãÃƒC‚ãƒÃC“’ãcÃ3Bãƒc3C“‚ÆfÇ6RÆW†6ÇVFVEög&öÕ÷V&Æ—6†W%öÖVã²–æ6öç6—7FVçE÷&u÷6–væÂÆW‡W&–ÖVçFÅ÷V&Æ—6†W%÷7WÆVÖVçBÃã3‚÷3CS“‚Ó#RÓ#ScBÓ ¦¶÷¦Æ÷w6¶•ó##U÷66–VçF–f–5÷&W÷'G2ÆfööE÷v7FUö‡–G&ö6†%ó#C2ÃÃ3s’ÃRãs“ccccrÃbÃ2ã“Cs“ccrÃ3rÆ‡–G&ö6†"Ã#CÃRãÃ#cãÃC“’ãcÃ3sRãC#““cc#ÇG'VRÂÆW‡W&–ÖVçFÅ÷V&Æ—6†W%÷7WÆVÖVçBÃã3‚÷3CS“‚Ó#RÓ#ScBÓ ¦¶÷¦Æ÷w6¶•ó##U÷66–VçF–f–5÷&W÷'G2ÆfööE÷v7FUö‡–G&ö6†%ó#C2Ã"Ã3s’ÃRãs“ccccrÃbÃ2ã“Cs“ccrÃ3rÆ‡–G&ö6†"Ã#CÃRãÃ#S"ãÃC“’ãcÃ3s2ã3“c3CBÇG'VRÂÆW‡W&–ÖVçFÅ÷V&Æ—6†W%÷7WÆVÖVçBÃã3‚÷3CS“‚Ó#RÓ#ScBÓ ¦¶÷¦Æ÷w6¶•ó##U÷66–VçF–f–5÷&W÷'G2ÆfööE÷v7FUö‡–G&ö6†%ó#C2Ã2Ã3s’ÃRãs“ccccrÃbÃ2ã“Cs“ccrÃ3rÆ‡–G&ö6†"Ã#CÃRãÃ#c’ãsÃC“’ãcÃ3srã3s3#ƒƒ‚ÇG'VRÂÆW‡W&–ÖVçFÅ÷V&Æ—6†W%÷7WÆVÖVçBÃã3‚÷3CS“‚Ó#RÓ#ScBÓ ¦¶÷¦Æ÷w6¶•ó##U÷66–VçF–f–5÷&W÷'G2ÆfööE÷v7FRÃÃ3ƒÃRãƒ3333332ÃbÃ2ã“Sƒ33332Ã3rÆæöæRÂÃãÃ“s2ãSÃC“’ãs3333332Ã332ã33"ÇG'VRÂÆW‡W&–ÖVçFÅ÷V&Æ—6†W%÷7WÆVÖVçBÃã3‚÷3CS“‚Ó#RÓ#ScBÓ ¦¶÷¦Æ÷w6¶•ó##U÷66–VçF–f–5÷&W÷'G2ÆfööE÷v7FRÃ"Ã3ƒÃRãƒ3333332ÃbÃ2ã“Sƒ33332Ã3rÆæöæRÂÃãÃ#c"ãÃC“’ãs3333332Ã3S2ãs3SS“"ÇG'VRÂÆW‡W&–ÖVçFÅ÷V&Æ—6†W%÷7WÆVÖVçBÃã3‚÷3CS“‚Ó#RÓ#ScBÓ ¦¶÷¦Æ÷w6¶•ó##U÷66–VçF–f–5÷&W÷'G2ÆfööE÷v7FRÃ2Ã3ƒÃRãƒ3333332ÃbÃ2ã“Sƒ33332Ã3rÆæöæRÂÃãÃ#s‚ã“ÃC“’ãs3333332Ã3Sbãƒ#cS3sBÇG'VRÂÆW‡W&–ÖVçFÅ÷V&Æ—6†W%÷7WÆVÖVçBÃã3‚÷3CS“‚Ó#RÓ#ScBÓ ¦¶÷¦Æ÷w6¶•ó##U÷66–VçF–f–5÷&W÷'G2ÆfööE÷v7FU÷F÷'&Vf7F–öåó#C2ÃÃ3ƒÃRãƒ3333332ÃbÃ2ã“Sƒ33332Ã3rÇF÷'&Vf7F–öå÷&öGV7BÃ#CÃRãÃ##Bã3ÃC“’ãs3333332Ã3ƒRãc#C3C’ÇG'VRÂÆW‡W&–ÖVçFÅ÷V&Æ—6†W%÷7WÆVÖVçBÃã3‚÷3CS“‚Ó#RÓ#ScBÓ ¦¶÷¦Æ÷w6¶•ó##U÷66–VçF–f–5÷&W÷'G2ÆfööE÷v7FU÷F÷'&Vf7F–öåó#C2Ã"Ã3ƒÃRãƒ3333332ÃbÃ2ã“Sƒ33332Ã3rÇF÷'&Vf7F–öå÷&öGV7BÃ#CÃRãÃCrãƒÃC“’ãs3333332ÂÓ‚ãS3S#“‚ÆfÇ6RÆW†6ÇVFVEög&öÕ÷V&Æ—6†W%öÖVã²–æ6öç6—7FVçE÷&u÷6–væÂÆW‡W&–ÖVçFÅ÷V&Æ—6†W%÷7WÆVÖVçBÃã3‚÷3CS“‚Ó#RÓ#ScBÓ ¦¶÷¦Æ÷w6¶•ó##U÷66–VçF–f–5÷&W÷'G2ÆfööE÷v7FU÷F÷'&Vf7F–öåó#C2Ã2Ã3ƒÃRãƒ3333332ÃbÃ2ã“Sƒ33332Ã3rÇF÷'&Vf7F–öå÷&öGV7BÃ#CÃRãÃ###rãcÃC“’ãs3333332Ã3“ãC#csS3’ÇG'VRÂÆW‡W&–ÖVçFÅ÷V&Æ—6†W%÷7WÆVÖVçBÃã3‚÷3CS“‚Ó#RÓ#ScBÓ ¦¶÷¦Æ÷w6¶•ó##U÷66–VçF–f–5÷&W÷'G2ÆfööE÷v7FU÷—&öÇ—6—5óc2ÃÃ3ƒÃRãƒ3333332ÃbÃ2ã“Sƒ33332Ã3rÆ&–ö6†"ÃcÃRãÃ#“Bã#ÃC“’ãs3333332Ã3cã#ƒ3#ƒBÇG'VRÂÆW‡W&–ÖVçFÅ÷V&Æ—6†W%÷7WÆVÖVçBÃã3‚÷3CS“‚Ó#RÓ#ScBÓ ¦¶÷¦Æ÷w6¶•ó##U÷66–VçF–f–5÷&W÷'G2ÆfööE÷v7FU÷—&öÇ—6—5óc2Ã"Ã3ƒÃRãƒ3333332ÃbÃ2ã“Sƒ33332Ã3rÆ&–ö6†"ÃcÃRãÃ#“’ãÃC“’ãs3333332Ã3cã3“CCCRÇG'VRÂÆW‡W&–ÖVçFÅ÷V&Æ—6†W%÷7WÆVÖVçBÃã3‚÷3CS“‚Ó#RÓ#ScBÓ ¦¶÷¦Æ÷w6¶•ó##U÷66–VçF–f–5÷&W÷'G2ÆfööE÷v7FU÷—&öÇ—6—5óc2Ã2Ã3ƒÃRãƒ3333332ÃbÃ2ã“Sƒ33332Ã3rÆ&–ö6†"ÃcÃRãÃƒC’ãCÃC“’ãs3333332Ã3Bã“cƒSƒ“#bÆfÇ6RÆW†6ÇVFVEög&öÕ÷V&Æ—6†W%öÖVã²–æ6öç6—7FVçE÷&u÷6–væÂÆW‡W&–ÖVçFÅ÷V&Æ—6†W%÷7WÆVÖVçBÃã3‚÷3CS“‚Ó#RÓ#ScBÓ ¦¶÷¦Æ÷w6¶•ó##U÷66–VçF–f–5÷&W÷'G2ÆfööE÷v7FUö‡–G&ö6†%ó#C2ÃÃ3ƒÃRãƒ3333332ÃbÃ2ã“Sƒ33332Ã3rÆ‡–G&ö6†"Ã#CÃRãÃ#cãƒÃC“’ãs3333332Ã3sRãSSƒ“3"ÇG'VRÂÆW‡W&–ÖVçFÅ÷V&Æ—6†W%÷7WÆVÖVçBÃã3‚÷3CS“‚Ó#RÓ#ScBÓ ¦¶÷¦Æ÷w6¶•ó##U÷66–VçF–f–5÷&W÷'G2ÆfööE÷v7FUö‡–G&ö6†%ó#C2Ã"Ã3ƒÃRãƒ3333332ÃbÃ2ã“Sƒ33332Ã3rÆ‡–G&ö6†"Ã#CÃRãÃ#S"ãƒÃC“’ãs3333332Ã3s2ãS#C3ƒ3#rÇG'VRÂÆW‡W&–ÖVçFÅ÷V&Æ—6†W%÷7WÆVÖVçBÃã3‚÷3CS“‚Ó#RÓ#ScBÓ ¦¶÷¦Æ÷w6¶•ó##U÷66–VçF–f–5÷&W÷'G2ÆfööE÷v7FUö‡–G&ö6†%ó#C2Ã2Ã3ƒÃRãƒ3333332ÃbÃ2ã“Sƒ33332Ã3rÆ‡–G&ö6†"Ã#CÃRãÃ#sãCÃC“’ãs3333332Ã3srãS#S#ÇG'VRÂÆW‡W&–ÖVçFÅ÷V&Æ—6†W%÷7WÆVÖVçBÃã3‚÷3CS“‚Ó#RÓ#ScBÓ ¦¶÷¦Æ÷w6¶•ó##U÷66–VçF–f–5÷&W÷'G2ÆfööE÷v7FRÃÃ3ƒÃRãƒsSÃbÃ2ã“cƒsSÃ3rÆæöæRÂÃãÃ“sBã#ÃC“’ãƒccccccrÃ332ã3ƒscBÇG'VRÂÆW‡W&–ÖVçFÅ÷V&Æ—6†W%÷7WÆVÖVçBÃã3‚÷3CS“‚Ó#RÓ#ScBÓ ¦¶÷¦Æ÷w6¶•ó##U÷66–VçF–f–5÷&W÷'G2ÆfööE÷v7FRÃ"Ã3ƒÃRãƒsSÃbÃ2ã“cƒsSÃ3rÆæöæRÂÃãÃ#c"ãcÃC“’ãƒccccccrÃ3S2ã#ƒ3#ÇG'VRÂÆW‡W&–ÖVçFÅ÷V&Æ—6†W%÷7WÆVÖVçBÃã3‚÷3CS“‚Ó#RÓ#ScBÓ ¦¶÷¦Æ÷w6¶•ó##U÷66–VçF–f–5÷&W÷'G2ÆfööE÷v7FRÃ2Ã3ƒÃRãƒsSÃbÃ2ã“cƒsSÃ3rÆæöæRÂÃãÃ#s’ãcÃC“’ãƒccccccrÃ3Sbã“SC“cƒrÇG'VRÂÆW‡W&–ÖVçFÅ÷V&Æ—6†W%÷7WÆVÖVçBÃã3‚÷3CS“‚Ó#RÓ#ScBÓ ¦¶÷¦Æ÷w6¶•ó##U÷66–VçF–f–5÷&W÷'G2ÆfööE÷v7FU÷F÷'&Vf7F–öåó#C2ÃÃ3ƒÃRãƒsSÃbÃ2ã“cƒsSÃ3rÇF÷'&Vf7F–öå÷&öGV7BÃ#CÃRãÃ##RãÃC“’ãƒccccccrÃ3ƒRã3ƒƒ#CbÇG'VRÂÆW‡W&–ÖVçFÅ÷V&Æ—6†W%÷7WÆVÖVçBÃã3‚÷3CS“‚Ó#RÓ#ScBÓ ¦¶÷¦Æ÷w6¶•ó##U÷66–VçF–f–5÷&W÷'G2ÆfööE÷v7FU÷F÷'&Vf7F–öåó#C2Ã"Ã3ƒÃRãƒsSÃbÃ2ã“cƒsSÃ3rÇF÷'&Vf7F–öå÷&öGV7BÃ#CÃRãÃCrã“ÃC“’ãƒccccccrÂÓ‚ãS#c2ÆfÇ6RÆW†6ÇVFVEög&öÕ÷V&Æ—6†W%öÖVã²–æ6öç6—7FVçE÷&u÷6–væÂÆW‡W&–ÖVçFÅ÷V&Æ—6†W%÷7WÆVÖVçBÃã3‚÷3CS“‚Ó#RÓ#ScBÓ ¦¶÷¦Æ÷w6¶•ó##U÷66–VçF–f–5÷&W÷'G2ÆfööE÷v7FU÷F÷'&Vf7F–öåó#C2Ã2Ã3ƒÃRãƒsSÃbÃ2ã“cƒsSÃ3rÇF÷'&Vf7F–öå÷&öGV7BÃ#CÃRãÃ###‚ãCÃC“’ãƒccccccrÃ3“ãSscsC3bÇG'VRÂÆW‡W&–ÖVçFÅ÷V&Æ—6†W%÷7WÆVÖVçBÃã3‚÷3CS“‚Ó#RÓ#ScBÓ ¦¶÷¦Æ÷w6¶•ó##U÷66–VçF–f–5÷&W÷'G2ÆfööE÷v7FU÷—&öÇ—6—5óc2ÃÃ3ƒÃRãƒsSÃbÃ2ã“cƒsSÃ3rÆ&–ö6†"ÃcÃRãÃ#“BãƒÃC“’ãƒccccccrÃ3cã3ƒƒccS3"ÇG'VRÂÆW‡W&–ÖVçFÅ÷V&Æ—6†W%÷7WÆVÖVçBÃã3‚÷3CS“‚Ó#RÓ#ScBÓ ¦¶÷¦Æ÷w6¶•ó##U÷66–VçF–f–5÷&W÷'G2ÆfööE÷v7FU÷—&öÇ—6—5óc2Ã"Ã3ƒÃRãƒsSÃbÃ2ã“cƒsSÃ3rÆ&–ö6†"ÃcÃRãÃ#“’ãƒÃC“’ãƒccccccrÃ3cãSƒCSsSrÇG'VRÂÆW‡W&–ÖVçFÅ÷V&Æ—6†W%÷7WÆVÖVçBÃã3‚÷3CS“‚Ó#RÓ#ScBÓ ¦¶÷¦Æ÷w6¶•ó##U÷66–VçF–f–5÷&W÷'G2ÆfööE÷v7FU÷—&öÇ—6—5óc2Ã2Ã3ƒÃRãƒsSÃbÃ2ã“cƒsSÃ3rÆ&–ö6†"ÃcÃRãÃƒSãÃC“’ãƒccccccrÃ3Rã“cc3#3‚ÆfÇ6RÆW†6ÇVFVEög&öÕ÷V&Æ—6†W%öÖVã²–æ6öç6—7FVçE÷&u÷6–væÂÆW‡W&–ÖVçFÅ÷V&Æ—6†W%÷7WÆVÖVçBÃã3‚÷3CS“‚Ó#RÓ#ScBÓ ¦¶÷¦Æ÷w6¶•ó##U÷66–VçF–f–5÷&W÷'G2ÆfööE÷v7FUö‡–G&ö6†%ó#C2ÃÃ3ƒÃRãƒsSÃbÃ2ã“cƒsSÃ3rÆ‡–G&ö6†"Ã#CÃRãÃ#c"ãSÃC“’ãƒccccccrÃ3sRãcƒcS#CRÇG'VRÂÆW‡W&–ÖVçFÅ÷V&Æ—6†W%÷7WÆVÖVçBÃã3‚÷3CS“‚Ó#RÓ#ScBÓ ¦¶÷¦Æ÷w6¶•ó##U÷66–VçF–f–5÷&W÷'G2ÆfööE÷v7FUö‡–G&ö6†%ó#C2Ã"Ã3ƒÃRãƒsSÃbÃ2ã“cƒsSÃ3rÆ‡–G&ö6†"Ã#CÃRãÃ#S2ãcÃC“’ãƒccccccrÃ3s2ãcsS###2ÇG'VRÂÆW‡W&–ÖVçFÅ÷V&Æ—6†W%÷7WÆVÖVçBÃã3‚÷3CS“‚Ó#RÓ#ScBÓ ¦¶÷¦Æ÷w6¶•ó##U÷66–VçF–f–5÷&W÷'G2ÆfööE÷v7FUö‡–G&ö6†%ó#C2Ã2Ã3ƒÃRãƒsSÃbÃ2ã“cƒsSÃ3rÆ‡–G&ö6†"Ã#CÃRãÃ#sãÃC“’ãƒccccccrÃ3srãc#“#“S"ÇG'VRÂÆW‡W&–ÖVçFÅ÷V&Æ—6†W%÷7WÆVÖVçBÃã3‚÷3CS“‚Ó#RÓ#ScBÓ ¦¶÷¦Æ÷w6¶•ó##U÷66–VçF–f–5÷&W÷'G2ÆfööE÷v7FRÃÃ3ƒ"ÃRã“cccccrÃbÃ2ã“s“cccrÃ3rÆæöæRÂÃãÃ“sBãƒÃSãÃ332ã#C3S#3C"ÇG'VRÂÆW‡W&–ÖVçFÅ÷V&Æ—6†W%÷7WÆVÖVçBÃã3‚÷3CS“‚Ó#RÓ#ScBÓ ¦¶÷¦Æ÷w6¶•ó##U÷66–VçF–f–5÷&W÷'G2ÆfööE÷v7FRÃ"Ã3ƒ"ÃRã“cccccrÃbÃ2ã“s“cccrÃ3rÆæöæRÂÃãÃ#c2ã3ÃSãÃ3S2ã#CƒCc3"ÇG'VRÂÆW‡W&–ÖVçFÅ÷V&Æ—6†W%÷7WÆVÖVçBÃã3‚÷3CS“‚Ó#RÓ#ScBÓ ¦¶÷¦Æ÷w6¶•ó##U÷66–VçF–f–5÷&W÷'G2ÆfööE÷v7FRÃ2Ã3ƒ"ÃRã“cccccrÃbÃ2ã“s“cccrÃ3rÆæöæRÂÃãÃ#ƒã#ÃSãÃ3SrãS“SCCBÇG'VRÂÆW‡W&–ÖVçFÅ÷V&Æ—6†W%÷7WÆVÖVçBÃã3‚÷3CS“‚Ó#RÓ#ScBÓ ¦¶÷¦Æ÷w6¶•ó##U÷66–VçF–f–5÷&W÷'G2ÆfööE÷v7FU÷F÷'&Vf7F–öåó#C2ÃÃ3ƒ"ÃRã“cccccrÃbÃ2ã“s“cccrÃ3rÇF÷'&Vf7F–öå÷&öGV7BÃ#CÃRãÃ##RãƒÃSãÃ3ƒRãC3““#SS‚ÇG'VRÂÆW‡W&–ÖVçFÅ÷V&Æ—6†W%÷7WÆVÖVçBÃã3‚÷3CS“‚Ó#RÓ#ScBÓ ¦¶÷¦Æ÷w6¶•ó##U÷66–VçF–f–5÷&W÷'G2ÆfööE÷v7FU÷F÷'&Vf7F–öåó#C2Ã"Ã3ƒ"ÃRã“cccccrÃbÃ2ã“s“cccrÃ3rÇF÷'&Vf7F–öå÷&öGV7BÃ#CÃRãÃCrã“ÃSãÂÓ‚ãSSƒƒƒ"ÆfÇ6RÆW†6ÇVFVEög&öÕ÷V&Æ—6†W%öÖVã²–æ6öç6—7FVçE÷&u÷6–væÂÆW‡W&–ÖVçFÅ÷V&Æ—6†W%÷7WÆVÖVçBÃã3‚÷3CS“‚Ó#RÓ#ScBÓ ¦¶÷¦Æ÷w6¶•ó##U÷66–VçF–f–5÷&W÷'G2ÆfööE÷v7FU÷F÷'&Vf7F–öåó#C2Ã2Ã3ƒ"ÃRã“cccccrÃbÃ2ã“s“cccrÃ3rÇF÷'&Vf7F–öå÷&öGV7BÃ#CÃRãÃ###’ã#ÃSãÃ3“ãs#s3S332ÇG'VRÂÆW‡W&–ÖVçFÅ÷V&Æ—6†W%÷7WÆVÖVçBÃã3‚÷3CS“‚Ó#RÓ#ScBÓ ¦¶÷¦Æ÷w6¶•ó##U÷66–VçF–f–5÷&W÷'G2ÆfööE÷v7FU÷—&öÇ—6—5óc2ÃÃ3ƒ"ÃRã“cccccrÃbÃ2ã“s“cccrÃ3rÆ&–ö6†"ÃcÃRãÃ#“RãSÃSãÃ3cãScsƒCBÇG'VRÂÆW‡W&–ÖVçFÅ÷V&Æ—6†W%÷7WÆVÖVçBÃã3‚÷3CS“‚Ó#RÓ#ScBÓ ¦¶÷¦Æ÷w6¶•ó##U÷66–VçF–f–5÷&W÷'G2ÆfööE÷v7FU÷—&öÇ—6—5óc2Ã"Ã3ƒ"ÃRã“cccccrÃbÃ2ã“s“cccrÃ3rÆ&–ö6†"ÃcÃRãÃ#ãCÃSãÃ3cãc#3“CƒRÇG'VRÂÆW‡W&–ÖVçFÅ÷V&Æ—6†W%÷7WÆVÖVçBÃã3‚÷3CS“‚Ó#RÓ#ScBÓ ¦¶÷¦Æ÷w6¶•ó##U÷66–VçF–f–5÷&W÷'G2ÆfööE÷v7FU÷—&öÇ—6—5óc2Ã2Ã3ƒ"ÃRã“cccccrÃbÃ2ã“s“cccrÃ3rÆ&–ö6†"ÃcÃRãÃƒSãƒÃSãÃ3Rã##CcsSSÆfÇ6RÆW†6ÇVFVEög&öÕ÷V&Æ—6†W%öÖVã²–æ6öç6—7FVçE÷&u÷6–væÂÆW‡W&–ÖVçFÅ÷V&Æ—6†W%÷7WÆVÖVçBÃã3‚÷3CS“‚Ó#RÓ#ScBÓ ¦¶÷¦Æ÷w6¶•ó##U÷66–VçF–f–5÷&W÷'G2ÆfööE÷v7FUö‡–G&ö6†%ó#C2ÃÃ3ƒ"ÃRã“cccccrÃbÃ2ã“s“cccrÃ3rÆ‡–G&ö6†"Ã#CÃRãÃ#c2ã#ÃSãÃ3sRãƒC“SSrÇG'VRÂÆW‡W&–ÖVçFÅ÷V&Æ—6†W%÷7WÆVÖVçBÃã3‚÷3CS“‚Ó#RÓ#ScBÓ ¦¶÷¦Æ÷w6¶•ó##U÷66–VçF–f–5÷&W÷'G2ÆfööE÷v7FUö‡–G&ö6†%ó#C2Ã"Ã3ƒ"ÃRã“cccccrÃbÃ2ã“s“cccrÃ3rÆ‡–G&ö6†"Ã#CÃRãÃ#SBã3ÃSãÃ3s2ãƒ3cS3bÇG'VRÂÆW‡W&–ÖVçFÅ÷V&Æ—6†W%÷7WÆVÖVçBÃã3‚÷3CS“‚Ó#RÓ#ScBÓ ¦¶÷¦Æ÷w6¶•ó##U÷66–VçF–f–5÷&W÷'G2ÆfööE÷v7FUö‡–G&ö6†%ó#C2Ã2Ã3ƒ"ÃRã“cccccrÃbÃ2ã“s“cccrÃ3rÆ‡–G&ö6†"Ã#CÃRãÃ#sãƒÃSãÃ3srãsSs33ƒ#RÇG'VRÂÆW‡W&–ÖVçFÅ÷V&Æ—6†W%÷7WÆVÖVçBÃã3‚÷3CS“‚Ó#RÓ#ScBÓ ¦¶÷¦Æ÷w6¶•ó##U÷66–VçF–f–5÷&W÷'G2ÆfööE÷v7FRÃÃ3ƒ2ÃRã“Sƒ33332ÃbÃ2ã“ƒ“Sƒ332Ã3rÆæöæRÂÃãÃ“sRãSÃSã3333332Ã332ã3sSccSBÇG'VRÂÆW‡W&–ÖVçFÅ÷V&Æ—6†W%÷7WÆVÖVçBÃã3‚÷3CS“‚Ó#RÓ#ScBÓ ¦¶÷¦Æ÷w6¶•ó##U÷66–VçF–f–5÷&W÷'G2ÆfööE÷v7FRÃ"Ã3ƒ2ÃRã“Sƒ33332ÃbÃ2ã“ƒ“Sƒ332Ã3rÆæöæRÂÃãÃ#cBãÃSã3333332Ã3S2ã3cƒƒƒ“CBÇG'VRÂÆW‡W&–ÖVçFÅ÷V&Æ—6†W%÷7WÆVÖVçBÃã3‚÷3CS“‚Ó#RÓ#ScBÓ ¦¶÷¦Æ÷w6¶•ó##U÷66–VçF–f–5÷&W÷'G2ÆfööE÷v7FRÃ2Ã3ƒ2ÃRã“Sƒ33332ÃbÃ2ã“ƒ“Sƒ332Ã3rÆæöæRÂÃãÃ#ƒã“ÃSã3333332Ã3SrãƒsSƒs#bÇG'VRÂÆW‡W&–ÖVçFÅ÷V&Æ—6†W%÷7WÆVÖVçBÃã3‚÷3CS“‚Ó#RÓ#ScBÓ ¦¶÷¦Æ÷w6¶•ó##U÷66–VçF–f–5÷&W÷'G2ÆfööE÷v7FU÷F÷'&Vf7F–öåó#C2ÃÃ3ƒ2ÃRã“Sƒ33332ÃbÃ2ã“ƒ“Sƒ332Ã3rÇF÷'&Vf7F–öå÷&öGV7BÃ#CÃRãÃ##bãcÃSã3333332Ã3ƒRãS“ScCSRÇG'VRÂÆW‡W&–ÖVçFÅ÷V&Æ—6†W%÷7WÆVÖVçBÃã3‚÷3CS“‚Ó#RÓ#ScBÓ ¦¶÷¦Æ÷w6¶•ó##U÷66–VçF–f–5÷&W÷'G2ÆfööE÷v7FU÷F÷'&Vf7F–öåó#C2Ã"Ã3ƒ2ÃRã“Sƒ33332ÃbÃ2ã“ƒ“Sƒ332Ã3rÇF÷'&Vf7F–öå÷&öGV7BÃ#CÃRãÃC‚ãÃSã3333332ÂÓ‚ãSSƒs#srÆfÇ6RÆW†6ÇVFVEög&öÕ÷V&Æ—6†W%öÖVã²–æ6öç6—7FVçE÷&u÷6–væÂÆW‡W&–ÖVçFÅ÷V&Æ—6†W%÷7WÆVÖVçBÃã3‚÷3CS“‚Ó#RÓ#ScBÓ ¦¶÷¦Æ÷w6¶•ó##U÷66–VçF–f–5÷&W÷'G2ÆfööE÷v7FU÷F÷'&Vf7F–öåó#C2Ã2Ã3ƒ2ÃRã“Sƒ33332ÃbÃ2ã“ƒ“Sƒ332Ã3rÇF÷'&Vf7F–öå÷&öGV7BÃ#CÃRãÃ###’ã“ÃSã3333332Ã3“ãƒSS3“cCRÇG'VRÂÆW‡W&–ÖVçFÅ÷V&Æ—6†W%÷7WÆVÖVçBÃã3‚÷3CS“‚Ó#RÓ#ScBÓ ¦¶÷¦Æ÷w6¶•ó##U÷66–VçF–f–5÷&W÷'G2ÆfööE÷v7FU÷—&öÇ—6—5óc2ÃÃ3ƒ2ÃRã“Sƒ33332ÃbÃ2ã“ƒ“Sƒ332Ã3rÆ&–ö6†"ÃcÃRãÃ#“bãÃSã3333332Ã3cãc##SSs"ÇG'VRÂÆW‡W&–ÖVçFÅ÷V&Æ—6†W%÷7WÆVÖVçBÃã3‚÷3CS“‚Ó#RÓ#ScBÓ ¦¶÷¦Æ÷w6¶•ó##U÷66–VçF–f–5÷&W÷'G2ÆfööE÷v7FU÷—&öÇ—6—5óc2Ã"Ã3ƒ2ÃRã“Sƒ33332ÃbÃ2ã“ƒ“Sƒ332Ã3rÆ&–ö6†"ÃcÃRãÃ#ãÃSã3333332Ã3cãsS“Cs“rÇG'VRÂÆW‡W&–ÖVçFÅ÷V&Æ—6†W%÷7WÆVÖVçBÃã3‚÷3CS“‚Ó#RÓ#ScBÓ ¦¶÷¦Æ÷w6¶•ó##U÷66–VçF–f–5÷&W÷'G2ÆfööE÷v7FU÷—&öÇ—6—5óc2Ã2Ã3ƒ2ÃRã“Sƒ33332ÃbÃ2ã“ƒ“Sƒ332Ã3rÆ&–ö6†"ÃcÃRãÃƒSãCÃSã3333332Ã3Rã33##s‚ÆfÇ6RÆW†6ÇVFVEög&öÕ÷V&Æ—6†W%öÖVã²–æ6öç6—7FVçE÷&u÷6–væÂÆW‡W&–ÖVçFÅ÷V&Æ—6†W%÷7WÆVÖVçBÃã3‚÷3CS“‚Ó#RÓ#ScBÓ ¦¶÷¦Æ÷w6¶•ó##U÷66–VçF–f–5÷&W÷'G2ÆfööE÷v7FUö‡–G&ö6†%ó#C2ÃÃ3ƒ2ÃRã“Sƒ33332ÃbÃ2ã“ƒ“Sƒ332Ã3rÆ‡–G&ö6†"Ã#CÃRãÃ#c2ã“ÃSã3333332Ã3sRã“C#3ƒc’ÇG'VRÂÆW‡W&–ÖVçFÅ÷V&Æ—6†W%÷7WÆVÖVçBÃã3‚÷3CS“‚Ó#RÓ#ScBÓ ¦¶÷¦Æ÷w6¶•ó##U÷66–VçF–f–5÷&W÷'G2ÆfööE÷v7FUö‡–G&ö6†%ó#C2Ã"Ã3ƒ2ÃRã“Sƒ33332ÃbÃ2ã“ƒ“Sƒ332Ã3rÆ‡–G&ö6†"Ã#CÃRãÃ#SRãÃSã3333332Ã3s2ã“S3sC3"ÇG'VRÂÆW‡W&–ÖVçFÅ÷V&Æ—6†W%÷7WÆVÖVçBÃã3‚÷3CS“‚Ó#RÓ#ScBÓ ¦¶÷¦Æ÷w6¶•ó##U÷66–VçF–f–5÷&W÷'G2ÆfööE÷v7FUö‡–G&ö6†%ó#C2Ã2Ã3ƒ2ÃRã“Sƒ33332ÃbÃ2ã“ƒ“Sƒ332Ã3rÆ‡–G&ö6†"Ã#CÃRãÃ#s"ãSÃSã3333332Ã3srãƒƒS3ƒ3rÇG'VRÂÆW‡W&–ÖVçFÅ÷V&Æ—6†W%÷7WÆVÖVçBÃã3‚÷3CS“‚Ó#RÓ#ScBÓ ¦¶÷¦Æ÷w6¶•ó##U÷66–VçF–f–5÷&W÷'G2ÆfööE÷v7FRÃÃ3ƒBÃbãÃbÃBãÃ3rÆæöæRÂÃãÃ“sbãÃSã#ccccccrÃ332ãCss3ƒÇG'VRÂÆW‡W&–ÖVçFÅ÷V&Æ—6†W%÷7WÆVÖVçBÃã3‚÷3CS“‚Ó#RÓ#ScBÓ ¦¶÷¦Æ÷w6¶•ó##U÷66–VçF–f–5÷&W÷'G2ÆfööE÷v7FRÃ"Ã3ƒBÃbãÃbÃBãÃ3rÆæöæRÂÃãÃ#cBãsÃSã#ccccccrÃ3S2ãC“c“3#SrÇG'VRÂÆW‡W&–ÖVçFÅ÷V&Æ—6†W%÷7WÆVÖVçBÃã3‚÷3CS“‚Ó#RÓ#ScBÓ ¦¶÷¦Æ÷w6¶•ó##U÷66–VçF–f–5÷&W÷'G2ÆfööE÷v7FRÃ2Ã3ƒBÃbãÃbÃBãÃ3rÆæöæRÂÃãÃ#ƒãSÃSã#ccccccrÃ3Srã#“33CSBÇG'VRÂÆW‡W&–ÖVçFÅ÷V&Æ—6†W%÷7WÆVÖVçBÃã3‚÷3CS“‚Ó#RÓ#ScBÓ ¦¶÷¦Æ÷w6¶•ó##U÷66–VçF–f–5÷&W÷'G2ÆfööE÷v7FU÷F÷'&Vf7F–öåó#C2ÃÃ3ƒBÃbãÃbÃBãÃ3rÇF÷'&Vf7F–öå÷&öGV7BÃ#CÃRãÃ##rãCÃSã#ccccccrÃ3ƒRãsC#3SÇG'VRÂÆW‡W&–ÖVçFÅ÷V&Æ—6†W%÷7WÆVÖVçBÃã3‚÷3CS“‚Ó#RÓ#ScBÓ ¦¶÷¦Æ÷w6¶•ó##U÷66–VçF–f–5÷&W÷'G2ÆfööE÷v7FU÷F÷'&Vf7F–öåó#C2Ã"Ã3ƒBÃbãÃbÃBãÃ3rÇF÷'&Vf7F–öå÷&öGV7BÃ#CÃRãÃC‚ãÃSã#ccccccrÂÓ‚ãSƒƒƒCƒSbÆfÇ6RÆW†6ÇVFVEög&öÕ÷V&Æ—6†W%öÖVã²–æ6öç6—7FVçE÷&u÷6–væÂÆW‡W&–ÖVçFÅ÷V&Æ—6†W%÷7WÆVÖVçBÃã3‚÷3CS“‚Ó#RÓ#ScBÓ ¦¶÷¦Æ÷w6¶•ó##U÷66–VçF–f–5÷&W÷'G2ÆfööE÷v7FU÷F÷'&Vf7F–öåó#C2Ã2Ã3ƒBÃbãÃbÃBãÃ3rÇF÷'&Vf7F–öå÷&öGV7BÃ#CÃRãÃ##3ãsÃSã#ccccccrÃ3“ãc3SC"ÇG'VRÂÆW‡W&–ÖVçFÅ÷V&Æ—6†W%÷7WÆVÖVçBÃã3‚÷3CS“‚Ó#RÓ#ScBÓ ¦¶÷¦Æ÷w6¶•ó##U÷66–VçF–f–5÷&W÷'G2ÆfööE÷v7FU÷—&öÇ—6—5óc2ÃÃ3ƒBÃbãÃbÃBãÃ3rÆ&–ö6†"ÃcÃRãÃ#“bãƒÃSã#ccccccrÃ3cãsS“ƒƒBÇG'VRÂÆW‡W&–ÖVçFÅ÷V&Æ—6†W%÷7WÆVÖVçBÃã3‚÷3CS“‚Ó#RÓ#ScBÓ ¦¶÷¦Æ÷w6¶•ó##U÷66–VçF–f–5÷&W÷'G2ÆfööE÷v7FU÷—&öÇ—6—5óc2Ã"Ã3ƒBÃbãÃbÃBãÃ3rÆ&–ö6†"ÃcÃRãÃ#ãsÃSã#ccccccrÃ3cãƒSs3“S#RÇG'VRÂÆW‡W&–ÖVçFÅ÷V&Æ—6†W%÷7WÆVÖVçBÃã3‚÷3CS“‚Ó#RÓ#ScBÓ ¦¶÷¦Æ÷w6¶•ó##U÷66–VçF–f–5÷&W÷'G2ÆfööE÷v7FU÷—&öÇ—6—5óc2Ã2Ã3ƒBÃbãÃbÃBãÃ3rÆ&–ö6†"ÃcÃRãÃƒS"ãÃSã#ccccccrÃ3RãCSƒcS“ÆfÇ6RÆW†6ÇVFVEög&öÕ÷V&Æ—6†W%öÖVã²–æ6öç6—7FVçE÷&u÷6–væÂÆW‡W&–ÖVçFÅ÷V&Æ—6†W%÷7WÆVÖVçBÃã3‚÷3CS“‚Ó#RÓ#ScBÓ ¦¶÷¦Æ÷w6¶•ó##U÷66–VçF–f–5÷&W÷'G2ÆfööE÷v7FUö‡–G&ö6†%ó#C2ÃÃ3ƒBÃbãÃbÃBãÃ3rÆ‡–G&ö6†"Ã#CÃRãÃ#cBãcÃSã#ccccccrÃ3sbãsƒƒÇG'VRÂÆW‡W&–ÖVçFÅ÷V&Æ—6†W%÷7WÆVÖVçBÃã3‚÷3CS“‚Ó#RÓ#ScBÓ ¦¶÷¦Æ÷w6¶•ó##U÷66–VçF–f–5÷&W÷'G2ÆfööE÷v7FUö‡–G&ö6†%ó#C2Ã"Ã3ƒBÃbãÃbÃBãÃ3rÆ‡–G&ö6†"Ã#CÃRãÃ#SRãƒÃSã#ccccccrÃ3sBãƒsCsCRÇG'VRÂÆW‡W&–ÖVçFÅ÷V&Æ—6†W%÷7WÆVÖVçBÃã3‚÷3CS“‚Ó#RÓ#ScBÓ ¦¶÷¦Æ÷w6¶•ó##U÷66–VçF–f–5÷&W÷'G2ÆfööE÷v7FUö‡–G&ö6†%ó#C2Ã2Ã3ƒBÃbãÃbÃBãÃ3rÆ‡–G&ö6†"Ã#CÃRãÃ#s2ã#ÃSã#ccccccrÃ3s‚ã3C#CC’ÇG'VRÂÆW‡W&–ÖVçFÅ÷V&Æ—6†W%÷7WÆVÖVçBÃã3‚÷3CS“‚Ó#RÓ#ScBÓ ¦¶÷¦Æ÷w6¶•ó##U÷66–VçF–f–5÷&W÷'G2ÆfööE÷v7FRÃÃ3ƒRÃbãCccccrÃbÃBãCccrÃ3rÆæöæRÂÃãÃ“sbãƒÃSã3ccccccrÃ332ãc#Sƒƒƒ’ÇG'VRÂÆW‡W&–ÖVçFÅ÷V&Æ—6†W%÷7WÆVÖVçBÃã3‚÷3CS“‚Ó#RÓ#ScBÓ ¦¶÷¦Æ÷w6¶•ó##U÷66–VçF–f–5÷&W÷'G2ÆfööE÷v7FRÃ"Ã3ƒRÃbãCccccrÃbÃBãCccrÃ3rÆæöæRÂÃãÃ#cRãCÃSã3ccccccrÃ3S2ãc3#SscBÇG'VRÂÆW‡W&–ÖVçFÅ÷V&Æ—6†W%÷7WÆVÖVçBÃã3‚÷3CS“‚Ó#RÓ#ScBÓ ¦¶÷¦Æ÷w6¶•ó##U÷66–VçF–f–5÷&W÷'G2ÆfööE÷v7FRÃ2Ã3ƒRÃbãCccccrÃbÃBãCccrÃ3rÆæöæRÂÃãÃ#ƒ"ã#ÃSã3ccccccrÃ3SrãC#ƒc“cÇG'VRÂÆW‡W&–ÖVçFÅ÷V&Æ—6†W%÷7WÆVÖVçBÃã3‚÷3CS“‚Ó#RÓ#ScBÓ ¦¶÷¦Æ÷w6¶•ó##U÷66–VçF–f–5÷&W÷'G2ÆfööE÷v7FU÷F÷'&Vf7F–öåó#C2ÃÃ3ƒRÃbãCccccrÃbÃBãCccrÃ3rÇF÷'&Vf7F–öå÷&öGV7BÃ#CÃRãÃ##‚ã#ÃSã3ccccccrÃ3ƒRãƒ““3sCC2ÇG'VRÂÆW‡W&–ÖVçFÅ÷V&Æ—6†W%÷7WÆVÖVçBÃã3‚÷3CS“‚Ó#RÓ#ScBÓ ¦¶÷¦Æ÷w6¶•ó##U÷66–VçF–f–5÷&W÷'G2ÆfööE÷v7FU÷F÷'&Vf7F–öåó#C2Ã"Ã3ƒRÃbãCccccrÃbÃBãCccrÃ3rÇF÷'&Vf7F–öå÷&öGV7BÃ#CÃRãÃC‚ãÃSã3ccccccrÂÓ‚ãSƒƒƒCƒSbÆfÇ6RÆW†6ÇVFVEög&öÕ÷V&Æ—6†W%öÖVã²–æ6öç6—7FVçE÷&u÷6–væÂÆW‡W&–ÖVçFÅ÷V&Æ—6†W%÷7WÆVÖVçBÃã3‚÷3CS“‚Ó#RÓ#ScBÓ ¦¶÷¦Æ÷w6¶•ó##U÷66–VçF–f–5÷&W÷'G2ÆfööE÷v7FU÷F÷'&Vf7F–öåó#C2Ã2Ã3ƒRÃbãCccccrÃbÃBãCccrÃ3rÇF÷'&Vf7F–öå÷&öGV7BÃ#CÃRãÃ##3ãSÃSã3ccccccrÃ3“ãcC#c32ÇG'VRÂÆW‡W&–ÖVçFÅ÷V&Æ—6†W%÷7WÆVÖVçBÃã3‚÷3CS“‚Ó#RÓ#ScBÓ ¦¶÷¦Æ÷w6¶•ó##U÷66–VçF–f–5÷&W÷'G2ÆfööE÷v7FU÷—&öÇ—6—5óc2ÃÃ3ƒRÃbãCccccrÃbÃBãCccrÃ3rÆ&–ö6†"ÃcÃRãÃ#“rãCÃSã3ccccccrÃ3cãƒc3sƒrÇG'VRÂÆW‡W&–ÖVçFÅ÷V&Æ—6†W%÷7WÆVÖVçBÃã3‚÷3CS“‚Ó#RÓ#ScBÓ ¦¶÷¦Æ÷w6¶•ó##U÷66–VçF–f–5÷&W÷'G2ÆfööE÷v7FU÷—&öÇ—6—5óc2Ã"Ã3ƒRÃbãCccccrÃbÃBãCccrÃ3rÆ&–ö6†"ÃcÃRãÃ#"ãCÃSã3ccccccrÃ3cã““#“s3"ÇG'VRÂÆW‡W&–ÖVçFÅ÷V&Æ—6†W%÷7WÆVÖVçBÃã3‚÷3CS“‚Ó#RÓ#ScBÓ ¦¶÷¦Æ÷w6¶•ó##U÷66–VçF–f–5÷&W÷'G2ÆfööE÷v7FU÷—&öÇ—6—5óc2Ã2Ã3ƒRÃbãCccccrÃbÃBãCccrÃ3rÆ&–ö6†"ÃcÃRãÃƒS"ãsÃSã3ccccccrÃ3RãSsCS2ÆfÇ6RÆW†6ÇVFVEög&öÕ÷V&Æ—6†W%öÖVã²–æ6öç6—7FVçE÷&u÷6–væÂÆW‡W&–ÖVçFÅ÷V&Æ—6†W%÷7WÆVÖVçBÃã3‚÷3CS“‚Ó#RÓ#ScBÓ ¦¶÷¦Æ÷w6¶•ó##U÷66–VçF–f–5÷&W÷'G2ÆfööE÷v7FUö‡–G&ö6†%ó#C2ÃÃ3ƒRÃbãCccccrÃbÃBãCccrÃ3rÆ‡–G&ö6†"Ã#CÃRãÃ#cRã3ÃSã3ccccccrÃ3sbã#SsScƒ‚ÇG'VRÂÆW‡W&–ÖVçFÅ÷V&Æ—6†W%÷7WÆVÖVçBÃã3‚÷3CS“‚Ó#RÓ#ScBÓ ¦¶÷¦Æ÷w6¶•ó##U÷66–VçF–f–5÷&W÷'G2ÆfööE÷v7FUö‡–G&ö6†%ó#C2Ã"Ã3ƒRÃbãCccccrÃbÃBãCccrÃ3rÆ‡–G&ö6†"Ã#CÃRãÃ#SbãcÃSã3ccccccrÃ3sBã#3““ƒ3bÇG'VRÂÆW‡W&–ÖVçFÅ÷V&Æ—6†W%÷7WÆVÖVçBÃã3‚÷3CS“‚Ó#RÓ#ScBÓ ¦¶÷¦Æ÷w6¶•ó##U÷66–VçF–f–5÷&W÷'G2ÆfööE÷v7FUö‡–G&ö6†%ó#C2Ã2Ã3ƒRÃbãCccccrÃbÃBãCccrÃ3rÆ‡–G&ö6†"Ã#CÃRãÃ#s2ã“ÃSã3ccccccrÃ3s‚ãCƒ“““SbÇG'VRÂÆW‡W&–ÖVçFÅ÷V&Æ—6†W%÷7WÆVÖVçBÃã3‚÷3CS“‚Ó#RÓ#ScBÓ ¦¶÷¦Æ÷w6¶•ó##U÷66–VçF–f–5÷&W÷'G2ÆfööE÷v7FRÃÃ3ƒbÃbãƒ333332ÃbÃBã#ƒ3332Ã3rÆæöæRÂÃãÃ“srãCÃSãSÃ332ãsƒ3cbÇG'VRÂÆW‡W&–ÖVçFÅ÷V&Æ—6†W%÷7WÆVÖVçBÃã3‚÷3CS“‚Ó#RÓ#ScBÓ ¦¶÷¦Æ÷w6¶•ó##U÷66–VçF–f–5÷&W÷'G2ÆfööE÷v7FRÃ"Ã3ƒbÃbãƒ333332ÃbÃBã#ƒ3332Ã3rÆæöæRÂÃãÃ#cbãÃSãSÃ3S2ãscSSsbÇG'VRÂÆW‡W&–ÖVçFÅ÷V&Æ—6†W%÷7WÆVÖVçBÃã3‚÷3CS“‚Ó#RÓ#ScBÓ ¦¶÷¦Æ÷w6¶•ó##U÷66–VçF–f–5÷&W÷'G2ÆfööE÷v7FRÃ2Ã3ƒbÃbãƒ333332ÃbÃBã#ƒ3332Ã3rÆæöæRÂÃãÃ#ƒ"ãƒÃSãSÃ3SrãS3CScƒ’ÇG'VRÂÆW‡W&–ÖVçFÅ÷V&Æ—6†W%÷7WÆVÖVçBÃã3‚÷3CS“‚Ó#RÓ#ScBÓ ¦¶÷¦Æ÷w6¶•ó##U÷66–VçF–f–5÷&W÷'G2ÆfööE÷v7FU÷F÷'&Vf7F–öåó#C2ÃÃ3ƒbÃbãƒ333332ÃbÃBã#ƒ3332Ã3rÇF÷'&Vf7F–öå÷&öGV7BÃ#CÃRãÃ##’ãÃSãSÃ3ƒbãS3CÇG'VRÂÆW‡W&–ÖVçFÅ÷V&Æ—6†W%÷7WÆVÖVçBÃã3‚÷3CS“‚Ó#RÓ#ScBÓ ¦¶÷¦Æ÷w6¶•ó##U÷66–VçF–f–5÷&W÷'G2ÆfööE÷v7FU÷F÷'&Vf7F–öåó#C2Ã"Ã3ƒbÃbãƒ333332ÃbÃBã#ƒ3332Ã3rÇF÷'&Vf7F–öå÷&öGV7BÃ#CÃRãÃC‚ãÃSãSÂÓ‚ãcƒ“sc3bÆfÇ6RÆW†6ÇVFVEög&öÕ÷V&Æ—6†W%öÖVã²–æ6öç6—7FVçE÷&u÷6–væÂÆW‡W&–ÖVçFÅ÷V&Æ—6†W%÷7WÆVÖVçBÃã3‚÷3CS“‚Ó#RÓ#ScBÓ ¦¶÷¦Æ÷w6¶•ó##U÷66–VçF–f–5÷&W÷'G2ÆfööE÷v7FU÷F÷'&Vf7F–öåó#C2Ã2Ã3ƒbÃbãƒ333332ÃbÃBã#ƒ3332Ã3rÇF÷'&Vf7F–öå÷&öGV7BÃ#CÃRãÃ##3"ãCÃSãSÃ3“ã33sCCRÇG'VRÂÆW‡W&–ÖVçFÅ÷V&Æ—6†W%÷7WÆVÖVçBÃã3‚÷3CS“‚Ó#RÓ#ScBÓ ¦¶÷¦Æ÷w6¶•ó##U÷66–VçF–f–5÷&W÷'G2ÆfööE÷v7FU÷—&öÇ—6—5óc2ÃÃ3ƒbÃbãƒ333332ÃbÃBã#ƒ3332Ã3rÆ&–ö6†"ÃcÃRãÃ#“‚ãÃSãSÃ3cã““##’ÇG'VRÂÆW‡W&–ÖVçFÅ÷V&Æ—6†W%÷7WÆVÖVçBÃã3‚÷3CS“‚Ó#RÓ#ScBÓ ¦¶÷¦Æ÷w6¶•ó##U÷66–VçF–f–5÷&W÷'G2ÆfööE÷v7FU÷—&öÇ—6—5óc2Ã"Ã3ƒbÃbãƒ333332ÃbÃBã#ƒ3332Ã3rÆ&–ö6†"ÃcÃRãÃ#2ã#ÃSãSÃ3c"ãC3c“#’ÇG'VRÂÆW‡W&–ÖVçFÅ÷V&Æ—6†W%÷7WÆVÖVçBÃã3‚÷3CS“‚Ó#RÓ#ScBÓ ¦¶÷¦Æ÷w6¶•ó##U÷66–VçF–f–5÷&W÷'G2ÆfööE÷v7FU÷—&öÇ—6—5óc2Ã2Ã3ƒbÃbãƒ333332ÃbÃBã#ƒ3332Ã3rÆ&–ö6†"ÃcÃRãÃƒS2ãCÃSãSÃ3Rãc““ƒƒ#RÆfÇ6RÆW†6ÇVFVEög&öÕ÷V&Æ—6†W%öÖVã²–æ6öç6—7FVçE÷&u÷6–væÂÆW‡W&–ÖVçFÅ÷V&Æ—6†W%÷7WÆVÖVçBÃã3‚÷3CS“‚Ó#RÓ#ScBÓ ¦¶÷¦Æ÷w6¶•ó##U÷66–VçF–f–5÷&W÷'G2ÆfööE÷v7FUö‡–G&ö6†%ó#C2ÃÃ3ƒbÃbãƒ333332ÃbÃBã#ƒ3332Ã3rÆ‡–G&ö6†"Ã#CÃRãÃ#cbãÃSãSÃ3sbã333ƒÇG'VRÂÆW‡W&–ÖVçFÅ÷V&Æ—6†W%÷7WÆVÖVçBÃã3‚÷3CS“‚Ó#RÓ#ScBÓ ¦¶÷¦Æ÷w6¶•ó##U÷66–VçF–f–5÷&W÷'G2ÆfööE÷v7FUö‡–G&ö6†%ó#C2Ã"Ã3ƒbÃbãƒ333332ÃbÃBã#ƒ3332Ã3rÆ‡–G&ö6†"Ã#CÃRãÃ#SrãCÃSãSÃ3sBã3“SSs32ÇG'VRÂÆW‡W&–ÖVçFÅ÷V&Æ—6†W%÷7WÆVÖVçBÃã3‚÷3CS“‚Ó#RÓ#ScBÓ ¦¶÷¦Æ÷w6¶•ó##U÷66–VçF–f–5÷&W÷'G2ÆfööE÷v7FUö‡–G&ö6†%ó#C2Ã2Ã3ƒbÃbãƒ333332ÃbÃBã#ƒ3332Ã3rÆ‡–G&ö6†"Ã#CÃRãÃ#sBãcÃSãSÃ3s‚ã#ssC#c‚ÇG'VRÂÆW‡W&–ÖVçFÅ÷V&Æ—6†W%÷7WÆVÖVçBÃã3‚÷3CS“‚Ó#RÓ#ScBÓ ¦¶÷¦Æ÷w6¶•ó##U÷66–VçF–f–5÷&W÷'G2ÆfööE÷v7FRÃÃ3ƒrÃbã#SÃbÃBã3#SÃ3rÆæöæRÂÃãÃ“s‚ãÃSãc3333332Ã332ãƒCcs“#‚ÇG'VRÂÆW‡W&–ÖVçFÅ÷V&Æ—6†W%÷7WÆVÖVçBÃã3‚÷3CS“‚Ó#RÓ#ScBÓ ¦¶÷¦Æ÷w6¶•ó##U÷66–VçF–f–5÷&W÷'G2ÆfööE÷v7FRÃ"Ã3ƒrÃbã#SÃbÃBã3#SÃ3rÆæöæRÂÃãÃ#cbãƒÃSãc3333332Ã3S2ãƒƒƒS“3ƒ‚ÇG'VRÂÆW‡W&–ÖVçFÅ÷V&Æ—6†W%÷7WÆVÖVçBÃã3‚÷3CS“‚Ó#RÓ#ScBÓ ¦¶÷¦Æ÷w6¶•ó##U÷66–VçF–f–5÷&W÷'G2ÆfööE÷v7FRÃ2Ã3ƒrÃbã#SÃbÃBã3#SÃ3rÆæöæRÂÃãÃ#ƒ2ãSÃSãc3333332Ã3Srãcc#ÇG'VRÂÆW‡W&–ÖVçFÅ÷V&Æ—6†W%÷7WÆVÖVçBÃã3‚÷3CS“‚Ó#RÓ#ScBÓ ¦¶÷¦Æ÷w6¶•ó##U÷66–VçF–f–5÷&W÷'G2ÆfööE÷v7FU÷F÷'&Vf7F–öåó#C2ÃÃ3ƒrÃbã#SÃbÃBã3#SÃ3rÇF÷'&Vf7F–öå÷&öGV7BÃ#CÃRãÃ##’ãƒÃSãc3333332Ã3ƒbã#cS#3bÇG'VRÂÆW‡W&–ÖVçFÅ÷V&Æ—6†W%÷7WÆVÖVçBÃã3‚÷3CS“‚Ó#RÓ#ScBÓ ¦¶÷¦Æ÷w6¶•ó##U÷66–VçF–f–5÷&W÷'G2ÆfööE÷v7FU÷F÷'&Vf7F–öåó#C2Ã"Ã3ƒrÃbã#SÃbÃBã3#SÃ3rÇF÷'&Vf7F–öå÷&öGV7BÃ#CÃRãÃC‚ã#ÃSãc3333332ÂÓ‚ãc#cSƒ3ÆfÇ6RÆW†6ÇVFVEög&öÕ÷V&Æ—6†W%öÖVã²–æ6öç6—7FVçE÷&u÷6–væÂÆW‡W&–ÖVçFÅ÷V&Æ—6†W%÷7WÆVÖVçBÃã3‚÷3CS“‚Ó#RÓ#ScBÓ ¦¶÷¦Æ÷w6¶•ó##U÷66–VçF–f–5÷&W÷'G2ÆfööE÷v7FU÷F÷'&Vf7F–öåó#C2Ã2Ã3ƒrÃbã#SÃbÃBã3#SÃ3rÇF÷'&Vf7F–öå÷&öGV7BÃ#CÃRãÃ##32ã#ÃSãc3333332Ã3“ãCƒƒƒÇG'VRÂÆW‡W&–ÖVçFÅ÷V&Æ—6†W%÷7WÆVÖVçBÃã3‚÷3CS“‚Ó#RÓ#ScBÓ ¦¶÷¦Æ÷w6¶•ó##U÷66–VçF–f–5÷&W÷'G2ÆfööE÷v7FU÷—&öÇ—6—5óc2ÃÃ3ƒrÃbã#SÃbÃBã3#SÃ3rÆ&–ö6†"ÃcÃRãÃ#“‚ãƒÃSãc3333332Ã3cã“#cC3ÇG'VRÂÆW‡W&–ÖVçFÅ÷V&Æ—6†W%÷7WÆVÖVçBÃã3‚÷3CS“‚Ó#RÓ#ScBÓ ¦¶÷¦Æ÷w6¶•ó##U÷66–VçF–f–5÷&W÷'G2ÆfööE÷v7FU÷—&öÇ—6—5óc2Ã"Ã3ƒrÃbã#SÃbÃBã3#SÃ3rÆ&–ö6†"ÃcÃRãÃ#2ã“ÃSãc3333332Ã3c"ã#scS#CÇG'VRÂÆW‡W&–ÖVçFÅ÷V&Æ—6†W%÷7WÆVÖVçBÃã3‚÷3CS“‚Ó#RÓ#ScBÓ ¦¶÷¦Æ÷w6¶•ó##U÷66–VçF–f–5÷&W÷'G2ÆfööE÷v7FU÷—&öÇ—6—5óc2Ã2Ã3ƒrÃbã#SÃbÃBã3#SÃ3rÆ&–ö6†"ÃcÃRãÃƒSBãÃSãc3333332Ã3RãƒCc3SS2ÆfÇ6RÆW†6ÇVFVEög&öÕ÷V&Æ—6†W%öÖVã²–æ6öç6—7FVçE÷&u÷6–væÂÆW‡W&–ÖVçFÅ÷V&Æ—6†W%÷7WÆVÖVçBÃã3‚÷3CS“‚Ó#RÓ#ScBÓ ¦¶÷¦Æ÷w6¶•ó##U÷66–VçF–f–5÷&W÷'G2ÆfööE÷v7FUö‡–G&ö6†%ó#C2ÃÃ3ƒrÃbã#SÃbÃBã3#SÃ3rÆ‡–G&ö6†"Ã#CÃRãÃ#cbãƒÃSãc3333332Ã3sbãCƒCC3ƒ“rÇG'VRÂÆW‡W&–ÖVçFÅ÷V&Æ—6†W%÷7WÆVÖVçBÃã3‚÷3CS“‚Ó#RÓ#ScBÓ ¦¶÷¦Æ÷w6¶•ó##U÷66–VçF–f–5÷&W÷'G2ÆfööE÷v7FUö‡–G&ö6†%ó#C2Ã"Ã3ƒrÃbã#SÃbÃBã3#SÃ3rÆ‡–G&ö6†"Ã#CÃRãÃ#S‚ãÃSãc3333332Ã3sBãSƒcCRÇG'VRÂÆW‡W&–ÖVçFÅ÷V&Æ—6†W%÷7WÆVÖVçBÃã3‚÷3CS“‚Ó#RÓ#ScBÓ ¦¶÷¦Æ÷w6¶•ó##U÷66–VçF–f–5÷&W÷'G2ÆfööE÷v7FUö‡–G&ö6†%ó#C2Ã2Ã3ƒrÃbã#SÃbÃBã3#SÃ3rÆ‡–G&ö6†"Ã#CÃRãÃ#sRã3ÃSãc3333332Ã3s‚ãCSƒSƒÇG'VRÂÆW‡W&–ÖVçFÅ÷V&Æ—6†W%÷7WÆVÖVçBÃã3‚÷3CS“‚Ó#RÓ#ScBÓ ¦¶÷¦Æ÷w6¶•ó##U÷66–VçF–f–5÷&W÷'G2ÆfööE÷v7FRÃÃ3ƒ‚ÃbãccccccrÃbÃBãCccccrÃ3rÆæöæRÂÃãÃ“s‚ãsÃSãsccccccrÃ332ã“SS#cSbÇG'VRÂÆW‡W&–ÖVçFÅ÷V&Æ—6†W%÷7WÆVÖVçBÃã3‚÷3CS“‚Ó#RÓ#ScBÓ ¦¶÷¦Æ÷w6¶•ó##U÷66–VçF–f–5÷&W÷'G2ÆfööE÷v7FRÃ"Ã3ƒ‚ÃbãccccccrÃbÃBãCccccrÃ3rÆæöæRÂÃãÃ#crãSÃSãsccccccrÃ3SBãcc3sÇG'VRÂÆW‡W&–ÖVçFÅ÷V&Æ—6†W%÷7WÆVÖVçBÃã3‚÷3CS“‚Ó#RÓ#ScBÓ ¦¶÷¦Æ÷w6¶•ó##U÷66–VçF–f–5÷&W÷'G2ÆfööE÷v7FRÃ2Ã3ƒ‚ÃbãccccccrÃbÃBãCccccrÃ3rÆæöæRÂÃãÃ#ƒBã#ÃSãsccccccrÃ3Srãs“C32ÇG'VRÂÆW‡W&–ÖVçFÅ÷V&Æ—6†W%÷7WÆVÖVçBÃã3‚÷3CS“‚Ó#RÓ#ScBÓ ¦¶÷¦Æ÷w6¶•ó##U÷66–VçF–f–5÷&W÷'G2ÆfööE÷v7FU÷F÷'&Vf7F–öåó#C2ÃÃ3ƒ‚ÃbãccccccrÃbÃBãCccccrÃ3rÇF÷'&Vf7F–öå÷&öGV7BÃ#CÃRãÃ##ãsÃSãsccccccrÃ3ƒbã3s3ƒƒs‚ÇG'VRÂÆW‡W&–ÖVçFÅ÷V&Æ—6†W%÷7WÆVÖVçBÃã3‚÷3CS“‚Ó#RÓ#ScBÓ ¦¶÷¦Æ÷w6¶•ó##U÷66–VçF–f–5÷&W÷'G2ÆfööE÷v7FU÷F÷'&Vf7F–öåó#C2Ã"Ã3ƒ‚ÃbãccccccrÃbÃBãCccccrÃ3rÇF÷'&Vf7F–öå÷&öGV7BÃ#CÃRãÃC‚ã#ÃSãsccccccrÂÓ‚ãcScc3cÆfÇ6RÆW†6ÇVFVEög&öÕ÷V&Æ—6†W%öÖVã²–æ6öç6—7FVçE÷&u÷6–væÂÆW‡W&–ÖVçFÅ÷V&Æ—6†W%÷7WÆVÖVçBÃã3‚÷3CS“‚Ó#RÓ#ScBÓ ¦¶÷¦Æ÷w6¶•ó##U÷66–VçF–f–5÷&W÷'G2ÆfööE÷v7FU÷F÷'&Vf7F–öåó#C2Ã2Ã3ƒ‚ÃbãccccccrÃbÃBãCccccrÃ3rÇF÷'&Vf7F–öå÷&öGV7BÃ#CÃRãÃ##3BãÃSãsccccccrÃ3“ãcc3C“2ÇG'VRÂÆW‡W&–ÖVçFÅ÷V&Æ—6†W%÷7WÆVÖVçBÃã3‚÷3CS“‚Ó#RÓ#ScBÓ ¦¶÷¦Æ÷w6¶•ó##U÷66–VçF–f–5÷&W÷'G2ÆfööE÷v7FU÷—&öÇ—6—5óc2ÃÃ3ƒ‚ÃbãccccccrÃbÃBãCccccrÃ3rÆ&–ö6†"ÃcÃRãÃ#“’ãCÃSãsccccccrÃ3cã##CsS’ÇG'VRÂÆW‡W&–ÖVçFÅ÷V&Æ—6†W%÷7WÆVÖVçBÃã3‚÷3CS“‚Ó#RÓ#ScBÓ ¦¶÷¦Æ÷w6¶•ó##U÷66–VçF–f–5÷&W÷'G2ÆfööE÷v7FU÷—&öÇ—6—5óc2Ã"Ã3ƒ‚ÃbãccccccrÃbÃBãCccccrÃ3rÆ&–ö6†"ÃcÃRãÃ#BãcÃSãsccccccrÃ3c"ã3““c“SS2ÇG'VRÂÆW‡W&–ÖVçFÅ÷V&Æ—6†W%÷7WÆVÖVçBÃã3‚÷3CS“‚Ó#RÓ#ScBÓ ¦¶÷¦Æ÷w6¶•ó##U÷66–VçF–f–5÷&W÷'G2ÆfööE÷v7FU÷—&öÇ—6—5óc2Ã2Ã3ƒ‚ÃbãccccccrÃbÃBãCccccrÃ3rÆ&–ö6†"ÃcÃRãÃƒSBãsÃSãsccccccrÃ3Rã“3#csƒcRÆfÇ6RÆW†6ÇVFVEög&öÕ÷V&Æ—6†W%öÖVã²–æ6öç6—7FVçE÷&u÷6–væÂÆW‡W&–ÖVçFÅ÷V&Æ—6†W%÷7WÆVÖVçBÃã3‚÷3CS“‚Ó#RÓ#ScBÓ ¦¶÷¦Æ÷w6¶•ó##U÷66–VçF–f–5÷&W÷'G2ÆfööE÷v7FUö‡–G&ö6†%ó#C2ÃÃ3ƒ‚ÃbãccccccrÃbÃBãCccccrÃ3rÆ‡–G&ö6†"Ã#CÃRãÃ#crãSÃSãsccccccrÃ3sbãc#Cƒ#ÇG'VRÂÆW‡W&–ÖVçFÅ÷V&Æ—6†W%÷7WÆVÖVçBÃã3‚÷3CS“‚Ó#RÓ#ScBÓ ¦¶÷¦Æ÷w6¶•ó##U÷66–VçF–f–5÷&W÷'G2ÆfööE÷v7FUö‡–G&ö6†%ó#C2Ã"Ã3ƒ‚ÃbãccccccrÃbÃBãCccccrÃ3rÆ‡–G&ö6†"Ã#CÃRãÃ#S‚ã“ÃSãsccccccrÃ3sBãcc“#3“C"ÇG'VRÂÆW‡W&–ÖVçFÅ÷V&Æ—6†W%÷7WÆVÖVçBÃã3‚÷3CS“‚Ó#RÓ#ScBÓ ¦¶÷¦Æ÷w6¶•ó##U÷66–VçF–f–5÷&W÷'G2ÆfööE÷v7FUö‡–G&ö6†%ó#C2Ã2Ã3ƒ‚ÃbãccccccrÃbÃBãCccccrÃ3rÆ‡–G&ö6†"Ã#CÃRãÃ#sbãÃSãsccccccrÃ3s‚ãS33#ƒ“2ÇG'VRÂÆW‡W&–ÖVçFÅ÷V&Æ—6†W%÷7WÆVÖVçBÃã3‚÷3CS“‚Ó#RÓ#ScBÓ ¦¶÷¦Æ÷w6¶•ó##U÷66–VçF–f–5÷&W÷'G2ÆfööE÷v7FRÃÃ3ƒ’Ãbã#ƒ33332ÃbÃBãS#ƒ332Ã3rÆæöæRÂÃãÃ“s’ãCÃSã“Ã33Bãs“Sc“c‚ÇG'VRÂÆW‡W&–ÖVçFÅ÷V&Æ—6†W%÷7WÆVÖVçBÃã3‚÷3CS“‚Ó#RÓ#ScBÓ ¦¶÷¦Æ÷w6¶•ó##U÷66–VçF–f–5÷&W÷'G2ÆfööE÷v7FRÃ"Ã3ƒ’Ãbã#ƒ33332ÃbÃBãS#ƒ332Ã3rÆæöæRÂÃãÃ#c‚ã#ÃSã“Ã3SBãCCcƒ2ÇG'VRÂÆW‡W&–ÖVçFÅ÷V&Æ—6†W%÷7WÆVÖVçBÃã3‚÷3CS“‚Ó#RÓ#ScBÓ ¦¶÷¦Æ÷w6¶•ó##U÷66–VçF–f–5÷&W÷'G2ÆfööE÷v7FRÃ2Ã3ƒ’Ãbã#ƒ33332ÃbÃBãS#ƒ332Ã3rÆæöæRÂÃãÃ#ƒBãƒÃSã“Ã3Srãƒ“SS“CÇG'VRÂÆW‡W&–ÖVçFÅ÷V&Æ—6†W%÷7WÆVÖVçBÃã3‚÷3CS“‚Ó#RÓ#ScBÓ ¦¶÷¦Æ÷w6¶•ó##U÷66–VçF–f–5÷&W÷'G2ÆfööE÷v7FU÷F÷'&Vf7F–öåó#C2ÃÃ3ƒ’Ãbã#ƒ33332ÃbÃBãS#ƒ332Ã3rÇF÷'&Vf7F–öå÷&öGV7BÃ#CÃRãÃ##ãSÃSã“Ã3ƒbãS#CS#cBÇG'VRÂÆW‡W&–ÖVçFÅ÷V&Æ—6†W%÷7WÆVÖVçBÃã3‚÷3CS“‚Ó#RÓ#ScBÓ ¦¶÷¦Æ÷w6¶•ó##U÷66–VçF–f–5÷&W÷'G2ÆfööE÷v7FU÷F÷'&Vf7F–öåó#C2Ã"Ã3ƒ’Ãbã#ƒ33332ÃbÃBãS#ƒ332Ã3rÇF÷'&Vf7F–öå÷&öGV7BÃ#CÃRãÃC‚ã3ÃSã“ÂÓ‚ãccCcƒRÆfÇ6RÆW†6ÇVFVEög&öÕ÷V&Æ—6†W%öÖVã²–æ6öç6—7FVçE÷&u÷6–væÂÆW‡W&–ÖVçFÅ÷V&Æ—6†W%÷7WÆVÖVçBÃã3‚÷3CS“‚Ó#RÓ#ScBÓ ¦¶÷¦Æ÷w6¶•ó##U÷66–VçF–f–5÷&W÷'G2ÆfööE÷v7FU÷F÷'&Vf7F–öåó#C2Ã2Ã3ƒ’Ãbã#ƒ33332ÃbÃBãS#ƒ332Ã3rÇF÷'&Vf7F–öå÷&öGV7BÃ#CÃRãÃ##3RãÃSã“Ã3“ãƒ3CSC“sBÇG'VRÂÆW‡W&–ÖVçFÅ÷V&Æ—6†W%÷7WÆVÖVçBÃã3‚÷3CS“‚Ó#RÓ#ScBÓ ¦¶÷¦Æ÷w6¶•ó##U÷66–VçF–f–5÷&W÷'G2ÆfööE÷v7FU÷—&öÇ—6—5óc2ÃÃ3ƒ’Ãbã#ƒ33332ÃbÃBãS#ƒ332Ã3rÆ&–ö6†"ÃcÃRãÃ#ãÃSã“Ã3cã3S#sSCsÇG'VRÂÆW‡W&–ÖVçFÅ÷V&Æ—6†W%÷7WÆVÖVçBÃã3‚÷3CS“‚Ó#RÓ#ScBÓ ¦¶÷¦Æ÷w6¶•ó##U÷66–VçF–f–5÷&W÷'G2ÆfööE÷v7FU÷—&öÇ—6—5óc2Ã"Ã3ƒ’Ãbã#ƒ33332ÃbÃBãS#ƒ332Ã3rÆ&–ö6†"ÃcÃRãÃ#Rã3ÃSã“Ã3c"ãS#ss3ƒcRÇG'VRÂÆW‡W&–ÖVçFÅ÷V&Æ—6†W%÷7WÆVÖVçBÃã3‚÷3CS“‚Ó#RÓ#ScBÓ ¦¶÷¦Æ÷w6¶•ó##U÷66–VçF–f–5÷&W÷'G2ÆfööE÷v7FU÷—&öÇ—6—5óc2Ã2Ã3ƒ’Ãbã#ƒ33332ÃbÃBãS#ƒ332Ã3rÆ&–ö6†"ÃcÃRãÃƒSRãCÃSã“Ã3bãcs#srÆfÇ6RÆW†6ÇVFVEög&öÕ÷V&Æ—6†W%öÖVã²–æ6öç6—7FVçE÷&u÷6–væÂÆW‡W&–ÖVçFÅ÷V&Æ—6†W%÷7WÆVÖVçBÃã3‚÷3CS“‚Ó#RÓ#ScBÓ ¦¶÷¦Æ÷w6¶•ó##U÷66–VçF–f–5÷&W÷'G2ÆfööE÷v7FUö‡–G&ö6†%ó#C2ÃÃ3ƒ’Ãbã#ƒ33332ÃbÃBãS#ƒ332Ã3rÆ‡–G&ö6†"Ã#CÃRãÃ#c‚ã3ÃSã“Ã3sbãsc3#bÇG'VRÂÆW‡W&–ÖVçFÅ÷V&Æ—6†W%÷7WÆVÖVçBÃã3‚÷3CS“‚Ó#RÓ#ScBÓ ¦¶÷¦Æ÷w6¶•ó##U÷66–VçF–f–5÷&W÷'G2ÆfööE÷v7FUö‡–G&ö6†%ó#C2Ã"Ã3ƒ’Ãbã#ƒ33332ÃbÃBãS#ƒ332Ã3rÆ‡–G&ö6†"Ã#CÃRãÃ#S’ãsÃSã“Ã3sBãƒ“ƒsƒ3‚ÇG'VRÂÆW‡W&–ÖVçFÅ÷V&Æ—6†W%÷7WÆVÖVçBÃã3‚÷3CS“‚Ó#RÓ#ScBÓ ¦¶÷¦Æ÷w6¶•ó##U÷66–VçF–f–5÷&W÷'G2ÆfööE÷v7FUö‡–G&ö6†%ó#C2Ã2Ã3ƒ’Ãbã#ƒ33332ÃbÃBãS#ƒ332Ã3rÆ‡–G&ö6†"Ã#CÃRãÃ#sbãsÃSã“Ã3s‚ãccs#RÇG'VRÂÆW‡W&–ÖVçFÅ÷V&Æ—6†W%÷7WÆVÖVçBÃã3‚÷3CS“‚Ó#RÓ#ScBÓ ¦¶÷¦Æ÷w6¶•ó##U÷66–VçF–f–5÷&W÷'G2ÆfööE÷v7FRÃÃ3“Ãbã#SÃrÃBãc#SÃ3rÆæöæRÂÃãÃ“ƒãÃSãÃ33Bã“#SCƒ“ÇG'VRÂÆW‡W&–ÖVçFÅ÷V&Æ—6†W%÷7WÆVÖVçBÃã3‚÷3CS“‚Ó#RÓ#ScBÓ ¦¶÷¦Æ÷w6¶•ó##U÷66–VçF–f–5÷&W÷'G2ÆfööE÷v7FRÃ"Ã3“Ãbã#SÃrÃBãc#SÃ3rÆæöæRÂÃãÃ#c‚ã“ÃSãÃ3SBã#ƒ#SS#ÇG'VRÂÆW‡W&–ÖVçFÅ÷V&Æ—6†W%÷7WÆVÖVçBÃã3‚÷3CS“‚Ó#RÓ#ScBÓ ¦¶÷¦Æ÷w6¶•ó##U÷66–VçF–f–5÷&W÷'G2ÆfööE÷v7FRÃ2Ã3“Ãbã#SÃrÃBãc#SÃ3rÆæöæRÂÃãÃ#ƒRãSÃSãÃ3S‚ã3cSC‚ÇG'VRÂÆW‡W&–ÖVçFÅ÷V&Æ—6†W%÷7WÆVÖVçBÃã3‚÷3CS“‚Ó#RÓ#ScBÓ ¦¶÷¦Æ÷w6¶•ó##U÷66–VçF–f–5÷&W÷'G2ÆfööE÷v7FU÷F÷'&Vf7F–öåó#C2ÃÃ3“Ãbã#SÃrÃBãc#SÃ3rÇF÷'&Vf7F–öå÷&öGV7BÃ#CÃRãÃ##"ã3ÃSãÃ3ƒbãcƒ#c“sbÇG'VRÂÆW‡W&–ÖVçFÅ÷V&Æ—6†W%÷7WÆVÖVçBÃã3‚÷3CS“‚Ó#RÓ#ScBÓ ¦¶÷¦Æ÷w6¶•ó##U÷66–VçF–f–5÷&W÷'G2ÆfööE÷v7FU÷F÷'&Vf7F–öåó#C2Ã"Ã3“Ãbã#SÃrÃBãc#SÃ3rÇF÷'&Vf7F–öå÷&öGV7BÃ#CÃRãÃC‚ã3ÃSãÂÓ‚ãcƒcsc3ƒ’ÆfÇ6RÆW†6ÇVFVEög&öÕ÷V&Æ—6†W%öÖVã²–æ6öç6—7FVçE÷&u÷6–væÂÆW‡W&–ÖVçFÅ÷V&Æ—6†W%÷7WÆVÖVçBÃã3‚÷3CS“‚Ó#RÓ#ScBÓ ¦¶÷¦Æ÷w6¶•ó##U÷66–VçF–f–5÷&W÷'G2ÆfööE÷v7FU÷F÷'&Vf7F–öåó#C2Ã2Ã3“Ãbã#SÃrÃBãc#SÃ3rÇF÷'&Vf7F–öå÷&öGV7BÃ#CÃRãÃ##3Rã“ÃSãÃ3“"ãS3cSÇG'VRÂÆW‡W&–ÖVçFÅ÷V&Æ—6†W%÷7WÆVÖVçBÃã3‚÷3CS“‚Ó#RÓ#ScBÓ ¦¶÷¦Æ÷w6¶•ó##U÷66–VçF–f–5÷&W÷'G2ÆfööE÷v7FU÷—&öÇ—6—5óc2ÃÃ3“Ãbã#SÃrÃBãc#SÃ3rÆ&–ö6†"ÃcÃRãÃ#ãsÃSãÃ3cãCcSs33“BÇG'VRÂÆW‡W&–ÖVçFÅ÷V&Æ—6†W%÷7WÆVÖVçBÃã3‚÷3CS“‚Ó#RÓ#ScBÓ ¦¶÷¦Æ÷w6¶•ó##U÷66–VçF–f–5÷&W÷'G2ÆfööE÷v7FU÷—&öÇ—6—5óc2Ã"Ã3“Ãbã#SÃrÃBãc#SÃ3rÆ&–ö6†"ÃcÃRãÃ#bãÃSãÃ3c"ãcc333s2ÇG'VRÂÆW‡W&–ÖVçFÅ÷V&Æ—6†W%÷7WÆVÖVçBÃã3‚÷3CS“‚Ó#RÓ#ScBÓ ¦¶÷¦Æ÷w6¶•ó##U÷66–VçF–f–5÷&W÷'G2ÆfööE÷v7FU÷—&öÇ—6—5óc2Ã2Ã3“Ãbã#SÃrÃBãc#SÃ3rÆ&–ö6†"ÃcÃRãÃƒSbãÃSãÃ3bã“c#“cƒBÆfÇ6RÆW†6ÇVFVEög&öÕ÷V&Æ—6†W%öÖVã²–æ6öç6—7FVçE÷&u÷6–væÂÆW‡W&–ÖVçFÅ÷V&Æ—6†W%÷7WÆVÖVçBÃã3‚÷3CS“‚Ó#RÓ#ScBÓ ¦¶÷¦Æ÷w6¶•ó##U÷66–VçF–f–5÷&W÷'G2ÆfööE÷v7FUö‡–G&ö6†%ó#C2ÃÃ3“Ãbã#SÃrÃBãc#SÃ3rÆ‡–G&ö6†"Ã#CÃRãÃ#c’ãÃSãÃ3sbã“##““‚ÇG'VRÂÆW‡W&–ÖVçFÅ÷V&Æ—6†W%÷7WÆVÖVçBÃã3‚÷3CS“‚Ó#RÓ#ScBÓ ¦¶÷¦Æ÷w6¶•ó##U÷66–VçF–f–5÷&W÷'G2ÆfööE÷v7FUö‡–G&ö6†%ó#C2Ã"Ã3“Ãbã#SÃrÃBãc#SÃ3rÆ‡–G&ö6†"Ã#CÃRãÃ#cãSÃSãÃ3sBã“sƒC“3ÇG'VRÂÆW‡W&–ÖVçFÅ÷V&Æ—6†W%÷7WÆVÖVçBÃã3‚÷3CS“‚Ó#RÓ#ScBÓ ¦¶÷¦Æ÷w6¶•ó##U÷66–VçF–f–5÷&W÷'G2ÆfööE÷v7FUö‡–G&ö6†%ó#C2Ã2Ã3“Ãbã#SÃrÃBãc#SÃ3rÆ‡–G&ö6†"Ã#CÃRãÃ#srãSÃSãÃ3s‚ãƒ“3C#“rÇG'VRÂÆW‡W&–ÖVçFÅ÷V&Æ—6†W%÷7WÆVÖVçBÃã3‚÷3CS“‚Ó#RÓ#ScBÓ ¦¶÷¦Æ÷w6¶•ó##U÷66–VçF–f–5÷&W÷'G2ÆfööE÷v7FRÃÃ3“Ãbã#“ccccrÃrÃBãs#“ccrÃ3rÆæöæRÂÃãÃ“ƒãsÃSã3333332Ã33Bã3#S“#2ÇG'VRÂÆW‡W&–ÖVçFÅ÷V&Æ—6†W%÷7WÆVÖVçBÃã3‚÷3CS“‚Ó#RÓ#ScBÓ ¦¶÷¦Æ÷w6¶•ó##U÷66–VçF–f–5÷&W÷'G2ÆfööE÷v7FRÃ"Ã3“Ãbã#“ccccrÃrÃBãs#“ccrÃ3rÆæöæRÂÃãÃ#c’ãcÃSã3333332Ã3SBãCƒ#“ƒ3"ÇG'VRÂÆW‡W&–ÖVçFÅ÷V&Æ—6†W%÷7WÆVÖVçBÃã3‚÷3CS“‚Ó#RÓ#ScBÓ ¦¶÷¦Æ÷w6¶•ó##U÷66–VçF–f–5÷&W÷'G2ÆfööE÷v7FRÃ2Ã3“Ãbã#“ccccrÃrÃBãs#“ccrÃ3rÆæöæRÂÃãÃ#ƒbãÃSã3333332Ã3S‚ã3cc#sbÇG'VRÂÆW‡W&–ÖVçFÅ÷V&Æ—6†W%÷7WÆVÖVçBÃã3‚÷3CS“‚Ó#RÓ#ScBÓ ¦¶÷¦Æ÷w6¶•ó##U÷66–VçF–f–5÷&W÷'G2ÆfööE÷v7FU÷F÷'&Vf7F–öåó#C2ÃÃ3“Ãbã#“ccccrÃrÃBãs#“ccrÃ3rÇF÷'&Vf7F–öå÷&öGV7BÃ#CÃRãÃ##2ã#ÃSã3333332Ã3ƒbãƒSS“3ƒrÇG'VRÂÆW‡W&–ÖVçFÅ÷V&Æ—6†W%÷7WÆVÖVçBÃã3‚÷3CS“‚Ó#RÓ#ScBÓ ¦¶÷¦Æ÷w6¶•ó##U÷66–VçF–f–5÷&W÷'G2ÆfööE÷v7FU÷F÷'&Vf7F–öåó#C2Ã"Ã3“Ãbã#“ccccrÃrÃBãs#“ccrÃ3rÇF÷'&Vf7F–öå÷&öGV7BÃ#CÃRãÃC‚ã3ÃSã3333332ÂÓ‚ãscƒ“c‚ÆfÇ6RÆW†6ÇVFVEög&öÕ÷V&Æ—6†W%öÖVã²–æ6öç6—7FVçE÷&u÷6–væÂÆW‡W&–ÖVçFÅ÷V&Æ—6†W%÷7WÆVÖVçBÃã3‚÷3CS“‚Ó#RÓ#ScBÓ ¦¶÷¦Æ÷w6¶•ó##U÷66–VçF–f–5÷&W÷'G2ÆfööE÷v7FU÷F÷'&Vf7F–öåó#C2Ã2Ã3“Ãbã#“ccccrÃrÃBãs#“ccrÃ3rÇF÷'&Vf7F–öå÷&öGV7BÃ#CÃRãÃ##3bãƒÃSã3333332Ã3“"ãƒƒSS3ÇG'VRÂÆW‡W&–ÖVçFÅ÷V&Æ—6†W%÷7WÆVÖVçBÃã3‚÷3CS“‚Ó#RÓ#ScBÓ ¦¶÷¦Æ÷w6¶•ó##U÷66–VçF–f–5÷&W÷'G2ÆfööE÷v7FU÷—&öÇ—6—5óc2ÃÃ3“Ãbã#“ccccrÃrÃBãs#“ccrÃ3rÆ&–ö6†"ÃcÃRãÃ#ãCÃSã3333332Ã3cãS“3sssbÇG'VRÂÆW‡W&–ÖVçFÅ÷V&Æ—6†W%÷7WÆVÖVçBÃã3‚÷3CS“‚Ó#RÓ#ScBÓ ¦¶÷¦Æ÷w6¶•ó##U÷66–VçF–f–5÷&W÷'G2ÆfööE÷v7FU÷—&öÇ—6—5óc2Ã"Ã3“Ãbã#“ccccrÃrÃBãs#“ccrÃ3rÆ&–ö6†"ÃcÃRãÃ#bãsÃSã3333332Ã3c"ãs“3ScƒRÇG'VRÂÆW‡W&–ÖVçFÅ÷V&Æ—6†W%÷7WÆVÖVçBÃã3‚÷3CS“‚Ó#RÓ#ScBÓ ¦¶÷¦Æ÷w6¶•ó##U÷66–VçF–f–5÷&W÷'G2ÆfööE÷v7FU÷—&öÇ—6—5óc2Ã2Ã3“Ãbã#“ccccrÃrÃBãs#“ccrÃ3rÆ&–ö6†"ÃcÃRãÃƒSbãƒÃSã3333332Ã3bã3#C33““bÆfÇ6RÆW†6ÇVFVEög&öÕ÷V&Æ—6†W%öÖVã²–æ6öç6—7FVçE÷&u÷6–væÂÆW‡W&–ÖVçFÅ÷V&Æ—6†W%÷7WÆVÖVçBÃã3‚÷3CS“‚Ó#RÓ#ScBÓ ¦¶÷¦Æ÷w6¶•ó##U÷66–VçF–f–5÷&W÷'G2ÆfööE÷v7FUö‡–G&ö6†%ó#C2ÃÃ3“Ãbã#“ccccrÃrÃBãs#“ccrÃ3rÆ‡–G&ö6†"Ã#CÃRãÃ#c’ã“ÃSã3333332Ã3srãs“3“RÇG'VRÂÆW‡W&–ÖVçFÅ÷V&Æ—6†W%÷7WÆVÖVçBÃã3‚÷3CS“‚Ó#RÓ#ScBÓ ¦¶÷¦Æ÷w6¶•ó##U÷66–VçF–f–5÷&W÷'G2ÆfööE÷v7FUö‡–G&ö6†%ó#C2Ã"Ã3“Ãbã#“ccccrÃrÃBãs#“ccrÃ3rÆ‡–G&ö6†"Ã#CÃRãÃ#cã#ÃSã3333332Ã3sRãc“#C"ÇG'VRÂÆW‡W&–ÖVçFÅ÷V&Æ—6†W%÷7WÆVÖVçBÃã3‚÷3CS“‚Ó#RÓ#ScBÓ ¦¶÷¦Æ÷w6¶•ó##U÷66–VçF–f–5÷&W÷'G2ÆfööE÷v7FUö‡–G&ö6†%ó#C2Ã2Ã3“Ãbã#“ccccrÃrÃBãs#“ccrÃ3rÆ‡–G&ö6†"Ã#CÃRãÃ#s‚ã3ÃSã3333332Ã3s‚ã“c““ƒ“2ÇG'VRÂÆW‡W&–ÖVçFÅ÷V&Æ—6†W%÷7WÆVÖVçBÃã3‚÷3CS“‚Ó#RÓ#ScBÓ ¦¶÷¦Æ÷w6¶•ó##U÷66–VçF–f–5÷&W÷'G2ÆfööE÷v7FRÃÃ3“"Ãbã33333332ÃrÃBãƒ333332Ã3rÆæöæRÂÃãÃ“ƒã3ÃSã#ccccccrÃ33BãC#c3“3ÇG'VRÂÆW‡W&–ÖVçFÅ÷V&Æ—6†W%÷7WÆVÖVçBÃã3‚÷3CS“‚Ó#RÓ#ScBÓ ¦¶÷¦Æ÷w6¶•ó##U÷66–VçF–f–5÷&W÷'G2ÆfööE÷v7FRÃ"Ã3“"Ãbã33333332ÃrÃBãƒ333332Ã3rÆæöæRÂÃãÃ#sã3ÃSã#ccccccrÃ3SBãS3c3CCBÇG'VRÂÆW‡W&–ÖVçFÅ÷V&Æ—6†W%÷7WÆVÖVçBÃã3‚÷3CS“‚Ó#RÓ#ScBÓ ¦¶÷¦Æ÷w6¶•ó##U÷66–VçF–f–5÷&W÷'G2ÆfööE÷v7FRÃ2Ã3“"Ãbã33333332ÃrÃBãƒ333332Ã3rÆæöæRÂÃãÃ#ƒbãƒÃSã#ccccccrÃ3S‚ã#cCcSSƒ‚ÇG'VRÂÆW‡W&–ÖVçFÅ÷V&Æ—6†W%÷7WÆVÖVçBÃã3‚÷3CS“‚Ó#RÓ#ScBÓ ¦¶÷¦Æ÷w6¶•ó##U÷66–VçF–f–5÷&W÷'G2ÆfööE÷v7FU÷F÷'&Vf7F–öåó#C2ÃÃ3“"Ãbã33333332ÃrÃBãƒ333332Ã3rÇF÷'&Vf7F–öå÷&öGV7BÃ#CÃRãÃ##BãÃSã#ccccccrÃ3ƒrãcSsƒBÇG'VRÂÆW‡W&–ÖVçFÅ÷V&Æ—6†W%÷7WÆVÖVçBÃã3‚÷3CS“‚Ó#RÓ#ScBÓ ¦¶÷¦Æ÷w6¶•ó##U÷66–VçF–f–5÷&W÷'G2ÆfööE÷v7FU÷F÷'&Vf7F–öåó#C2Ã"Ã3“"Ãbã33333332ÃrÃBãƒ333332Ã3rÇF÷'&Vf7F–öå÷&öGV7BÃ#CÃRãÃC‚ãCÃSã#ccccccrÂÓ‚ãs#CC#3c2ÆfÇ6RÆW†6ÇVFVEög&öÕ÷V&Æ—6†W%öÖVã²–æ6öç6—7FVçE÷&u÷6–væÂÆW‡W&–ÖVçFÅ÷V&Æ—6†W%÷7WÆVÖVçBÃã3‚÷3CS“‚Ó#RÓ#ScBÓ ¦¶÷¦Æ÷w6¶•ó##U÷66–VçF–f–5÷&W÷'G2ÆfööE÷v7FU÷F÷'&Vf7F–öåó#C2Ã2Ã3“"Ãbã33333332ÃrÃBãƒ333332Ã3rÇF÷'&Vf7F–öå÷&öGV7BÃ#CÃRãÃ##3rãsÃSã#ccccccrÃ3“"ã3csƒc"ÇG'VRÂÆW‡W&–ÖVçFÅ÷V&Æ—6†W%÷7WÆVÖVçBÃã3‚÷3CS“‚Ó#RÓ#ScBÓ ¦¶÷¦Æ÷w6¶•ó##U÷66–VçF–f–5÷&W÷'G2ÆfööE÷v7FU÷—&öÇ—6—5óc2ÃÃ3“"Ãbã33333332ÃrÃBãƒ333332Ã3rÆ&–ö6†"ÃcÃRãÃ#"ãÃSã#ccccccrÃ3cãs#ƒ#‚ÇG'VRÂÆW‡W&–ÖVçFÅ÷V&Æ—6†W%÷7WÆVÖVçBÃã3‚÷3CS“‚Ó#RÓ#ScBÓ ¦¶÷¦Æ÷w6¶•ó##U÷66–VçF–f–5÷&W÷'G2ÆfööE÷v7FU÷—&öÇ—6—5óc2Ã"Ã3“"Ãbã33333332ÃrÃBãƒ333332Ã3rÆ&–ö6†"ÃcÃRãÃ#rãCÃSã#ccccccrÃ3c"ã““3“““rÇG'VRÂÆW‡W&–ÖVçFÅ÷V&Æ—6†W%÷7WÆVÖVçBÃã3‚÷3CS“‚Ó#RÓ#ScBÓ ¦¶÷¦Æ÷w6¶•ó##U÷66–VçF–f–5÷&W÷'G2ÆfööE÷v7FU÷—&öÇ—6—5óc2Ã2Ã3“"Ãbã33333332ÃrÃBãƒ333332Ã3rÆ&–ö6†"ÃcÃRãÃƒSrãSÃSã#ccccccrÃ3bãCS#3ƒ3‚ÆfÇ6RÆW†6ÇVFVEög&öÕ÷V&Æ—6†W%öÖVã²–æ6öç6—7FVçE÷&u÷6–væÂÆW‡W&–ÖVçFÅ÷V&Æ—6†W%÷7WÆVÖVçBÃã3‚÷3CS“‚Ó#RÓ#ScBÓ ¦¶÷¦Æ÷w6¶•ó##U÷66–VçF–f–5÷&W÷'G2ÆfööE÷v7FUö‡–G&ö6†%ó#C2ÃÃ3“"Ãbã33333332ÃrÃBãƒ333332Ã3rÆ‡–G&ö6†"Ã#CÃRãÃ#sãcÃSã#ccccccrÃ3srã“““sCrÇG'VRÂÆW‡W&–ÖVçFÅ÷V&Æ—6†W%÷7WÆVÖVçBÃã3‚÷3CS“‚Ó#RÓ#ScBÓ ¦¶÷¦Æ÷w6¶•ó##U÷66–VçF–f–5÷&W÷'G2ÆfööE÷v7FUö‡–G&ö6†%ó#C2Ã"Ã3“"Ãbã33333332ÃrÃBãƒ333332Ã3rÆ‡–G&ö6†"Ã#CÃRãÃ#c"ãÃSã#ccccccrÃ3sRã#Scs33’ÇG'VRÂÆW‡W&–ÖVçFÅ÷V&Æ—6†W%÷7WÆVÖVçBÃã3‚÷3CS“‚Ó#RÓ#ScBÓ ¦¶÷¦Æ÷w6¶•ó##U÷66–VçF–f–5÷&W÷'G2ÆfööE÷v7FUö‡–G&ö6†%ó#C2Ã2Ã3“"Ãbã33333332ÃrÃBãƒ333332Ã3rÆ‡–G&ö6†"Ã#CÃRãÃ#s’ãÃSã#ccccccrÃ3s’ã“ƒ#SbÇG'VRÂÆW‡W&–ÖVçFÅ÷V&Æ—6†W%÷7WÆVÖVçBÃã3‚÷3CS“‚Ó#RÓ#ScBÓ ¦¶÷¦Æ÷w6¶•ó##U÷66–VçF–f–5÷&W÷'G2ÆfööE÷v7FRÃÃ3“2Ãbã3sSÃrÃBã“3sSÃ3rÆæöæRÂÃãÃ“ƒ"ãÃSãCÃ33BãSSCƒ#C2ÇG'VRÂÆW‡W&–ÖVçFÅ÷V&Æ—6†W%÷7WÆVÖVçBÃã3‚÷3CS“‚Ó#RÓ#ScBÓ ¦¶÷¦Æ÷w6¶•ó##U÷66–VçF–f–5÷&W÷'G2ÆfööE÷v7FRÃ"Ã3“2Ãbã3sSÃrÃBã“3sSÃ3rÆæöæRÂÃãÃ#sãÃSãCÃ3SBãccC3ƒCSbÇG'VRÂÆW‡W&–ÖVçFÅ÷V&Æ—6†W%÷7WÆVÖVçBÃã3‚÷3CS“‚Ó#RÓ#ScBÓ ¦¶÷¦Æ÷w6¶•ó##U÷66–VçF–f–5÷&W÷'G2ÆfööE÷v7FRÃ2Ã3“2Ãbã3sSÃrÃBã“3sSÃ3rÆæöæRÂÃãÃ#ƒrãCÃSãCÃ3S‚ã3s3bÇG'VRÂÆW‡W&–ÖVçFÅ÷V&Æ—6†W%÷7WÆVÖVçBÃã3‚÷3CS“‚Ó#RÓ#ScBÓ ¦¶÷¦Æ÷w6¶•ó##U÷66–VçF–f–5÷&W÷'G2ÆfööE÷v7FU÷F÷'&Vf7F–öåó#C2ÃÃ3“2Ãbã3sSÃrÃBã“3sSÃ3rÇF÷'&Vf7F–öå÷&öGV7BÃ#CÃRãÃ##Bã“ÃSãCÃ3ƒrãs“ƒScRÇG'VRÂÆW‡W&–ÖVçFÅ÷V&Æ—6†W%÷7WÆVÖVçBÃã3‚÷3CS“‚Ó#RÓ#ScBÓ ¦¶÷¦Æ÷w6¶•ó##U÷66–VçF–f–5÷&W÷'G2ÆfööE÷v7FU÷F÷'&Vf7F–öåó#C2Ã"Ã3“2Ãbã3sSÃrÃBã“3sSÃ3rÇF÷'&Vf7F–öå÷&öGV7BÃ#CÃRãÃC‚ãCÃSãCÂÓ‚ãsSCSSC2ÆfÇ6RÆW†6ÇVFVEög&öÕ÷V&Æ—6†W%öÖVã²–æ6öç6—7FVçE÷&u÷6–væÂÆW‡W&–ÖVçFÅ÷V&Æ—6†W%÷7WÆVÖVçBÃã3‚÷3CS“‚Ó#RÓ#ScBÓ ¦¶÷¦Æ÷w6¶•ó##U÷66–VçF–f–5÷&W÷'G2ÆfööE÷v7FU÷F÷'&Vf7F–öåó#C2Ã2Ã3“2Ãbã3sSÃrÃBã“3sSÃ3rÇF÷'&Vf7F–öå÷&öGV7BÃ#CÃRãÃ##3‚ãcÃSãCÃ3“"ãS3S#“BÇG'VRÂÆW‡W&–ÖVçFÅ÷V&Æ—6†W%÷7WÆVÖVçBÃã3‚÷3CS“‚Ó#RÓ#ScBÓ ¦¶÷¦Æ÷w6¶•ó##U÷66–VçF–f–5÷&W÷'G2ÆfööE÷v7FU÷—&öÇ—6—5óc2ÃÃ3“2Ãbã3sSÃrÃBã“3sSÃ3rÆ&–ö6†"ÃcÃRãÃ#"ãƒÃSãCÃ3cãƒC“ƒc33ÇG'VRÂÆW‡W&–ÖVçFÅ÷V&Æ—6†W%÷7WÆVÖVçBÃã3‚÷3CS“‚Ó#RÓ#ScBÓ ¦¶÷¦Æ÷w6¶•ó##U÷66–VçF–f–5÷&W÷'G2ÆfööE÷v7FU÷—&öÇ—6—5óc2Ã"Ã3“2Ãbã3sSÃrÃBã“3sSÃ3rÆ&–ö6†"ÃcÃRãÃ#‚ãÃSãCÃ3c2ãCsCC3’ÇG'VRÂÆW‡W&–ÖVçFÅ÷V&Æ—6†W%÷7WÆVÖVçBÃã3‚÷3CS“‚Ó#RÓ#ScBÓ ¦¶÷¦Æ÷w6¶•ó##U÷66–VçF–f–5÷&W÷'G2ÆfööE÷v7FU÷—&öÇ—6—5óc2Ã2Ã3“2Ãbã3sSÃrÃBã“3sSÃ3rÆ&–ö6†"ÃcÃRãÃƒS‚ã#ÃSãCÃ3bãSƒC#c#ÆfÇ6RÆW†6ÇVFVEög&öÕ÷V&Æ—6†W%öÖVã²–æ6öç6—7FVçE÷&u÷6–væÂÆW‡W&–ÖVçFÅ÷V&Æ—6†W%÷7WÆVÖVçBÃã3‚÷3CS“‚Ó#RÓ#ScBÓ ¦¶÷¦Æ÷w6¶•ó##U÷66–VçF–f–5÷&W÷'G2ÆfööE÷v7FUö‡–G&ö6†%ó#C2ÃÃ3“2Ãbã3sSÃrÃBã“3sSÃ3rÆ‡–G&ö6†"Ã#CÃRãÃ#sãCÃSãCÃ3srã3Sc32ÇG'VRÂÆW‡W&–ÖVçFÅ÷V&Æ—6†W%÷7WÆVÖVçBÃã3‚÷3CS“‚Ó#RÓ#ScBÓ ¦¶÷¦Æ÷w6¶•ó##U÷66–VçF–f–5÷&W÷'G2ÆfööE÷v7FUö‡–G&ö6†%ó#C2Ã"Ã3“2Ãbã3sSÃrÃBã“3sSÃ3rÆ‡–G&ö6†"Ã#CÃRãÃ#c"ãƒÃSãCÃ3sRãCs3s3bÇG'VRÂÆW‡W&–ÖVçFÅ÷V&Æ—6†W%÷7WÆVÖVçBÃã3‚÷3CS“‚Ó#RÓ#ScBÓ ¦¶÷¦Æ÷w6¶•ó##U÷66–VçF–f–5÷&W÷'G2ÆfööE÷v7FUö‡–G&ö6†%ó#C2Ã2Ã3“2Ãbã3sSÃrÃBã“3sSÃ3rÆ‡–G&ö6†"Ã#CÃRãÃ#s’ãƒÃSãCÃ3s’ã#CƒccC"ÇG'VRÂÆW‡W&–ÖVçFÅ÷V&Æ—6†W%÷7WÆVÖVçBÃã3‚÷3CS“‚Ó#RÓ#ScBÓ ¦¶÷¦Æ÷w6¶•ó##U÷66–VçF–f–5÷&W÷'G2ÆfööE÷v7FRÃÃ3“BÃbãCcccccrÃrÃBãCcccrÃ3rÆæöæRÂÃãÃ“ƒ"ãcÃSãS3333332Ã33BãcS“S#“sÇG'VRÂÆW‡W&–ÖVçFÅ÷V&Æ—6†W%÷7WÆVÖVçBÃã3‚÷3CS“‚Ó#RÓ#ScBÓ ¦¶÷¦Æ÷w6¶•ó##U÷66–VçF–f–5÷&W÷'G2ÆfööE÷v7FRÃ"Ã3“BÃbãCcccccrÃrÃBãCcccrÃ3rÆæöæRÂÃãÃ#sãsÃSãS3333332Ã3SBãs“#C#sc‚ÇG'VRÂÆW‡W&–ÖVçFÅ÷V&Æ—6†W%÷7WÆVÖVçBÃã3‚÷3CS“‚Ó#RÓ#ScBÓ ¦¶÷¦Æ÷w6¶•ó##U÷66–VçF–f–5÷&W÷'G2ÆfööE÷v7FRÃ2Ã3“BÃbãCcccccrÃrÃBãCcccrÃ3rÆæöæRÂÃãÃ#ƒ‚ãÃSãS3333332Ã3S‚ãC“ƒCc#‚ÇG'VRÂÆW‡W&–ÖVçFÅ÷V&Æ—6†W%÷7WÆVÖVçBÃã3‚÷3CS“‚Ó#RÓ#ScBÓ ¦¶÷¦Æ÷w6¶•ó##U÷66–VçF–f–5÷&W÷'G2ÆfööE÷v7FU÷F÷'&Vf7F–öåó#C2ÃÃ3“BÃbãCcccccrÃrÃBãCcccrÃ3rÇF÷'&Vf7F–öå÷&öGV7BÃ#CÃRãÃ##RãsÃSãS3333332Ã3ƒrã33CCCc"ÇG'VRÂÆW‡W&–ÖVçFÅ÷V&Æ—6†W%÷7WÆVÖVçBÃã3‚÷3CS“‚Ó#RÓ#ScBÓ ¦¶÷¦Æ÷w6¶•ó##U÷66–VçF–f–5÷&W÷'G2ÆfööE÷v7FU÷F÷'&Vf7F–öåó#C2Ã"Ã3“BÃbãCcccccrÃrÃBãCcccrÃ3rÇF÷'&Vf7F–öå÷&öGV7BÃ#CÃRãÃC‚ãSÃSãS3333332ÂÓ‚ãsc#ƒ33rÆfÇ6RÆW†6ÇVFVEög&öÕ÷V&Æ—6†W%öÖVã²–æ6öç6—7FVçE÷&u÷6–væÂÆW‡W&–ÖVçFÅ÷V&Æ—6†W%÷7WÆVÖVçBÃã3‚÷3CS“‚Ó#RÓ#ScBÓ ¦¶÷¦Æ÷w6¶•ó##U÷66–VçF–f–5÷&W÷'G2ÆfööE÷v7FU÷F÷'&Vf7F–öåó#C2Ã2Ã3“BÃbãCcccccrÃrÃBãCcccrÃ3rÇF÷'&Vf7F–öå÷&öGV7BÃ#CÃRãÃ##3’ãSÃSãS3333332Ã3“"ãsƒ#SSsRÇG'VRÂÆW‡W&–ÖVçFÅ÷V&Æ—6†W%÷7WÆVÖVçBÃã3‚÷3CS“‚Ó#RÓ#ScBÓ ¦¶÷¦Æ÷w6¶•ó##U÷66–VçF–f–5÷&W÷'G2ÆfööE÷v7FU÷—&öÇ—6—5óc2ÃÃ3“BÃbãCcccccrÃrÃBãCcccrÃ3rÆ&–ö6†"ÃcÃRãÃ#2ãSÃSãS3333332Ã3cã“ss“cC"ÇG'VRÂÆW‡W&–ÖVçFÅ÷V&Æ—6†W%÷7WÆVÖVçBÃã3‚÷3CS“‚Ó#RÓ#ScBÓ ¦¶÷¦Æ÷w6¶•ó##U÷66–VçF–f–5÷&W÷'G2ÆfööE÷v7FU÷—&öÇ—6—5óc2Ã"Ã3“BÃbãCcccccrÃrÃBãCcccrÃ3rÆ&–ö6†"ÃcÃRãÃ#‚ã“ÃSãS3333332Ã3c2ã“ƒƒ#bÇG'VRÂÆW‡W&–ÖVçFÅ÷V&Æ—6†W%÷7WÆVÖVçBÃã3‚÷3CS“‚Ó#RÓ#ScBÓ ¦¶÷¦Æ÷w6¶•ó##U÷66–VçF–f–5÷&W÷'G2ÆfööE÷v7FU÷—&öÇ—6—5óc2Ã2Ã3“BÃbãCcccccrÃrÃBãCcccrÃ3rÆ&–ö6†"ÃcÃRãÃƒS‚ã“ÃSãS3333332Ã3bãsƒCc“32ÆfÇ6RÆW†6ÇVFVEög&öÕ÷V&Æ—6†W%öÖVã²–æ6öç6—7FVçE÷&u÷6–væÂÆW‡W&–ÖVçFÅ÷V&Æ—6†W%÷7WÆVÖVçBÃã3‚÷3CS“‚Ó#RÓ#ScBÓ ¦¶÷¦Æ÷w6¶•ó##U÷66–VçF–f–5÷&W÷'G2ÆfööE÷v7FUö‡–G&ö6†%ó#C2ÃÃ3“BÃbãCcccccrÃrÃBãCcccrÃ3rÆ‡–G&ö6†"Ã#CÃRãÃ#s"ã#ÃSãS3333332Ã3srãS#S#ÇG'VRÂÆW‡W&–ÖVçFÅ÷V&Æ—6†W%÷7WÆVÖVçBÃã3‚÷3CS“‚Ó#RÓ#ScBÓ ¦¶÷¦Æ÷w6¶•ó##U÷66–VçF–f–5÷&W÷'G2ÆfööE÷v7FUö‡–G&ö6†%ó#C2Ã"Ã3“BÃbãCcccccrÃrÃBãCcccrÃ3rÆ‡–G&ö6†"Ã#CÃRãÃ#c2ãcÃSãS3333332Ã3sRãSSƒ“3"ÇG'VRÂÆW‡W&–ÖVçFÅ÷V&Æ—6†W%÷7WÆVÖVçBÃã3‚÷3CS“‚Ó#RÓ#ScBÓ ¦¶÷¦Æ÷w6¶•ó##U÷66–VçF–f–5÷&W÷'G2ÆfööE÷v7FUö‡–G&ö6†%ó#C2Ã2Ã3“BÃbãCcccccrÃrÃBãCcccrÃ3rÆ‡–G&ö6†"Ã#CÃRãÃ#ƒãcÃSãS3333332Ã3s’ã3““3#“’ÇG'VRÂÆW‡W&–ÖVçFÅ÷V&Æ—6†W%÷7WÆVÖVçBÃã3‚÷3CS“‚Ó#RÓ#ScBÓ ¦¶÷¦Æ÷w6¶•ó##U÷66–VçF–f–5÷&W÷'G2ÆfööE÷v7FRÃÃ3“RÃbãCSƒ33332ÃrÃBãCSƒ332Ã3rÆæöæRÂÃãÃ“ƒ2ã3ÃSãc3333332Ã33Bãs“SCs‚ÇG'VRÂÆW‡W&–ÖVçFÅ÷V&Æ—6†W%÷7WÆVÖVçBÃã3‚÷3CS“‚Ó#RÓ#ScBÓ ¦¶÷¦Æ÷w6¶•ó##U÷66–VçF–f–5÷&W÷'G2ÆfööE÷v7FRÃ"Ã3“RÃbãCSƒ33332ÃrÃBãCSƒ332Ã3rÆæöæRÂÃãÃ#s"ãCÃSãc3333332Ã3SBã“#ƒ#sbÇG'VRÂÆW‡W&–ÖVçFÅ÷V&Æ—6†W%÷7WÆVÖVçBÃã3‚÷3CS“‚Ó#RÓ#ScBÓ ¦¶÷¦Æ÷w6¶•ó##U÷66–VçF–f–5÷&W÷'G2ÆfööE÷v7FRÃ2Ã3“RÃbãCSƒ33332ÃrÃBãCSƒ332Ã3rÆæöæRÂÃãÃ#ƒ‚ãsÃSãc3333332Ã3S‚ãc#SSÇG'VRÂÆW‡W&–ÖVçFÅ÷V&Æ—6†W%÷7WÆVÖVçBÃã3‚÷3CS“‚Ó#RÓ#ScBÓ ¦¶÷¦Æ÷w6¶•ó##U÷66–VçF–f–5÷&W÷'G2ÆfööE÷v7FU÷F÷'&Vf7F–öåó#C2ÃÃ3“RÃbãCSƒ33332ÃrÃBãCSƒ332Ã3rÇF÷'&Vf7F–öå÷&öGV7BÃ#CÃRãÃ##bãcÃSãc3333332Ã3ƒrãS#3‚ÇG'VRÂÆW‡W&–ÖVçFÅ÷V&Æ—6†W%÷7WÆVÖVçBÃã3‚÷3CS“‚Ó#RÓ#ScBÓ ¦¶÷¦Æ÷w6¶•ó##U÷66–VçF–f–5÷&W÷'G2ÆfööE÷v7FU÷F÷'&Vf7F–öåó#C2Ã"Ã3“RÃbãCSƒ33332ÃrÃBãCSƒ332Ã3rÇF÷'&Vf7F–öå÷&öGV7BÃ#CÃRãÃC‚ãSÃSãc3333332ÂÓ‚ãsƒCcs“#"ÆfÇ6RÆW†6ÇVFVEög&öÕ÷V&Æ—6†W%öÖVã²–æ6öç6—7FVçE÷&u÷6–væÂÆW‡W&–ÖVçFÅ÷V&Æ—6†W%÷7WÆVÖVçBÃã3‚÷3CS“‚Ó#RÓ#ScBÓ ¦¶÷¦Æ÷w6¶•ó##U÷66–VçF–f–5÷&W÷'G2ÆfööE÷v7FU÷F÷'&Vf7F–öåó#C2Ã2Ã3“RÃbãCSƒ33332ÃrÃBãCSƒ332Ã3rÇF÷'&Vf7F–öå÷&öGV7BÃ#CÃRãÃ##Cã3ÃSãc3333332Ã3“"ãƒccC#ccbÇG'VRÂÆW‡W&–ÖVçFÅ÷V&Æ—6†W%÷7WÆVÖVçBÃã3‚÷3CS“‚Ó#RÓ#ScBÓ ¦¶÷¦Æ÷w6¶•ó##U÷66–VçF–f–5÷&W÷'G2ÆfööE÷v7FU÷—&öÇ—6—5óc2ÃÃ3“RÃbãCSƒ33332ÃrÃBãCSƒ332Ã3rÆ&–ö6†"ÃcÃRãÃ#Bã#ÃSãc3333332Ã3c"ã3CƒC’ÇG'VRÂÆW‡W&–ÖVçFÅ÷V&Æ—6†W%÷7WÆVÖVçBÃã3‚÷3CS“‚Ó#RÓ#ScBÓ ¦¶÷¦Æ÷w6¶•ó##U÷66–VçF–f–5÷&W÷'G2ÆfööE÷v7FU÷—&öÇ—6—5óc2Ã"Ã3“RÃbãCSƒ33332ÃrÃBãCSƒ332Ã3rÆ&–ö6†"ÃcÃRãÃ#’ãcÃSãc3333332Ã3c2ã333cSs2ÇG'VRÂÆW‡W&–ÖVçFÅ÷V&Æ—6†W%÷7WÆVÖVçBÃã3‚÷3CS“‚Ó#RÓ#ScBÓ ¦¶÷¦Æ÷w6¶•ó##U÷66–VçF–f–5÷&W÷'G2ÆfööE÷v7FU÷—&öÇ—6—5óc2Ã2Ã3“RÃbãCSƒ33332ÃrÃBãCSƒ332Ã3rÆ&–ö6†"ÃcÃRãÃƒS’ãcÃSãc3333332Ã3bãƒCCCCCÆfÇ6RÆW†6ÇVFVEög&öÕ÷V&Æ—6†W%öÖVã²–æ6öç6—7FVçE÷&u÷6–væÂÆW‡W&–ÖVçFÅ÷V&Æ—6†W%÷7WÆVÖVçBÃã3‚÷3CS“‚Ó#RÓ#ScBÓ ¦¶÷¦Æ÷w6¶•ó##U÷66–VçF–f–5÷&W÷'G2ÆfööE÷v7FUö‡–G&ö6†%ó#C2ÃÃ3“RÃbãCSƒ33332ÃrÃBãCSƒ332Ã3rÆ‡–G&ö6†"Ã#CÃRãÃ#s"ã“ÃSãc3333332Ã3srãc3cƒ#srÇG'VRÂÆW‡W&–ÖVçFÅ÷V&Æ—6†W%÷7WÆVÖVçBÃã3‚÷3CS“‚Ó#RÓ#ScBÓ ¦¶÷¦Æ÷w6¶•ó##U÷66–VçF–f–5÷&W÷'G2ÆfööE÷v7FUö‡–G&ö6†%ó#C2Ã"Ã3“RÃbãCSƒ33332ÃrÃBãCSƒ332Ã3rÆ‡–G&ö6†"Ã#CÃRãÃ#cBã3ÃSãc3333332Ã3sRãc“3SƒC3’ÇG'VRÂÆW‡W&–ÖVçFÅ÷V&Æ—6†W%÷7WÆVÖVçBÃã3‚÷3CS“‚Ó#RÓ#ScBÓ ¦¶÷¦Æ÷w6¶•ó##U÷66–VçF–f–5÷&W÷'G2ÆfööE÷v7FUö‡–G&ö6†%ó#C2Ã2Ã3“RÃbãCSƒ33332ÃrÃBãCSƒ332Ã3rÆ‡–G&ö6†"Ã#CÃRãÃ#ƒãCÃSãc3333332Ã3s’ãSSsCs3“ÇG'VRÂÆW‡W&–ÖVçFÅ÷V&Æ—6†W%÷7WÆVÖVçBÃã3‚÷3CS“‚Ó#RÓ#ScBÓ ¦¶÷¦Æ÷w6¶•ó##U÷66–VçF–f–5÷&W÷'G2ÆfööE÷v7FRÃÃ3“bÃbãSÃrÃBã#SÃ3rÆæöæRÂÃãÃ“ƒBãÃSãsccccccrÃ33Bã“#3Cs“ÇG'VRÂÆW‡W&–ÖVçFÅ÷V&Æ—6†W%÷7WÆVÖVçBÃã3‚÷3CS“‚Ó#RÓ#ScBÓ ¦¶÷¦Æ÷w6¶•ó##U÷66–VçF–f–5÷&W÷'G2ÆfööE÷v7FRÃ"Ã3“bÃbãSÃrÃBã#SÃ3rÆæöæRÂÃãÃ#s2ãÃSãsccccccrÃ3SRãScCSƒ‚ÇG'VRÂÆW‡W&–ÖVçFÅ÷V&Æ—6†W%÷7WÆVÖVçBÃã3‚÷3CS“‚Ó#RÓ#ScBÓ ¦¶÷¦Æ÷w6¶•ó##U÷66–VçF–f–5÷&W÷'G2ÆfööE÷v7FRÃ2Ã3“bÃbãSÃrÃBã#SÃ3rÆæöæRÂÃãÃ#ƒ’ãSÃSãsccccccrÃ3S‚ãscscCCrÇG'VRÂÆW‡W&–ÖVçFÅ÷V&Æ—6†W%÷7WÆVÖVçBÃã3‚÷3CS“‚Ó#RÓ#ScBÓ ¦¶÷¦Æ÷w6¶•ó##U÷66–VçF–f–5÷&W÷'G2ÆfööE÷v7FU÷F÷'&Vf7F–öåó#C2ÃÃ3“bÃbãSÃrÃBã#SÃ3rÇF÷'&Vf7F–öå÷&öGV7BÃ#CÃRãÃ##rãCÃSãsccccccrÃ3ƒrãccƒS3RÇG'VRÂÆW‡W&–ÖVçFÅ÷V&Æ—6†W%÷7WÆVÖVçBÃã3‚÷3CS“‚Ó#RÓ#ScBÓ ¦¶÷¦Æ÷w6¶•ó##U÷66–VçF–f–5÷&W÷'G2ÆfööE÷v7FU÷F÷'&Vf7F–öåó#C2Ã"Ã3“bÃbãSÃrÃBã#SÃ3rÇF÷'&Vf7F–öå÷&öGV7BÃ#CÃRãÃC‚ãƒÃSãsccccccrÂÓ‚ãsCs“C‚ÆfÇ6RÆW†6ÇVFVEög&öÕ÷V&Æ—6†W%öÖVã²–æ6öç6—7FVçE÷&u÷6–væÂÆW‡W&–ÖVçFÅ÷V&Æ—6†W%÷7WÆVÖVçBÃã3‚÷3CS“‚Ó#RÓ#ScBÓ ¦¶÷¦Æ÷w6¶•ó##U÷66–VçF–f–5÷&W÷'G2ÆfööE÷v7FU÷F÷'&Vf7F–öåó#C2Ã2Ã3“bÃbãSÃrÃBã#SÃ3rÇF÷'&Vf7F–öå÷&öGV7BÃ#CÃRãÃ##Cã3ÃSãsccccccrÃ3“2ãc##Ss3"ÇG'VRÂÆW‡W&–ÖVçFÅ÷V&Æ—6†W%÷7WÆVÖVçBÃã3‚÷3CS“‚Ó#RÓ#ScBÓ ¦¶÷¦Æ÷w6¶•ó##U÷66–VçF–f–5÷&W÷'G2ÆfööE÷v7FU÷—&öÇ—6—5óc2ÃÃ3“bÃbãSÃrÃBã#SÃ3rÆ&–ö6†"ÃcÃRãÃ#Bã“ÃSãsccccccrÃ3c"ã#CS#Cc"ÇG'VRÂÆW‡W&–ÖVçFÅ÷V&Æ—6†W%÷7WÆVÖVçBÃã3‚÷3CS“‚Ó#RÓ#ScBÓ ¦¶÷¦Æ÷w6¶•ó##U÷66–VçF–f–5÷&W÷'G2ÆfööE÷v7FU÷—&öÇ—6—5óc2Ã"Ã3“bÃbãSÃrÃBã#SÃ3rÆ&–ö6†"ÃcÃRãÃ#ã3ÃSãsccccccrÃ3c2ãCcs#RÇG'VRÂÆW‡W&–ÖVçFÅ÷V&Æ—6†W%÷7WÆVÖVçBÃã3‚÷3CS“‚Ó#RÓ#ScBÓ ¦¶÷¦Æ÷w6¶•ó##U÷66–VçF–f–5÷&W÷'G2ÆfööE÷v7FU÷—&öÇ—6—5óc2Ã2Ã3“bÃbãSÃrÃBã#SÃ3rÆ&–ö6†"ÃcÃRãÃƒcã3ÃSãsccccccrÃ3bã“s#ƒsS"ÆfÇ6RÆW†6ÇVFVEög&öÕ÷V&Æ—6†W%öÖVã²–æ6öç6—7FVçE÷&u÷6–væÂÆW‡W&–ÖVçFÅ÷V&Æ—6†W%÷7WÆVÖVçBÃã3‚÷3CS“‚Ó#RÓ#ScBÓ ¦¶÷¦Æ÷w6¶•ó##U÷66–VçF–f–5÷&W÷'G2ÆfööE÷v7FUö‡–G&ö6†%ó#C2ÃÃ3“bÃbãSÃrÃBã#SÃ3rÆ‡–G&ö6†"Ã#CÃRãÃ#s2ãsÃSãsccccccrÃ3srãsƒsCccBÇG'VRÂÆW‡W&–ÖVçFÅ÷V&Æ—6†W%÷7WÆVÖVçBÃã3‚÷3CS“‚Ó#RÓ#ScBÓ ¦¶÷¦Æ÷w6¶•ó##U÷66–VçF–f–5÷&W÷'G2ÆfööE÷v7FUö‡–G&ö6†%ó#C2Ã"Ã3“bÃbãSÃrÃBã#SÃ3rÆ‡–G&ö6†"Ã#CÃRãÃ#cRãÃSãsccccccrÃ3sRãƒCC##33bÇG'VRÂÆW‡W&–ÖVçFÅ÷V&Æ—6†W%÷7WÆVÖVçBÃã3‚÷3CS“‚Ó#RÓ#ScBÓ ¦¶÷¦Æ÷w6¶•ó##U÷66–VçF–f–5÷&W÷'G2ÆfööE÷v7FUö‡–G&ö6†%ó#C2Ã2Ã3“bÃbãSÃrÃBã#SÃ3rÆ‡–G&ö6†"Ã#CÃRãÃ#ƒ"ãÃSãsccccccrÃ3s’ãcƒSSs2ÇG'VRÂÆW‡W&–ÖVçFÅ÷V&Æ—6†W%÷7WÆVÖVçBÃã3‚÷3CS“‚Ó#RÓ#ScBÓ ¦¶÷¦Æ÷w6¶•ó##U÷66–VçF–f–5÷&W÷'G2ÆfööE÷v7FRÃÃ3“rÃbãSCccccrÃrÃBã3SCccrÃ3rÆæöæRÂÃãÃ“ƒBãsÃSã“Ã33RãS“"ÇG'VRÂÆW‡W&–ÖVçFÅ÷V&Æ—6†W%÷7WÆVÖVçBÃã3‚÷3CS“‚Ó#RÓ#ScBÓ ¦¶÷¦Æ÷w6¶•ó##U÷66–VçF–f–5÷&W÷'G2ÆfööE÷v7FRÃ"Ã3“rÃbãSCccccrÃrÃBã3SCccrÃ3rÆæöæRÂÃãÃ#s2ãƒÃSã“Ã3SRãƒCƒ“ÇG'VRÂÆW‡W&–ÖVçFÅ÷V&Æ—6†W%÷7WÆVÖVçBÃã3‚÷3CS“‚Ó#RÓ#ScBÓ ¦¶÷¦Æ÷w6¶•ó##U÷66–VçF–f–5÷&W÷'G2ÆfööE÷v7FRÃ2Ã3“rÃbãSCccccrÃrÃBã3SCccrÃ3rÆæöæRÂÃãÃ#“ã3ÃSã“Ã3S‚ã“#C3CBÇG'VRÂÆW‡W&–ÖVçFÅ÷V&Æ—6†W%÷7WÆVÖVçBÃã3‚÷3CS“‚Ó#RÓ#ScBÓ ¦¶÷¦Æ÷w6¶•ó##U÷66–VçF–f–5÷&W÷'G2ÆfööE÷v7FU÷F÷'&Vf7F–öåó#C2ÃÃ3“rÃbãSCccccrÃrÃBã3SCccrÃ3rÇF÷'&Vf7F–öå÷&öGV7BÃ#CÃRãÃ##‚ã3ÃSã“Ã3ƒrãƒ3SƒSbÇG'VRÂÆW‡W&–ÖVçFÅ÷V&Æ—6†W%÷7WÆVÖVçBÃã3‚÷3CS“‚Ó#RÓ#ScBÓ ¦¶÷¦Æ÷w6¶•ó##U÷66–VçF–f–5÷&W÷'G2ÆfööE÷v7FU÷F÷'&Vf7F–öåó#C2Ã"Ã3“rÃbãSCccccrÃrÃBã3SCccrÃ3rÇF÷'&Vf7F–öå÷&öGV7BÃ#CÃRãÃC’ãcÃSã“ÂÓ‚ãS“c3ƒSÆfÇ6RÆW†6ÇVFVEög&öÕ÷V&Æ—6†W%öÖVã²–æ6öç6—7FVçE÷&u÷6–væÂÆW‡W&–ÖVçFÅ÷V&Æ—6†W%÷7WÆVÖVçBÃã3‚÷3CS“‚Ó#RÓ#ScBÓ ¦¶÷¦Æ÷w6¶•ó##U÷66–VçF–f–5÷&W÷'G2ÆfööE÷v7FU÷F÷'&Vf7F–öåó#C2Ã2Ã3“rÃbãSCccccrÃrÃBã3SCccrÃ3rÇF÷'&Vf7F–öå÷&öGV7BÃ#CÃRãÃ##C"ã3ÃSã“Ã3“2ã#Sƒƒs“‚ÇG'VRÂÆW‡W&–ÖVçFÅ÷V&Æ—6†W%÷7WÆVÖVçBÃã3‚÷3CS“‚Ó#RÓ#ScBÓ ¦¶÷¦Æ÷w6¶•ó##U÷66–VçF–f–5÷&W÷'G2ÆfööE÷v7FU÷—&öÇ—6—5óc2ÃÃ3“rÃbãSCccccrÃrÃBã3SCccrÃ3rÆ&–ö6†"ÃcÃRãÃ#RãcÃSã“Ã3c"ã3c“ScssBÇG'VRÂÆW‡W&–ÖVçFÅ÷V&Æ—6†W%÷7WÆVÖVçBÃã3‚÷3CS“‚Ó#RÓ#ScBÓ ¦¶÷¦Æ÷w6¶•ó##U÷66–VçF–f–5÷&W÷'G2ÆfööE÷v7FU÷—&öÇ—6—5óc2Ã"Ã3“rÃbãSCccccrÃrÃBã3SCccrÃ3rÆ&–ö6†"ÃcÃRãÃ#ãÃSã“Ã3c2ãc#33“#"ÇG'VRÂÆW‡W&–ÖVçFÅ÷V&Æ—6†W%÷7WÆVÖVçBÃã3‚÷3CS“‚Ó#RÓ#ScBÓ ¦¶÷¦Æ÷w6¶•ó##U÷66–VçF–f–5÷&W÷'G2ÆfööE÷v7FU÷—&öÇ—6—5óc2Ã2Ã3“rÃbãSCccccrÃrÃBã3SCccrÃ3rÆ&–ö6†"ÃcÃRãÃƒcãÃSã“Ã3rã3cBÆfÇ6RÆW†6ÇVFVEög&öÕ÷V&Æ—6†W%öÖVã²–æ6öç6—7FVçE÷&u÷6–væÂÆW‡W&–ÖVçFÅ÷V&Æ—6†W%÷7WÆVÖVçBÃã3‚÷3CS“‚Ó#RÓ#ScBÓ ¦¶÷¦Æ÷w6¶•ó##U÷66–VçF–f–5÷&W÷'G2ÆfööE÷v7FUö‡–G&ö6†%ó#C2ÃÃ3“rÃbãSCccccrÃrÃBã3SCccrÃ3rÆ‡–G&ö6†"Ã#CÃRãÃ#sBãCÃSã“Ã3srã“SS“bÇG'VRÂÆW‡W&–ÖVçFÅ÷V&Æ—6†W%÷7WÆVÖVçBÃã3‚÷3CS“‚Ó#RÓ#ScBÓ ¦¶÷¦Æ÷w6¶•ó##U÷66–VçF–f–5÷&W÷'G2ÆfööE÷v7FUö‡–G&ö6†%ó#C2Ã"Ã3“rÃbãSCccccrÃrÃBã3SCccrÃ3rÆ‡–G&ö6†"Ã#CÃRãÃ#cRãƒÃSã“Ã3sRã“s##ccC‚ÇG'VRÂÆW‡W&–ÖVçFÅ÷V&Æ—6†W%÷7WÆVÖVçBÃã3‚÷3CS“‚Ó#RÓ#ScBÓ ¦¶÷¦Æ÷w6¶•ó##U÷66–VçF–f–5÷&W÷'G2ÆfööE÷v7FUö‡–G&ö6†%ó#C2Ã2Ã3“rÃbãSCccccrÃrÃBã3SCccrÃ3rÆ‡–G&ö6†"Ã#CÃRãÃ#ƒ"ã“ÃSã“Ã3s’ãƒ3cScÇG'VRÂÆW‡W&–ÖVçFÅ÷V&Æ—6†W%÷7WÆVÖVçBÃã3‚÷3CS“‚Ó#RÓ#ScBÓ ¦¶÷¦Æ÷w6¶•ó##U÷66–VçF–f–5÷&W÷'G2ÆfööE÷v7FRÃÃ3“‚ÃbãSƒ333332ÃrÃBãCSƒ3332Ã3rÆæöæRÂÃãÃ“ƒRãSÃS"ã3333332Ã33Rã#ƒ#““’ÇG'VRÂÆW‡W&–ÖVçFÅ÷V&Æ—6†W%÷7WÆVÖVçBÃã3‚÷3CS“‚Ó#RÓ#ScBÓ ¦¶÷¦Æ÷w6¶•ó##U÷66–VçF–f–5÷&W÷'G2ÆfööE÷v7FRÃ"Ã3“‚ÃbãSƒ333332ÃrÃBãCSƒ3332Ã3rÆæöæRÂÃãÃ#sBãSÃS"ã3333332Ã3SRã3#3#"ÇG'VRÂÆW‡W&–ÖVçFÅ÷V&Æ—6†W%÷7WÆVÖVçBÃã3‚÷3CS“‚Ó#RÓ#ScBÓ ¦¶÷¦Æ÷w6¶•ó##U÷66–VçF–f–5÷&W÷'G2ÆfööE÷v7FRÃ2Ã3“‚ÃbãSƒ333332ÃrÃBãCSƒ3332Ã3rÆæöæRÂÃãÃ#“ãÃS"ã3333332Ã3S’ãc3C#CÇG'VRÂÆW‡W&–ÖVçFÅ÷V&Æ—6†W%÷7WÆVÖVçBÃã3‚÷3CS“‚Ó#RÓ#ScBÓ ¦¶÷¦Æ÷w6¶•ó##U÷66–VçF–f–5÷&W÷'G2ÆfööE÷v7FU÷F÷'&Vf7F–öåó#C2ÃÃ3“‚ÃbãSƒ333332ÃrÃBãCSƒ3332Ã3rÇF÷'&Vf7F–öå÷&öGV7BÃ#CÃRãÃ##’ãÃS"ã3333332Ã3ƒrã“ƒSs#C"ÇG'VRÂÆW‡W&–ÖVçFÅ÷V&Æ—6†W%÷7WÆVÖVçBÃã3‚÷3CS“‚Ó#RÓ#ScBÓ ¦¶÷¦Æ÷w6¶•ó##U÷66–VçF–f–5÷&W÷'G2ÆfööE÷v7FU÷F÷'&Vf7F–öåó#C2Ã"Ã3“‚ÃbãSƒ333332ÃrÃBãCSƒ3332Ã3rÇF÷'&Vf7F–öå÷&öGV7BÃ#CÃRãÃC#ãSÃS"ã3333332ÂÓ‚ãC#3CSsÆfÇ6RÆW†6ÇVFVEög&öÕ÷V&Æ—6†W%öÖVã²–æ6öç6—7FVçE÷&u÷6–væÂÆW‡W&–ÖVçFÅ÷V&Æ—6†W%÷7WÆVÖVçBÃã3‚÷3CS“‚Ó#RÓ#ScBÓ ¦¶÷¦Æ÷w6¶•ó##U÷66–VçF–f–5÷&W÷'G2ÆfööE÷v7FU÷F÷'&Vf7F–öåó#C2Ã2Ã3“‚ÃbãSƒ333332ÃrÃBãCSƒ3332Ã3rÇF÷'&Vf7F–öå÷&öGV7BÃ#CÃRãÃ##C2ã#ÃS"ã3333332Ã3“2ãC33##s’ÇG'VRÂÆW‡W&–ÖVçFÅ÷V&Æ—6†W%÷7WÆVÖVçBÃã3‚÷3CS“‚Ó#RÓ#ScBÓ ¦¶÷¦Æ÷w6¶•ó##U÷66–VçF–f–5÷&W÷'G2ÆfööE÷v7FU÷—&öÇ—6—5óc2ÃÃ3“‚ÃbãSƒ333332ÃrÃBãCSƒ3332Ã3rÆ&–ö6†"ÃcÃRãÃ#bã#ÃS"ã3333332Ã3c"ãCsSS"ÇG'VRÂÆW‡W&–ÖVçFÅ÷V&Æ—6†W%÷7WÆVÖVçBÃã3‚÷3CS“‚Ó#RÓ#ScBÓ ¦¶÷¦Æ÷w6¶•ó##U÷66–VçF–f–5÷&W÷'G2ÆfööE÷v7FU÷—&öÇ—6—5óc2Ã"Ã3“‚ÃbãSƒ333332ÃrÃBãCSƒ3332Ã3rÆ&–ö6†"ÃcÃRãÃ#"ãÃS"ã3333332Ã3c2ãsƒSSsC2ÇG'VRÂÆW‡W&–ÖVçFÅ÷V&Æ—6†W%÷7WÆVÖVçBÃã3‚÷3CS“‚Ó#RÓ#ScBÓ ¦¶÷¦Æ÷w6¶•ó##U÷66–VçF–f–5÷&W÷'G2ÆfööE÷v7FU÷—&öÇ—6—5óc2Ã2Ã3“‚ÃbãSƒ333332ÃrÃBãCSƒ3332Ã3rÆ&–ö6†"ÃcÃRãÃƒcãsÃS"ã3333332Ã3rã##ƒs3srÆfÇ6RÆW†6ÇVFVEög&öÕ÷V&Æ—6†W%öÖVã²–æ6öç6—7FVçE÷&u÷6–væÂÆW‡W&–ÖVçFÅ÷V&Æ—6†W%÷7WÆVÖVçBÃã3‚÷3CS“‚Ó#RÓ#ScBÓ ¦¶÷¦Æ÷w6¶•ó##U÷66–VçF–f–5÷&W÷'G2ÆfööE÷v7FUö‡–G&ö6†%ó#C2ÃÃ3“‚ÃbãSƒ333332ÃrÃBãCSƒ3332Ã3rÆ‡–G&ö6†"Ã#CÃRãÃ#sRã#ÃS"ã3333332Ã3s‚ãccCƒ2ÇG'VRÂÆW‡W&–ÖVçFÅ÷V&Æ—6†W%÷7WÆVÖVçBÃã3‚÷3CS“‚Ó#RÓ#ScBÓ ¦¶÷¦Æ÷w6¶•ó##U÷66–VçF–f–5÷&W÷'G2ÆfööE÷v7FUö‡–G&ö6†%ó#C2Ã"Ã3“‚ÃbãSƒ333332ÃrÃBãCSƒ3332Ã3rÆ‡–G&ö6†"Ã#CÃRãÃ#cbãcÃS"ã3333332Ã3sbã##“SCRÇG'VRÂÆW‡W&–ÖVçFÅ÷V&Æ—6†W%÷7WÆVÖVçBÃã3‚÷3CS“‚Ó#RÓ#ScBÓ ¦¶÷¦Æ÷w6¶•ó##U÷66–VçF–f–5÷&W÷'G2ÆfööE÷v7FUö‡–G&ö6†%ó#C2Ã2Ã3“‚ÃbãSƒ333332ÃrÃBãCSƒ3332Ã3rÆ‡–G&ö6†"Ã#CÃRãÃ#ƒ2ãsÃS"ã3333332Ã3s’ã“ƒcs“C“bÇG'VRÂÆW‡W&–ÖVçFÅ÷V&Æ—6†W%÷7WÆVÖVçBÃã3‚÷3CS“‚Ó#RÓ#ScBÓ ¦¶÷¦Æ÷w6¶•ó##U÷66–VçF–f–5÷&W÷'G2ÆfööE÷v7FRÃÃ3“’Ãbãc#SÃrÃBãSc#SÃ3rÆæöæRÂÃãÃ“ƒbã#ÃS"ãccccccrÃ33Rã3#“ƒs3ÇG'VRÂÆW‡W&–ÖVçFÅ÷V&Æ—6†W%÷7WÆVÖVçBÃã3‚÷3CS“‚Ó#RÓ#ScBÓ ¦¶÷¦Æ÷w6¶•ó##U÷66–VçF–f–5÷&W÷'G2ÆfööE÷v7FRÃ"Ã3“’Ãbãc#SÃrÃBãSc#SÃ3rÆæöæRÂÃãÃ#sRã#ÃS"ãccccccrÃ3SRãCCsS#BÇG'VRÂÆW‡W&–ÖVçFÅ÷V&Æ—6†W%÷7WÆVÖVçBÃã3‚÷3CS“‚Ó#RÓ#ScBÓ ¦¶÷¦Æ÷w6¶•ó##U÷66–VçF–f–5÷&W÷'G2ÆfööE÷v7FRÃ2Ã3“’Ãbãc#SÃrÃBãSc#SÃ3rÆæöæRÂÃãÃ#“ãƒÃS"ãccccccrÃ3S’ã“ƒSS2ÇG'VRÂÆW‡W&–ÖVçFÅ÷V&Æ—6†W%÷7WÆVÖVçBÃã3‚÷3CS“‚Ó#RÓ#ScBÓ ¦¶÷¦Æ÷w6¶•ó##U÷66–VçF–f–5÷&W÷'G2ÆfööE÷v7FU÷F÷'&Vf7F–öåó#C2ÃÃ3“’Ãbãc#SÃrÃBãSc#SÃ3rÇF÷'&Vf7F–öå÷&öGV7BÃ#CÃRãÃ###ãÃS"ãccccccrÃ3ƒ‚ãSƒ“Sƒ“BÇG'VRÂÆW‡W&–ÖVçFÅ÷V&Æ—6†W%÷7WÆVÖVçBÃã3‚÷3CS“‚Ó#RÓ#ScBÓ ¦¶÷¦Æ÷w6¶•ó##U÷66–VçF–f–5÷&W÷'G2ÆfööE÷v7FU÷F÷'&Vf7F–öåó#C2Ã"Ã3“’Ãbãc#SÃrÃBãSc#SÃ3rÇF÷'&Vf7F–öå÷&öGV7BÃ#CÃRãÃC#ã3ÃS"ãccccccrÂÓ‚ã#s#Scs2ÆfÇ6RÆW†6ÇVFVEög&öÕ÷V&Æ—6†W%öÖVã²–æ6öç6—7FVçE÷&u÷6–væÂÆW‡W&–ÖVçFÅ÷V&Æ—6†W%÷7WÆVÖVçBÃã3‚÷3CS“‚Ó#RÓ#ScBÓ ¦¶÷¦Æ÷w6¶•ó##U÷66–VçF–f–5÷&W÷'G2ÆfööE÷v7FU÷F÷'&Vf7F–öåó#C2Ã2Ã3“’Ãbãc#SÃrÃBãSc#SÃ3rÇF÷'&Vf7F–öå÷&öGV7BÃ#CÃRãÃ##CBã#ÃS"ãccccccrÃ3“2ãc#sS3CRÇG'VRÂÆW‡W&–ÖVçFÅ÷V&Æ—6†W%÷7WÆVÖVçBÃã3‚÷3CS“‚Ó#RÓ#ScBÓ ¦¶÷¦Æ÷w6¶•ó##U÷66–VçF–f–5÷&W÷'G2ÆfööE÷v7FU÷—&öÇ—6—5óc2ÃÃ3“’Ãbãc#SÃrÃBãSc#SÃ3rÆ&–ö6†"ÃcÃRãÃ#bã“ÃS"ãccccccrÃ3c"ãc3SƒBÇG'VRÂÆW‡W&–ÖVçFÅ÷V&Æ—6†W%÷7WÆVÖVçBÃã3‚÷3CS“‚Ó#RÓ#ScBÓ ¦¶÷¦Æ÷w6¶•ó##U÷66–VçF–f–5÷&W÷'G2ÆfööE÷v7FU÷—&öÇ—6—5óc2Ã"Ã3“’Ãbãc#SÃrÃBãSc#SÃ3rÆ&–ö6†"ÃcÃRãÃ#"ãƒÃS"ãccccccrÃ3c2ã“3c#3ÇG'VRÂÆW‡W&–ÖVçFÅ÷V&Æ—6†W%÷7WÆVÖVçBÃã3‚÷3CS“‚Ó#RÓ#ScBÓ ¦¶÷¦Æ÷w6¶•ó##U÷66–VçF–f–5÷&W÷'G2ÆfööE÷v7FU÷—&öÇ—6—5óc2Ã2Ã3“’Ãbãc#SÃrÃBãSc#SÃ3rÆ&–ö6†"ÃcÃRãÃƒc"ãCÃS"ãccccccrÃ3rã3Sc#cƒ’ÆfÇ6RÆW†6ÇVFVEög&öÕ÷V&Æ—6†W%öÖVã²–æ6öç6—7FVçE÷&u÷6–væÂÆW‡W&–ÖVçFÅ÷V&Æ—6†W%÷7WÆVÖVçBÃã3‚÷3CS“‚Ó#RÓ#ScBÓ ¦¶÷¦Æ÷w6¶•ó##U÷66–VçF–f–5÷&W÷'G2ÆfööE÷v7FUö‡–G&ö6†%ó#C2ÃÃ3“’Ãbãc#SÃrÃBãSc#SÃ3rÆ‡–G&ö6†"Ã#CÃRãÃ#sRã“ÃS"ãccccccrÃ3s‚ã“C“#RÇG'VRÂÆW‡W&–ÖVçFÅ÷V&Æ—6†W%÷7WÆVÖVçBÃã3‚÷3CS“‚Ó#RÓ#ScBÓ ¦¶÷¦Æ÷w6¶•ó##U÷66–VçF–f–5÷&W÷'G2ÆfööE÷v7FUö‡–G&ö6†%ó#C2Ã"Ã3“’Ãbãc#SÃrÃBãSc#SÃ3rÆ‡–G&ö6†"Ã#CÃRãÃ#crã3ÃS"ãccccccrÃ3sbã#S“CƒSrÇG'VRÂÆW‡W&–ÖVçFÅ÷V&Æ—6†W%÷7WÆVÖVçBÃã3‚÷3CS“‚Ó#RÓ#ScBÓ ¦¶÷¦Æ÷w6¶•ó##U÷66–VçF–f–5÷&W÷'G2ÆfööE÷v7FUö‡–G&ö6†%ó#C2Ã2Ã3“’Ãbãc#SÃrÃBãSc#SÃ3rÆ‡–G&ö6†"Ã#CÃRãÃ#ƒBãCÃS"ãccccccrÃ3ƒãCƒ3ƒ‚ÇG'VRÂÆW‡W&–ÖVçFÅ÷V&Æ—6†W%÷7WÆVÖVçBÃã3‚÷3CS“‚Ó#RÓ#ScBÓ ¦¶÷¦Æ÷w6¶•ó##U÷66–VçF–f–5÷&W÷'G2ÆfööE÷v7FRÃÃCÃbãcccccccrÃrÃBãccccccrÃ3rÆæöæRÂÃãÃ“ƒbã“ÃS"ã#ccccccrÃ33RãCcSCCƒ‚ÇG'VRÂÆW‡W&–ÖVçFÅ÷V&Æ—6†W%÷7WÆVÖVçBÃã3‚÷3CS“‚Ó#RÓ#ScBÓ ¦¶÷¦Æ÷w6¶•ó##U÷66–VçF–f–5÷&W÷'G2ÆfööE÷v7FRÃ"ÃCÃbãcccccccrÃrÃBãccccccrÃ3rÆæöæRÂÃãÃ#sRã“ÃS"ã#ccccccrÃ3SRãSsSsS3ÇG'VRÂÆW‡W&–ÖVçFÅ÷V&Æ—6†W%÷7WÆVÖVçBÃã3‚÷3CS“‚Ó#RÓ#ScBÓ ¦¶÷¦Æ÷w6¶•ó##U÷66–VçF–f–5÷&W÷'G2ÆfööE÷v7FRÃ2ÃCÃbãcccccccrÃrÃBãccccccrÃ3rÆæöæRÂÃãÃ#“"ãcÃS"ã#ccccccrÃ3S’ã3C“#ScCRÇG'VRÂÆW‡W&–ÖVçFÅ÷V&Æ—6†W%÷7WÆVÖVçBÃã3‚÷3CS“‚Ó#RÓ#ScBÓ ¦¶÷¦Æ÷w6¶•ó##U÷66–VçF–f–5÷&W÷'G2ÆfööE÷v7FU÷F÷'&Vf7F–öåó#C2ÃÃCÃbãcccccccrÃrÃBãccccccrÃ3rÇF÷'&Vf7F–öå÷&öGV7BÃ#CÃRãÃ###ã“ÃS"ã#ccccccrÃ3ƒ‚ã33“s#SsÇG'VRÂÆW‡W&–ÖVçFÅ÷V&Æ—6†W%÷7WÆVÖVçBÃã3‚÷3CS“‚Ó#RÓ#ScBÓ ¦¶÷¦Æ÷w6¶•ó##U÷66–VçF–f–5÷&W÷'G2ÆfööE÷v7FU÷F÷'&Vf7F–öåó#C2Ã"ÃCÃbãcccccccrÃrÃBãccccccrÃ3rÇF÷'&Vf7F–öå÷&öGV7BÃ#CÃRãÃC#"ã#ÃS"ã#ccccccrÂÓ‚ã“s3““rÆfÇ6RÆW†6ÇVFVEög&öÕ÷V&Æ—6†W%öÖVã²–æ6öç6—7FVçE÷&u÷6–væÂÆW‡W&–ÖVçFÅ÷V&Æ—6†W%÷7WÆVÖVçBÃã3‚÷3CS“‚Ó#RÓ#ScBÓ ¦¶÷¦Æ÷w6¶•ó##U÷66–VçF–f–5÷&W÷'G2ÆfööE÷v7FU÷F÷'&Vf7F–öåó#C2Ã2ÃCÃbãcccccccrÃrÃBãccccccrÃ3rÇF÷'&Vf7F–öå÷&öGV7BÃ#CÃRãÃ##CRã#ÃS"ã#ccccccrÃ3“2ãƒ3ScbÇG'VRÂÆW‡W&–ÖVçFÅ÷V&Æ—6†W%÷7WÆVÖVçBÃã3‚÷3CS“‚Ó#RÓ#ScBÓ ¦¶÷¦Æ÷w6¶•ó##U÷66–VçF–f–5÷&W÷'G2ÆfööE÷v7FU÷—&öÇ—6—5óc2ÃÃCÃbãcccccccrÃrÃBãccccccrÃ3rÆ&–ö6†"ÃcÃRãÃ#rãcÃS"ã#ccccccrÃ3c"ãs3ƒc33#ÇG'VRÂÆW‡W&–ÖVçFÅ÷V&Æ—6†W%÷7WÆVÖVçBÃã3‚÷3CS“‚Ó#RÓ#ScBÓ ¦¶÷¦Æ÷w6¶•ó##U÷66–VçF–f–5÷&W÷'G2ÆfööE÷v7FU÷—&öÇ—6—5óc2Ã"ÃCÃbãcccccccrÃrÃBãccccccrÃ3rÆ&–ö6†"ÃcÃRãÃ#2ãcÃS"ã#ccccccrÃ3cBã“C3ƒ3“ÇG'VRÂÆW‡W&–ÖVçFÅ÷V&Æ—6†W%÷7WÆVÖVçBÃã3‚÷3CS“‚Ó#RÓ#ScBÓ ¦¶÷¦Æ÷w6¶•ó##U÷66–VçF–f–5÷&W÷'G2ÆfööE÷v7FU÷—&öÇ—6—5óc2Ã2ÃCÃbãcccccccrÃrÃBãccccccrÃ3rÆ&–ö6†"ÃcÃRãÃƒc2ã#ÃS"ã#ccccccrÃ3rãSC3ƒsƒÆfÇ6RÆW†6ÇVFVEög&öÕ÷V&Æ—6†W%öÖVã²–æ6öç6—7FVçE÷&u÷6–væÂÆW‡W&–ÖVçFÅ÷V&Æ—6†W%÷7WÆVÖVçBÃã3‚÷3CS“‚Ó#RÓ#ScBÓ ¦¶÷¦Æ÷w6¶•ó##U÷66–VçF–f–5÷&W÷'G2ÆfööE÷v7FUö‡–G&ö6†%ó#C2ÃÃCÃbãcccccccrÃrÃBãccccccrÃ3rÆ‡–G&ö6†"Ã#CÃRãÃ#sbãcÃS"ã#ccccccrÃ3s‚ã3#“scc3"ÇG'VRÂÆW‡W&–ÖVçFÅ÷V&Æ—6†W%÷7WÆVÖVçBÃã3‚÷3CS“‚Ó#RÓ#ScBÓ ¦¶÷¦Æ÷w6¶•ó##U÷66–VçF–f–5÷&W÷'G2ÆfööE÷v7FUö‡–G&ö6†%ó#C2Ã"ÃCÃbãcccccccrÃrÃBãccccccrÃ3rÆ‡–G&ö6†"Ã#CÃRãÃ#c‚ãÃS"ã#ccccccrÃ3sbã3ƒcS#3cBÇG'VRÂÆW‡W&–ÖVçFÅ÷V&Æ—6†W%÷7WÆVÖVçBÃã3‚÷3CS“‚Ó#RÓ#ScBÓ ¦¶÷¦Æ÷w6¶•ó##U÷66–VçF–f–5÷&W÷'G2ÆfööE÷v7FUö‡–G&ö6†%ó#C2Ã2ÃCÃbãcccccccrÃrÃBãccccccrÃ3rÆ‡–G&ö6†"Ã#CÃRãÃ#ƒRã#ÃS"ã#ccccccrÃ3ƒã#s3“ÇG'VRÂÆW‡W&–ÖVçFÅ÷V&Æ—6†W%÷7WÆVÖVçBÃã3‚÷3CS“‚Ó#RÓ#ScBÓ ¦¶÷¦Æ÷w6¶•ó##U÷66–VçF–f–5÷&W÷'G2ÆfööE÷v7FRÃÃCÃbãsƒ33332ÃrÃBãssƒ332Ã3rÆæöæRÂÃãÃ“ƒrãcÃS"ãCÃ33RãS“3C“3ÇG'VRÂÆW‡W&–ÖVçFÅ÷V&Æ—6†W%÷7WÆVÖVçBÃã3‚÷3CS“‚Ó#RÓ#ScBÓ ¦¶÷¦Æ÷w6¶•ó##U÷66–VçF–f–5÷&W÷'G2ÆfööE÷v7FRÃ"ÃCÃbãsƒ33332ÃrÃBãssƒ332Ã3rÆæöæRÂÃãÃ#sbãsÃS"ãCÃ3SRãs#c3ƒ“#‚ÇG'VRÂÆW‡W&–ÖVçFÅ÷V&Æ—6†W%÷7WÆVÖVçBÃã3‚÷3CS“‚Ó#RÓ#ScBÓ ¦¶÷¦Æ÷w6¶•ó##U÷66–VçF–f–5÷&W÷'G2ÆfööE÷v7FRÃ2ÃCÃbãsƒ33332ÃrÃBãssƒ332Ã3rÆæöæRÂÃãÃ#“2ãCÃS"ãCÃ3S’ãC““ƒ“SCÇG'VRÂÆW‡W&–ÖVçFÅ÷V&Æ—6†W%÷7WÆVÖVçBÃã3‚÷3CS“‚Ó#RÓ#ScBÓ ¦¶÷¦Æ÷w6¶•ó##U÷66–VçF–f–5÷&W÷'G2ÆfööE÷v7FU÷F÷'&Vf7F–öåó#C2ÃÃCÃbãsƒ33332ÃrÃBãssƒ332Ã3rÇF÷'&Vf7F–öå÷&öGV7BÃ#CÃRãÃ###ãsÃS"ãCÃ3ƒ‚ãC“3cCcrÇG'VRÂÆW‡W&–ÖVçFÅ÷V&Æ—6†W%÷7WÆVÖVçBÃã3‚÷3CS“‚Ó#RÓ#ScBÓ ¦¶÷¦Æ÷w6¶•ó##U÷66–VçF–f–5÷&W÷'G2ÆfööE÷v7FU÷F÷'&Vf7F–öåó#C2Ã"ÃCÃbãsƒ33332ÃrÃBãssƒ332Ã3rÇF÷'&Vf7F–öå÷&öGV7BÃ#CÃRãÃC#2ãÃS"ãCÂÓrã“ƒSSbÆfÇ6RÆW†6ÇVFVEög&öÕ÷V&Æ—6†W%öÖVã²–æ6öç6—7FVçE÷&u÷6–væÂÆW‡W&–ÖVçFÅ÷V&Æ—6†W%÷7WÆVÖVçBÃã3‚÷3CS“‚Ó#RÓ#ScBÓ ¦¶÷¦Æ÷w6¶•ó##U÷66–VçF–f–5÷&W÷'G2ÆfööE÷v7FU÷F÷'&Vf7F–öåó#C2Ã2ÃCÃbãsƒ33332ÃrÃBãssƒ332Ã3rÇF÷'&Vf7F–öå÷&öGV7BÃ#CÃRãÃ##Cbã#ÃS"ãCÃ3“Bã#c3CcsÇG'VRÂÆW‡W&–ÖVçFÅ÷V&Æ—6†W%÷7WÆVÖVçBÃã3‚÷3CS“‚Ó#RÓ#ScBÓ ¦¶÷¦Æ÷w6¶•ó##U÷66–VçF–f–5÷&W÷'G2ÆfööE÷v7FU÷—&öÇ—6—5óc2ÃÃCÃbãsƒ33332ÃrÃBãssƒ332Ã3rÆ&–ö6†"ÃcÃRãÃ#‚ã3ÃS"ãCÃ3c"ãƒcccsc32ÇG'VRÂÆW‡W&–ÖVçFÅ÷V&Æ—6†W%÷7WÆVÖVçBÃã3‚÷3CS“‚Ó#RÓ#ScBÓ ¦¶÷¦Æ÷w6¶•ó##U÷66–VçF–f–5÷&W÷'G2ÆfööE÷v7FU÷—&öÇ—6—5óc2Ã"ÃCÃbãsƒ33332ÃrÃBãssƒ332Ã3rÆ&–ö6†"ÃcÃRãÃ#BãSÃS"ãCÃ3cBã#cscƒs2ÇG'VRÂÆW‡W&–ÖVçFÅ÷V&Æ—6†W%÷7WÆVÖVçBÃã3‚÷3CS“‚Ó#RÓ#ScBÓ ¦¶÷¦Æ÷w6¶•ó##U÷66–VçF–f–5÷&W÷'G2ÆfööE÷v7FU÷—&öÇ—6—5óc2Ã2ÃCÃbãsƒ33332ÃrÃBãssƒ332Ã3rÆ&–ö6†"ÃcÃRãÃƒc2ã#ÃS"ãCÃ3rãCƒC#cÆfÇ6RÆW†6ÇVFVEög&öÕ÷V&Æ—6†W%öÖVã²–æ6öç6—7FVçE÷&u÷6–væÂÆW‡W&–ÖVçFÅ÷V&Æ—6†W%÷7WÆVÖVçBÃã3‚÷3CS“‚Ó#RÓ#ScBÓ ¦¶÷¦Æ÷w6¶•ó##U÷66–VçF–f–5÷&W÷'G2ÆfööE÷v7FUö‡–G&ö6†%ó#C2ÃÃCÃbãsƒ33332ÃrÃBãssƒ332Ã3rÆ‡–G&ö6†"Ã#CÃRãÃ#srã3ÃS"ãCÃ3s‚ãCSsƒ“CBÇG'VRÂÆW‡W&–ÖVçFÅ÷V&Æ—6†W%÷7WÆVÖVçBÃã3‚÷3CS“‚Ó#RÓ#ScBÓ ¦¶÷¦Æ÷w6¶•ó##U÷66–VçF–f–5÷&W÷'G2ÆfööE÷v7FUö‡–G&ö6†%ó#C2Ã"ÃCÃbãsƒ33332ÃrÃBãssƒ332Ã3rÆ‡–G&ö6†"Ã#CÃRãÃ#c‚ãsÃS"ãCÃ3sbãSCSccsrÇG'VRÂÆW‡W&–ÖVçFÅ÷V&Æ—6†W%÷7WÆVÖVçBÃã3‚÷3CS“‚Ó#RÓ#ScBÓ ¦¶÷¦Æ÷w6¶•ó##U÷66–VçF–f–5÷&W÷'G2ÆfööE÷v7FUö‡–G&ö6†%ó#C2Ã2ÃCÃbãsƒ33332ÃrÃBãssƒ332Ã3rÆ‡–G&ö6†"Ã#CÃRãÃ#ƒRã3ÃS"ãCÃ3ƒã#cSCssRÇG'VRÂÆW‡W&–ÖVçFÅ÷V&Æ—6†W%÷7WÆVÖVçBÃã3‚÷3CS“‚Ó#RÓ#ScBÓ ¦¶÷¦Æ÷w6¶•ó##U÷66–VçF–f–5÷&W÷'G2ÆfööE÷v7FRÃÃC"ÃbãsSÃrÃBãƒsSÃ3rÆæöæRÂÃãÃ“ƒ‚ã3ÃS"ãS3333332Ã33Rãs#S3CC2ÇG'VRÂÆW‡W&–ÖVçFÅ÷V&Æ—6†W%÷7WÆVÖVçBÃã3‚÷3CS“‚Ó#RÓ#ScBÓ ¦¶÷¦Æ÷w6¶•ó##U÷66–VçF–f–5÷&W÷'G2ÆfööE÷v7FRÃ"ÃC"ÃbãsSÃrÃBãƒsSÃ3rÆæöæRÂÃãÃ#srãCÃS"ãS3333332Ã3SRãƒSCC3#CÇG'VRÂÆW‡W&–ÖVçFÅ÷V&Æ—6†W%÷7WÆVÖVçBÃã3‚÷3CS“‚Ó#RÓ#ScBÓ ¦¶÷¦Æ÷w6¶•ó##U÷66–VçF–f–5÷&W÷'G2ÆfööE÷v7FRÃ2ÃC"ÃbãsSÃrÃBãƒsSÃ3rÆæöæRÂÃãÃ#“BãÃS"ãS3333332Ã3S’ãc#s“3ƒS2ÇG'VRÂÆW‡W&–ÖVçFÅ÷V&Æ—6†W%÷7WÆVÖVçBÃã3‚÷3CS“‚Ó#RÓ#ScBÓ ¦¶÷¦Æ÷w6¶•ó##U÷66–VçF–f–5÷&W÷'G2ÆfööE÷v7FU÷F÷'&Vf7F–öåó#C2ÃÃC"ÃbãsSÃrÃBãƒsSÃ3rÇF÷'&Vf7F–öå÷&öGV7BÃ#CÃRãÃ###"ãcÃS"ãS3333332Ã3ƒ‚ãcc3S““C‚ÇG'VRÂÆW‡W&–ÖVçFÅ÷V&Æ—6†W%÷7WÆVÖVçBÃã3‚÷3CS“‚Ó#RÓ#ScBÓ ¦¶÷¦Æ÷w6¶•ó##U÷66–VçF–f–5÷&W÷'G2ÆfööE÷v7FU÷F÷'&Vf7F–öåó#C2Ã"ÃC"ÃbãsSÃrÃBãƒsSÃ3rÇF÷'&Vf7F–öå÷&öGV7BÃ#CÃRãÃC#2ã“ÃS"ãS3333332ÂÓrãscsƒcc’ÆfÇ6RÆW†6ÇVFVEög&öÕ÷V&Æ—6†W%öÖVã²–æ6öç6—7FVçE÷&u÷6–væÂÆW‡W&–ÖVçFÅ÷V&Æ—6†W%÷7WÆVÖVçBÃã3‚÷3CS“‚Ó#RÓ#ScBÓ ¦¶÷¦Æ÷w6¶•ó##U÷66–VçF–f–5÷&W÷'G2ÆfööE÷v7FU÷F÷'&Vf7F–öåó#C2Ã2ÃC"ÃbãsSÃrÃBãƒsSÃ3rÇF÷'&Vf7F–öå÷&öGV7BÃ#CÃRãÃ##CrãÃS"ãS3333332Ã3“Bã““SƒS2ÇG'VRÂÆW‡W&–ÖVçFÅ÷V&Æ—6†W%÷7WÆVÖVçBÃã3‚÷3CS“‚Ó#RÓ#ScBÓ ¦¶÷¦Æ÷w6¶•ó##U÷66–VçF–f–5÷&W÷'G2ÆfööE÷v7FU÷—&öÇ—6—5óc2ÃÃC"ÃbãsSÃrÃBãƒsSÃ3rÆ&–ö6†"ÃcÃRãÃ#’ãÃS"ãS3333332Ã3c"ã““Cs“CRÇG'VRÂÆW‡W&–ÖVçFÅ÷V&Æ—6†W%÷7WÆVÖVçBÃã3‚÷3CS“‚Ó#RÓ#ScBÓ ¦¶÷¦Æ÷w6¶•ó##U÷66–VçF–f–5÷&W÷'G2ÆfööE÷v7FU÷—&öÇ—6—5óc2Ã"ÃC"ÃbãsSÃrÃBãƒsSÃ3rÆ&–ö6†"ÃcÃRãÃ#Rã3ÃS"ãS3333332Ã3cBãCƒ#Ssc’ÇG'VRÂÆW‡W&–ÖVçFÅ÷V&Æ—6†W%÷7WÆVÖVçBÃã3‚÷3CS“‚Ó#RÓ#ScBÓ ¦¶÷¦Æ÷w6¶•ó##U÷66–VçF–f–5÷&W÷'G2ÆfööE÷v7FU÷—&öÇ—6—5óc2Ã2ÃC"ÃbãsSÃrÃBãƒsSÃ3rÆ&–ö6†"ÃcÃRãÃƒc2ãcÃS"ãS3333332Ã3rãSCCSScÆfÇ6RÆW†6ÇVFVEög&öÕ÷V&Æ—6†W%öÖVã²–æ6öç6—7FVçE÷&u÷6–væÂÆW‡W&–ÖVçFÅ÷V&Æ—6†W%÷7WÆVÖVçBÃã3‚÷3CS“‚Ó#RÓ#ScBÓ ¦¶÷¦Æ÷w6¶•ó##U÷66–VçF–f–5÷&W÷'G2ÆfööE÷v7FUö‡–G&ö6†%ó#C2ÃÃC"ÃbãsSÃrÃBãƒsSÃ3rÆ‡–G&ö6†"Ã#CÃRãÃ#s‚ãÃS"ãS3333332Ã3s‚ãcƒCCƒCÇG'VRÂÆW‡W&–ÖVçFÅ÷V&Æ—6†W%÷7WÆVÖVçBÃã3‚÷3CS“‚Ó#RÓ#ScBÓ ¦¶÷¦Æ÷w6¶•ó##U÷66–VçF–f–5÷&W÷'G2ÆfööE÷v7FUö‡–G&ö6†%ó#C2Ã"ÃC"ÃbãsSÃrÃBãƒsSÃ3rÆ‡–G&ö6†"Ã#CÃRãÃ#c’ãSÃS"ãS3333332Ã3sbãccS#Ss2ÇG'VRÂÆW‡W&–ÖVçFÅ÷V&Æ—6†W%÷7WÆVÖVçBÃã3‚÷3CS“‚Ó#RÓ#ScBÓ ¦¶÷¦Æ÷w6¶•ó##U÷66–VçF–f–5÷&W÷'G2ÆfööE÷v7FUö‡–G&ö6†%ó#C2Ã2ÃC"ÃbãsSÃrÃBãƒsSÃ3rÆ‡–G&ö6†"Ã#CÃRãÃ#ƒRãƒÃS"ãS3333332Ã3ƒã3Cƒ3#ƒC‚ÇG'VRÂÆW‡W&–ÖVçFÅ÷V&Æ—6†W%÷7WÆVÖVçBÃã3‚÷3CS“‚Ó#RÓ#ScBÓ ¦¶÷¦Æ÷w6¶•ó##U÷66–VçF–f–5÷&W÷'G2ÆfööE÷v7FRÃÃC2Ãbãs“ccccrÃrÃBã“s“ccrÃ3rÆæöæRÂÃãÃ“ƒ’ãÃS"ãcccccccrÃ33RãƒC“SssSRÇG'VRÂÆW‡W&–ÖVçFÅ÷V&Æ—6†W%÷7WÆVÖVçBÃã3‚÷3CS“‚Ó#RÓ#ScBÓ ¦¶÷¦Æ÷w6¶•ó##U÷66–VçF–f–5÷&W÷'G2ÆfööE÷v7FRÃ"ÃC2Ãbãs“ccccrÃrÃBã“s“ccrÃ3rÆæöæRÂÃãÃ#s‚ãÃS"ãcccccccrÃ3SRã“ƒ#CsSS2ÇG'VRÂÆW‡W&–ÖVçFÅ÷V&Æ—6†W%÷7WÆVÖVçBÃã3‚÷3CS“‚Ó#RÓ#ScBÓ ¦¶÷¦Æ÷w6¶•ó##U÷66–VçF–f–5÷&W÷'G2ÆfööE÷v7FRÃ2ÃC2Ãbãs“ccccrÃrÃBã“s“ccrÃ3rÆæöæRÂÃãÃ#“Bã“ÃS"ãcccccccrÃ3S’ãssƒSssSÇG'VRÂÆW‡W&–ÖVçFÅ÷V&Æ—6†W%÷7WÆVÖVçBÃã3‚÷3CS“‚Ó#RÓ#ScBÓ ¦¶÷¦Æ÷w6¶•ó##U÷66–VçF–f–5÷&W÷'G2ÆfööE÷v7FU÷F÷'&Vf7F–öåó#C2ÃÃC2Ãbãs“ccccrÃrÃBã“s“ccrÃ3rÇF÷'&Vf7F–öå÷&öGV7BÃ#CÃRãÃ###2ãSÃS"ãcccccccrÃ3ƒ‚ãƒ3cƒ3C#’ÇG'VRÂÆW‡W&–ÖVçFÅ÷V&Æ—6†W%÷7WÆVÖVçBÃã3‚÷3CS“‚Ó#RÓ#ScBÓ ¦¶÷¦Æ÷w6¶•ó##U÷66–VçF–f–5÷&W÷'G2ÆfööE÷v7FU÷F÷'&Vf7F–öåó#C2Ã"ÃC2Ãbãs“ccccrÃrÃBã“s“ccrÃ3rÇF÷'&Vf7F–öå÷&öGV7BÃ#CÃRãÃC#BãƒÃS"ãcccccccrÂÓrãS“Cc33‚ÆfÇ6RÆW†6ÇVFVEög&öÕ÷V&Æ—6†W%öÖVã²–æ6öç6—7FVçE÷&u÷6–væÂÆW‡W&–ÖVçFÅ÷V&Æ—6†W%÷7WÆVÖVçBÃã3‚÷3CS“‚Ó#RÓ#ScBÓ ¦¶÷¦Æ÷w6¶•ó##U÷66–VçF–f–5÷&W÷'G2ÆfööE÷v7FU÷F÷'&Vf7F–öåó#C2Ã2ÃC2Ãbãs“ccccrÃrÃBã“s“ccrÃ3rÇF÷'&Vf7F–öå÷&öGV7BÃ#CÃRãÃ##C‚ãÃS"ãcccccccrÃ3“Bã3“SC#‚ÇG'VRÂÆW‡W&–ÖVçFÅ÷V&Æ—6†W%÷7WÆVÖVçBÃã3‚÷3CS“‚Ó#RÓ#ScBÓ ¦¶÷¦Æ÷w6¶•ó##U÷66–VçF–f–5÷&W÷'G2ÆfööE÷v7FU÷—&öÇ—6—5óc2ÃÃC2Ãbãs“ccccrÃrÃBã“s“ccrÃ3rÆ&–ö6†"ÃcÃRãÃ#’ãsÃS"ãcccccccrÃ3c2ã##sc#S‚ÇG'VRÂÆW‡W&–ÖVçFÅ÷V&Æ—6†W%÷7WÆVÖVçBÃã3‚÷3CS“‚Ó#RÓ#ScBÓ ¦¶÷¦Æ÷w6¶•ó##U÷66–VçF–f–5÷&W÷'G2ÆfööE÷v7FU÷—&öÇ—6—5óc2Ã"ÃC2Ãbãs“ccccrÃrÃBã“s“ccrÃ3rÆ&–ö6†"ÃcÃRãÃ#bã#ÃS"ãcccccccrÃ3cBãS“C“#SÇG'VRÂÆW‡W&–ÖVçFÅ÷V&Æ—6†W%÷7WÆVÖVçBÃã3‚÷3CS“‚Ó#RÓ#ScBÓ ¦¶÷¦Æ÷w6¶•ó##U÷66–VçF–f–5÷&W÷'G2ÆfööE÷v7FU÷—&öÇ—6—5óc2Ã2ÃC2Ãbãs“ccccrÃrÃBã“s“ccrÃ3rÆ&–ö6†"ÃcÃRãÃƒc2ãƒÃS"ãcccccccrÃ3rãSS“Ss“C’ÆfÇ6RÆW†6ÇVFVEög&öÕ÷V&Æ—6†W%öÖVã²–æ6öç6—7FVçE÷&u÷6–væÂÆW‡W&–ÖVçFÅ÷V&Æ—6†W%÷7WÆVÖVçBÃã3‚÷3CS“‚Ó#RÓ#ScBÓ ¦¶÷¦Æ÷w6¶•ó##U÷66–VçF–f–5÷&W÷'G2ÆfööE÷v7FUö‡–G&ö6†%ó#C2ÃÃC2Ãbãs“ccccrÃrÃBã“s“ccrÃ3rÆ‡–G&ö6†"Ã#CÃRãÃ#s‚ãƒÃS"ãcccccccrÃ3s‚ãs3cC“S2ÇG'VRÂÆW‡W&–ÖVçFÅ÷V&Æ—6†W%÷7WÆVÖVçBÃã3‚÷3CS“‚Ó#RÓ#ScBÓ ¦¶÷¦Æ÷w6¶•ó##U÷66–VçF–f–5÷&W÷'G2ÆfööE÷v7FUö‡–G&ö6†%ó#C2Ã"ÃC2Ãbãs“ccccrÃrÃBã“s“ccrÃ3rÆ‡–G&ö6†"Ã#CÃRãÃ#sã#ÃS"ãcccccccrÃ3sbãs“3#CƒƒbÇG'VRÂÆW‡W&–ÖVçFÅ÷V&Æ—6†W%÷7WÆVÖVçBÃã3‚÷3CS“‚Ó#RÓ#ScBÓ ¦¶÷¦Æ÷w6¶•ó##U÷66–VçF–f–5÷&W÷'G2ÆfööE÷v7FUö‡–G&ö6†%ó#C2Ã2ÃC2Ãbãs“ccccrÃrÃBã“s“ccrÃ3rÆ‡–G&ö6†"Ã#CÃRãÃ#ƒbãÃS"ãcccccccrÃ3ƒã3c33“#3‚ÇG'VRÂÆW‡W&–ÖVçFÅ÷V&Æ—6†W%÷7WÆVÖVçBÃã3‚÷3CS“‚Ó#RÓ#ScBÓ ¦¶÷¦Æ÷w6¶•ó##U÷66–VçF–f–5÷&W÷'G2ÆfööE÷v7FRÃÃCBÃbãƒ3333332ÃrÃBã#ƒ33332Ã3rÆæöæRÂÃãÃ“ƒ’ãsÃS"ãƒÃ33Rã“ssc#crÇG'VRÂÆW‡W&–ÖVçFÅ÷V&Æ—6†W%÷7WÆVÖVçBÃã3‚÷3CS“‚Ó#RÓ#ScBÓ ¦¶÷¦Æ÷w6¶•ó##U÷66–VçF–f–5÷&W÷'G2ÆfööE÷v7FRÃ"ÃCBÃbãƒ3333332ÃrÃBã#ƒ33332Ã3rÆæöæRÂÃãÃ#s‚ãƒÃS"ãƒÃ3SbãSƒcRÇG'VRÂÆW‡W&–ÖVçFÅ÷V&Æ—6†W%÷7WÆVÖVçBÃã3‚÷3CS“‚Ó#RÓ#ScBÓ ¦¶÷¦Æ÷w6¶•ó##U÷66–VçF–f–5÷&W÷'G2ÆfööE÷v7FRÃ2ÃCBÃbãƒ3333332ÃrÃBã#ƒ33332Ã3rÆæöæRÂÃãÃ#“RãsÃS"ãƒÃ3S’ã“#“#cCrÇG'VRÂÆW‡W&–ÖVçFÅ÷V&Æ—6†W%÷7WÆVÖVçBÃã3‚÷3CS“‚Ó#RÓ#ScBÓ ¦¶÷¦Æ÷w6¶•ó##U÷66–VçF–f–5÷&W÷'G2ÆfööE÷v7FU÷F÷'&Vf7F–öåó#C2ÃÃCBÃbãƒ3333332ÃrÃBã#ƒ33332Ã3rÇF÷'&Vf7F–öå÷&öGV7BÃ#CÃRãÃ###Bã3ÃS"ãƒÃ3ƒ‚ã“ƒsCs3#bÇG'VRÂÆW‡W&–ÖVçFÅ÷V&Æ—6†W%÷7WÆVÖVçBÃã3‚÷3CS“‚Ó#RÓ#ScBÓ ¦¶÷¦Æ÷w6¶•ó##U÷66–VçF–f–5÷&W÷'G2ÆfööE÷v7FU÷F÷'&Vf7F–öåó#C2Ã"ÃCBÃbãƒ3333332ÃrÃBã#ƒ33332Ã3rÇF÷'&Vf7F–öå÷&öGV7BÃ#CÃRãÃC#RãsÃS"ãƒÂÓrãC#3“cSrÆfÇ6RÆW†6ÇVFVEög&öÕ÷V&Æ—6†W%öÖVã²–æ6öç6—7FVçE÷&u÷6–væÂÆW‡W&–ÖVçFÅ÷V&Æ—6†W%÷7WÆVÖVçBÃã3‚÷3CS“‚Ó#RÓ#ScBÓ ¦¶÷¦Æ÷w6¶•ó##U÷66–VçF–f–5÷&W÷'G2ÆfööE÷v7FU÷F÷'&Vf7F–öåó#C2Ã2ÃCBÃbãƒ3333332ÃrÃBã#ƒ33332Ã3rÇF÷'&Vf7F–öå÷&öGV7BÃ#CÃRãÃ##C’ãÃS"ãƒÃ3“BãS“#C#ƒBÇG'VRÂÆW‡W&–ÖVçFÅ÷V&Æ—6†W%÷7WÆVÖVçBÃã3‚÷3CS“‚Ó#RÓ#ScBÓ ¦¶÷¦Æ÷w6¶•ó##U÷66–VçF–f–5÷&W÷'G2ÆfööE÷v7FU÷—&öÇ—6—5óc2ÃÃCBÃbãƒ3333332ÃrÃBã#ƒ33332Ã3rÆ&–ö6†"ÃcÃRãÃ#’ã“ÃS"ãƒÃ3c2ã3sƒ#cCrÇG'VRÂÆW‡W&–ÖVçFÅ÷V&Æ—6†W%÷7WÆVÖVçBÃã3‚÷3CS“‚Ó#RÓ#ScBÓ ¦¶÷¦Æ÷w6¶•ó##U÷66–VçF–f–5÷&W÷'G2ÆfööE÷v7FU÷—&öÇ—6—5óc2Ã"ÃCBÃbãƒ3333332ÃrÃBã#ƒ33332Ã3rÆ&–ö6†"ÃcÃRãÃ#rãÃS"ãƒÃ3cBãsC#3CrÇG'VRÂÆW‡W&–ÖVçFÅ÷V&Æ—6†W%÷7WÆVÖVçBÃã3‚÷3CS“‚Ó#RÓ#ScBÓ ¦¶÷¦Æ÷w6¶•ó##U÷66–VçF–f–5÷&W÷'G2ÆfööE÷v7FU÷—&öÇ—6—5óc2Ã2ÃCBÃbãƒ3333332ÃrÃBã#ƒ33332Ã3rÆ&–ö6†"ÃcÃRãÃƒcBãÃS"ãƒÃ3rãS“s#3“#BÆfÇ6RÆW†6ÇVFVEög&öÕ÷V&Æ—6†W%öÖVã²–æ6öç6—7FVçE÷&u÷6–væÂÆW‡W&–ÖVçFÅ÷V&Æ—6†W%÷7WÆVÖVçBÃã3‚÷3CS“‚Ó#RÓ#ScBÓ ¦¶÷¦Æ÷w6¶•ó##U÷66–VçF–f–5÷&W÷'G2ÆfööE÷v7FUö‡–G&ö6†%ó#C2ÃÃCBÃbãƒ3333332ÃrÃBã#ƒ33332Ã3rÆ‡–G&ö6†"Ã#CÃRãÃ#s’ãSÃS"ãƒÃ3s‚ãƒcCS3CcbÇG'VRÂÆW‡W&–ÖVçFÅ÷V&Æ—6†W%÷7WÆVÖVçBÃã3‚÷3CS“‚Ó#RÓ#ScBÓ ¦¶÷¦Æ÷w6¶•ó##U÷66–VçF–f–5÷&W÷'G2ÆfööE÷v7FUö‡–G&ö6†%ó#C2Ã"ÃCBÃbãƒ3333332ÃrÃBã#ƒ33332Ã3rÆ‡–G&ö6†"Ã#CÃRãÃ#sã“ÃS"ãƒÃ3sbã“##““‚ÇG'VRÂÆW‡W&–ÖVçFÅ÷V&Æ—6†W%÷7WÆVÖVçBÃã3‚÷3CS“‚Ó#RÓ#ScBÓ ¦¶÷¦Æ÷w6¶•ó##U÷66–VçF–f–5÷&W÷'G2ÆfööE÷v7FUö‡–G&ö6†%ó#C2Ã2ÃCBÃbãƒ3333332ÃrÃBã#ƒ33332Ã3rÆ‡–G&ö6†"Ã#CÃRãÃ#ƒbãCÃS"ãƒÃ3ƒãC#3cCs“rÇG'VRÂÆW‡W&–ÖVçFÅ÷V&Æ—6†W%÷7WÆVÖVçBÃã3‚÷3CS“‚Ó#RÓ#ScBÓ ¦¶÷¦Æ÷w6¶•ó##U÷66–VçF–f–5÷&W÷'G2ÆfööE÷v7FRÃÃCRÃbãƒsSÃrÃBã#ƒsSÃ3rÆæöæRÂÃãÃ““ãCÃS"ã“Ã33bã3“SsBÇG'VRÂÆW‡W&–ÖVçFÅ÷V&Æ—6†W%÷7WÆVÖVçBÃã3‚÷3CS“‚Ó#RÓ#ScBÓ ¦¶÷¦Æ÷w6¶•ó##U÷66–VçF–f–5÷&W÷'G2ÆfööE÷v7FRÃ"ÃCRÃbãƒsSÃrÃBã#ƒsSÃ3rÆæöæRÂÃãÃ#s’ãSÃS"ã“Ã3Sbã#Cc“3s"ÇG'VRÂÆW‡W&–ÖVçFÅ÷V&Æ—6†W%÷7WÆVÖVçBÃã3‚÷3CS“‚Ó#RÓ#ScBÓ ¦¶÷¦Æ÷w6¶•ó##U÷66–VçF–f–5÷&W÷'G2ÆfööE÷v7FRÃ2ÃCRÃbãƒsSÃrÃBã#ƒsSÃ3rÆæöæRÂÃãÃ#“bãCÃS"ã“Ã3cãcCs“SBÇG'VRÂÆW‡W&–ÖVçFÅ÷V&Æ—6†W%÷7WÆVÖVçBÃã3‚÷3CS“‚Ó#RÓ#ScBÓ ¦¶÷¦Æ÷w6¶•ó##U÷66–VçF–f–5÷&W÷'G2ÆfööE÷v7FU÷F÷'&Vf7F–öåó#C2ÃÃCRÃbãƒsSÃrÃBã#ƒsSÃ3rÇF÷'&Vf7F–öå÷&öGV7BÃ#CÃRãÃ###Rã#ÃS"ã“Ã3ƒ’ãcƒ#C"ÇG'VRÂÆW‡W&–ÖVçFÅ÷V&Æ—6†W%÷7WÆVÖVçBÃã3‚÷3CS“‚Ó#RÓ#ScBÓ ¦¶÷¦Æ÷w6¶•ó##U÷66–VçF–f–5÷&W÷'G2ÆfööE÷v7FU÷F÷'&Vf7F–öåó#C2Ã"ÃCRÃbãƒsSÃrÃBã#ƒsSÃ3rÇF÷'&Vf7F–öå÷&öGV7BÃ#CÃRãÃC#bãSÃS"ã“ÂÓrã#c3##ScRÆfÇ6RÆW†6ÇVFVEög&öÕ÷V&Æ—6†W%öÖVã²–æ6öç6—7FVçE÷&u÷6–væÂÆW‡W&–ÖVçFÅ÷V&Æ—6†W%÷7WÆVÖVçBÃã3‚÷3CS“‚Ó#RÓ#ScBÓ ¦¶÷¦Æ÷w6¶•ó##U÷66–VçF–f–5÷&W÷'G2ÆfööE÷v7FU÷F÷'&Vf7F–öåó#C2Ã2ÃCRÃbãƒsSÃrÃBã#ƒsSÃ3rÇF÷'&Vf7F–öå÷&öGV7BÃ#CÃRãÃ##C’ã#ÃS"ã“Ã3“BãS“#C#ƒBÇG'VRÂÆW‡W&–ÖVçFÅ÷V&Æ—6†W%÷7WÆVÖVçBÃã3‚÷3CS“‚Ó#RÓ#ScBÓ ¦¶÷¦Æ÷w6¶•ó##U÷66–VçF–f–5÷&W÷'G2ÆfööE÷v7FU÷—&öÇ—6—5óc2ÃÃCRÃbãƒsSÃrÃBã#ƒsSÃ3rÆ&–ö6†"ÃcÃRãÃ#ãCÃS"ã“Ã3c2ã##ƒ#“ƒRÇG'VRÂÆW‡W&–ÖVçFÅ÷V&Æ—6†W%÷7WÆVÖVçBÃã3‚÷3CS“‚Ó#RÓ#ScBÓ ¦¶÷¦Æ÷w6¶•ó##U÷66–VçF–f–5÷&W÷'G2ÆfööE÷v7FU÷—&öÇ—6—5óc2Ã"ÃCRÃbãƒsSÃrÃBã#ƒsSÃ3rÆ&–ö6†"ÃcÃRãÃ#rãƒÃS"ã“Ã3cBã“3#3’ÇG'VRÂÆW‡W&–ÖVçFÅ÷V&Æ—6†W%÷7WÆVÖVçBÃã3‚÷3CS“‚Ó#RÓ#ScBÓ ¦¶÷¦Æ÷w6¶•ó##U÷66–VçF–f–5÷&W÷'G2ÆfööE÷v7FU÷—&öÇ—6—5óc2Ã2ÃCRÃbãƒsSÃrÃBã#ƒsSÃ3rÆ&–ö6†"ÃcÃRãÃƒcBãCÃS"ã“Ã3rãcC#C3“2ÆfÇ6RÆW†6ÇVFVEög&öÕ÷V&Æ—6†W%öÖVã²–æ6öç6—7FVçE÷&u÷6–væÂÆW‡W&–ÖVçFÅ÷V&Æ—6†W%÷7WÆVÖVçBÃã3‚÷3CS“‚Ó#RÓ#ScBÓ ¦¶÷¦Æ÷w6¶•ó##U÷66–VçF–f–5÷&W÷'G2ÆfööE÷v7FUö‡–G&ö6†%ó#C2ÃÃCRÃbãƒsSÃrÃBã#ƒsSÃ3rÆ‡–G&ö6†"Ã#CÃRãÃ#ƒã3ÃS"ã“Ã3s’ã##sSSrÇG'VRÂÆW‡W&–ÖVçFÅ÷V&Æ—6†W%÷7WÆVÖVçBÃã3‚÷3CS“‚Ó#RÓ#ScBÓ ¦¶÷¦Æ÷w6¶•ó##U÷66–VçF–f–5÷&W÷'G2ÆfööE÷v7FUö‡–G&ö6†%ó#C2Ã"ÃCRÃbãƒsSÃrÃBã#ƒsSÃ3rÆ‡–G&ö6†"Ã#CÃRãÃ#sãsÃS"ã“Ã3srãs“Cc#ƒ’ÇG'VRÂÆW‡W&–ÖVçFÅ÷V&Æ—6†W%÷7WÆVÖVçBÃã3‚÷3CS“‚Ó#RÓ#ScBÓ ¦¶÷¦Æ÷w6¶•ó##U÷66–VçF–f–5÷&W÷'G2ÆfööE÷v7FUö‡–G&ö6†%ó#C2Ã2ÃCRÃbãƒsSÃrÃBã#ƒsSÃ3rÆ‡–G&ö6†"Ã#CÃRãÃ#ƒbãsÃS"ã“Ã3ƒãCcƒƒ3“cbÇG'VRÂÆW‡W&–ÖVçFÅ÷V&Æ—6†W%÷7WÆVÖVçBÃã3‚÷3CS“‚Ó#RÓ#ScBÓ ¦¶÷¦Æ÷w6¶•ó##U÷66–VçF–f–5÷&W÷'G2ÆfööE÷v7FRÃÃCbÃbã“cccccrÃrÃBã##“cccrÃ3rÆæöæRÂÃãÃ““ãÃS2ãÃ33bã#CƒssƒÇG'VRÂÆW‡W&–ÖVçFÅ÷V&Æ—6†W%÷7WÆVÖVçBÃã3‚÷3CS“‚Ó#RÓ#ScBÓ ¦¶÷¦Æ÷w6¶•ó##U÷66–VçF–f–5÷&W÷'G2ÆfööE÷v7FRÃ"ÃCbÃbã“cccccrÃrÃBã##“cccrÃ3rÆæöæRÂÃãÃ#ƒã#ÃS2ãÃ3Sbã3ƒccƒs’ÇG'VRÂÆW‡W&–ÖVçFÅ÷V&Æ—6†W%÷7WÆVÖVçBÃã3‚÷3CS“‚Ó#RÓ#ScBÓ ¦¶÷¦Æ÷w6¶•ó##U÷66–VçF–f–5÷&W÷'G2ÆfööE÷v7FRÃ2ÃCbÃbã“cccccrÃrÃBã##“cccrÃ3rÆæöæRÂÃãÃ#“rã#ÃS2ãÃ3cã###“c#CbÇG'VRÂÆW‡W&–ÖVçFÅ÷V&Æ—6†W%÷7WÆVÖVçBÃã3‚÷3CS“‚Ó#RÓ#ScBÓ ¦¶÷¦Æ÷w6¶•ó##U÷66–VçF–f–5÷&W÷'G2ÆfööE÷v7FU÷F÷'&Vf7F–öåó#C2ÃÃCbÃbã“cccccrÃrÃBã##“cccrÃ3rÇF÷'&Vf7F–öå÷&öGV7BÃ#CÃRãÃ###bãÃS2ãÃ3ƒ’ã3#cC“2ÇG'VRÂÆW‡W&–ÖVçFÅ÷V&Æ—6†W%÷7WÆVÖVçBÃã3‚÷3CS“‚Ó#RÓ#ScBÓ ¦¶÷¦Æ÷w6¶•ó##U÷66–VçF–f–5÷&W÷'G2ÆfööE÷v7FU÷F÷'&Vf7F–öåó#C2Ã"ÃCbÃbã“cccccrÃrÃBã##“cccrÃ3rÇF÷'&Vf7F–öå÷&öGV7BÃ#CÃRãÃC#rã3ÃS2ãÂÓrãSSCs2ÆfÇ6RÆW†6ÇVFVEög&öÕ÷V&Æ—6†W%öÖVã²–æ6öç6—7FVçE÷&u÷6–væÂÆW‡W&–ÖVçFÅ÷V&Æ—6†W%÷7WÆVÖVçBÃã3‚÷3CS“‚Ó#RÓ#ScBÓ ¦¶÷¦Æ÷w6¶•ó##U÷66–VçF–f–5÷&W÷'G2ÆfööE÷v7FU÷F÷'&Vf7F–öåó#C2Ã2ÃCbÃbã“cccccrÃrÃBã##“cccrÃ3rÇF÷'&Vf7F–öå÷&öGV7BÃ#CÃRãÃ##C’ãƒÃS2ãÃ3“BãsC###rÇG'VRÂÆW‡W&–ÖVçFÅ÷V&Æ—6†W%÷7WÆVÖVçBÃã3‚÷3CS“‚Ó#RÓ#ScBÓ ¦¶÷¦Æ÷w6¶•ó##U÷66–VçF–f–5÷&W÷'G2ÆfööE÷v7FU÷—&öÇ—6—5óc2ÃÃCbÃbã“cccccrÃrÃBã##“cccrÃ3rÆ&–ö6†"ÃcÃRãÃ#ãsÃS2ãÃ3c2ã#s3CSBÇG'VRÂÆW‡W&–ÖVçFÅ÷V&Æ—6†W%÷7WÆVÖVçBÃã3‚÷3CS“‚Ó#RÓ#ScBÓ ¦¶÷¦Æ÷w6¶•ó##U÷66–VçF–f–5÷&W÷'G2ÆfööE÷v7FU÷—&öÇ—6—5óc2Ã"ÃCbÃbã“cccccrÃrÃBã##“cccrÃ3rÆ&–ö6†"ÃcÃRãÃ#‚ãsÃS2ãÃ3cRãƒc“RÇG'VRÂÆW‡W&–ÖVçFÅ÷V&Æ—6†W%÷7WÆVÖVçBÃã3‚÷3CS“‚Ó#RÓ#ScBÓ ¦¶÷¦Æ÷w6¶•ó##U÷66–VçF–f–5÷&W÷'G2ÆfööE÷v7FU÷—&öÇ—6—5óc2Ã2ÃCbÃbã“cccccrÃrÃBã##“cccrÃ3rÆ&–ö6†"ÃcÃRãÃƒcBãcÃS2ãÃ3rãccS#csrÆfÇ6RÆW†6ÇVFVEög&öÕ÷V&Æ—6†W%öÖVã²–æ6öç6—7FVçE÷&u÷6–væÂÆW‡W&–ÖVçFÅ÷V&Æ—6†W%÷7WÆVÖVçBÃã3‚÷3CS“‚Ó#RÓ#ScBÓ ¦¶÷¦Æ÷w6¶•ó##U÷66–VçF–f–5÷&W÷'G2ÆfööE÷v7FUö‡–G&ö6†%ó#C2ÃÃCbÃbã“cccccrÃrÃBã##“cccrÃ3rÆ‡–G&ö6†"Ã#CÃRãÃ#ƒãÃS2ãÃ3s’ãSƒ#ƒcBÇG'VRÂÆW‡W&–ÖVçFÅ÷V&Æ—6†W%÷7WÆVÖVçBÃã3‚÷3CS“‚Ó#RÓ#ScBÓ ¦¶÷¦Æ÷w6¶•ó##U÷66–VçF–f–5÷&W÷'G2ÆfööE÷v7FUö‡–G&ö6†%ó#C2Ã"ÃCbÃbã“cccccrÃrÃBã##“cccrÃ3rÆ‡–G&ö6†"Ã#CÃRãÃ#s"ãCÃS2ãÃ3srã#S3s“bÇG'VRÂÆW‡W&–ÖVçFÅ÷V&Æ—6†W%÷7WÆVÖVçBÃã3‚÷3CS“‚Ó#RÓ#ScBÓ ¦¶÷¦Æ÷w6¶•ó##U÷66–VçF–f–5÷&W÷'G2ÆfööE÷v7FUö‡–G&ö6†%ó#C2Ã2ÃCbÃbã“cccccrÃrÃBã##“cccrÃ3rÆ‡–G&ö6†"Ã#CÃRãÃ#ƒrãÃS2ãÃ3ƒãSC33RÇG'VRÂÆW‡W&–ÖVçFÅ÷V&Æ—6†W%÷7WÆVÖVçBÃã3‚÷3CS“‚Ó#RÓ#ScBÓ ¦¶÷¦Æ÷w6¶•ó##U÷66–VçF–f–5÷&W÷'G2ÆfööE÷v7FRÃÃCrÃbã“Sƒ33332ÃrÃBã#3“Sƒ332Ã3rÆæöæRÂÃãÃ““ã#ÃS2ãÃ33bã#CƒssƒÇG'VRÂÆW‡W&–ÖVçFÅ÷V&Æ—6†W%÷7WÆVÖVçBÃã3‚÷3CS“‚Ó#RÓ#ScBÓ ¦¶÷¦Æ÷w6¶•ó##U÷66–VçF–f–5÷&W÷'G2ÆfööE÷v7FRÃ"ÃCrÃbã“Sƒ33332ÃrÃBã#3“Sƒ332Ã3rÆæöæRÂÃãÃ#ƒã3ÃS2ãÃ3Sbã3ƒccƒs’ÇG'VRÂÆW‡W&–ÖVçFÅ÷V&Æ—6†W%÷7WÆVÖVçBÃã3‚÷3CS“‚Ó#RÓ#ScBÓ ¦¶÷¦Æ÷w6¶•ó##U÷66–VçF–f–5÷&W÷'G2ÆfööE÷v7FRÃ2ÃCrÃbã“Sƒ33332ÃrÃBã#3“Sƒ332Ã3rÆæöæRÂÃãÃ#“rã3ÃS2ãÃ3cã###“c#CbÇG'VRÂÆW‡W&–ÖVçFÅ÷V&Æ—6†W%÷7WÆVÖVçBÃã3‚÷3CS“‚Ó#RÓ#ScBÓ ¦¶÷¦Æ÷w6¶•ó##U÷66–VçF–f–5÷&W÷'G2ÆfööE÷v7FU÷F÷'&Vf7F–öåó#C2ÃÃCrÃbã“Sƒ33332ÃrÃBã#3“Sƒ332Ã3rÇF÷'&Vf7F–öå÷&öGV7BÃ#CÃRãÃ###bã“ÃS2ãÃ3ƒ’ãSsssc’ÇG'VRÂÆW‡W&–ÖVçFÅ÷V&Æ—6†W%÷7WÆVÖVçBÃã3‚÷3CS“‚Ó#RÓ#ScBÓ ¦¶÷¦Æ÷w6¶•ó##U÷66–VçF–f–5÷&W÷'G2ÆfööE÷v7FU÷F÷'&Vf7F–öåó#C2Ã"ÃCrÃbã“Sƒ33332ÃrÃBã#3“Sƒ332Ã3rÇF÷'&Vf7F–öå÷&öGV7BÃ#CÃRãÃC#‚ãÃS2ãÂÓbã“Ccƒƒ3ƒ"ÆfÇ6RÆW†6ÇVFVEög&öÕ÷V&Æ—6†W%öÖVã²–æ6öç6—7FVçE÷&u÷6–væÂÆW‡W&–ÖVçFÅ÷V&Æ—6†W%÷7WÆVÖVçBÃã3‚÷3CS“‚Ó#RÓ#ScBÓ ¦¶÷¦Æ÷w6¶•ó##U÷66–VçF–f–5÷&W÷'G2ÆfööE÷v7FU÷F÷'&Vf7F–öåó#C2Ã2ÃCrÃbã“Sƒ33332ÃrÃBã#3“Sƒ332Ã3rÇF÷'&Vf7F–öå÷&öGV7BÃ#CÃRãÃ##SãÃS2ãÃ3“BãsC“C3sbÇG'VRÂÆW‡W&–ÖVçFÅ÷V&Æ—6†W%÷7WÆVÖVçBÃã3‚÷3CS“‚Ó#RÓ#ScBÓ ¦¶÷¦Æ÷w6¶•ó##U÷66–VçF–f–5÷&W÷'G2ÆfööE÷v7FU÷—&öÇ—6—5óc2ÃÃCrÃbã“Sƒ33332ÃrÃBã#3“Sƒ332Ã3rÆ&–ö6†"ÃcÃRãÃ#ãÃS2ãÃ3c2ã3Cƒ“‚ÇG'VRÂÆW‡W&–ÖVçFÅ÷V&Æ—6†W%÷7WÆVÖVçBÃã3‚÷3CS“‚Ó#RÓ#ScBÓ ¦¶÷¦Æ÷w6¶•ó##U÷66–VçF–f–5÷&W÷'G2ÆfööE÷v7FU÷—&öÇ—6—5óc2Ã"ÃCrÃbã“Sƒ33332ÃrÃBã#3“Sƒ332Ã3rÆ&–ö6†"ÃcÃRãÃ#‚ã“ÃS2ãÃ3cRã3ccSÇG'VRÂÆW‡W&–ÖVçFÅ÷V&Æ—6†W%÷7WÆVÖVçBÃã3‚÷3CS“‚Ó#RÓ#ScBÓ ¦¶÷¦Æ÷w6¶•ó##U÷66–VçF–f–5÷&W÷'G2ÆfööE÷v7FU÷—&öÇ—6—5óc2Ã2ÃCrÃbã“Sƒ33332ÃrÃBã#3“Sƒ332Ã3rÆ&–ö6†"ÃcÃRãÃƒcBã“ÃS2ãÃ3rãs#ƒCbÆfÇ6RÆW†6ÇVFVEög&öÕ÷V&Æ—6†W%öÖVã²–æ6öç6—7FVçE÷&u÷6–væÂÆW‡W&–ÖVçFÅ÷V&Æ—6†W%÷7WÆVÖVçBÃã3‚÷3CS“‚Ó#RÓ#ScBÓ ¦¶÷¦Æ÷w6¶•ó##U÷66–VçF–f–5÷&W÷'G2ÆfööE÷v7FUö‡–G&ö6†%ó#C2ÃÃCrÃbã“Sƒ33332ÃrÃBã#3“Sƒ332Ã3rÆ‡–G&ö6†"Ã#CÃRãÃ#ƒãsÃS2ãÃ3s’ã#“3ƒSSsÇG'VRÂÆW‡W&–ÖVçFÅ÷V&Æ—6†W%÷7WÆVÖVçBÃã3‚÷3CS“‚Ó#RÓ#ScBÓ ¦¶÷¦Æ÷w6¶•ó##U÷66–VçF–f–5÷&W÷'G2ÆfööE÷v7FUö‡–G&ö6†%ó#C2Ã"ÃCrÃbã“Sƒ33332ÃrÃBã#3“Sƒ332Ã3rÆ‡–G&ö6†"Ã#CÃRãÃ#s2ãÃS2ãÃ3srã3Sc32ÇG'VRÂÆW‡W&–ÖVçFÅ÷V&Æ—6†W%÷7WÆVÖVçBÃã3‚÷3CS“‚Ó#RÓ#ScBÓ ¦¶÷¦Æ÷w6¶•ó##U÷66–VçF–f–5÷&W÷'G2ÆfööE÷v7FUö‡–G&ö6†%ó#C2Ã2ÃCrÃbã“Sƒ33332ÃrÃBã#3“Sƒ332Ã3rÆ‡–G&ö6†"Ã#CÃRãÃ#ƒrãCÃS2ãÃ3ƒãSƒƒƒƒ‚ÇG'VRÂÆW‡W&–ÖVçFÅ÷V&Æ—6†W%÷7WÆVÖVçBÃã3‚÷3CS“‚Ó#RÓ#ScBÓ ¦¶÷¦Æ÷w6¶•ó##U÷66–VçF–f–5÷&W÷'G2ÆfööE÷v7FRÃÃC‚ÃrãÃrÃBã#SÃ3rÆæöæRÂÃãÃ““ãcÃS2ã#Ã33bã3cSSƒ3RÇG'VRÂÆW‡W&–ÖVçFÅ÷V&Æ—6†W%÷7WÆVÖVçBÃã3‚÷3CS“‚Ó#RÓ#ScBÓ ¦¶÷¦Æ÷w6¶•ó##U÷66–VçF–f–5÷&W÷'G2ÆfööE÷v7FRÃ"ÃC‚ÃrãÃrÃBã#SÃ3rÆæöæRÂÃãÃ#ƒãsÃS2ã#Ã3SbãCC“CSc3"ÇG'VRÂÆW‡W&–ÖVçFÅ÷V&Æ—6†W%÷7WÆVÖVçBÃã3‚÷3CS“‚Ó#RÓ#ScBÓ ¦¶÷¦Æ÷w6¶•ó##U÷66–VçF–f–5÷&W÷'G2ÆfööE÷v7FRÃ2ÃC‚ÃrãÃrÃBã#SÃ3rÆæöæRÂÃãÃ#“rãƒÃS2ã#Ã3cã333CSƒBÇG'VRÂÆW‡W&–ÖVçFÅ÷V&Æ—6†W%÷7WÆVÖVçBÃã3‚÷3CS“‚Ó#RÓ#ScBÓ ¦¶÷¦Æ÷w6¶•ó##U÷66–VçF–f–5÷&W÷'G2ÆfööE÷v7FU÷F÷'&Vf7F–öåó#C2ÃÃC‚ÃrãÃrÃBã#SÃ3rÇF÷'&Vf7F–öå÷&öGV7BÃ#CÃRãÃ###rãsÃS2ã#Ã3ƒ’ãccS3CƒcÇG'VRÂÆW‡W&–ÖVçFÅ÷V&Æ—6†W%÷7WÆVÖVçBÃã3‚÷3CS“‚Ó#RÓ#ScBÓ ¦¶÷¦Æ÷w6¶•ó##U÷66–VçF–f–5÷&W÷'G2ÆfööE÷v7FU÷F÷'&Vf7F–öåó#C2Ã"ÃC‚ÃrãÃrÃBã#SÃ3rÇF÷'&Vf7F–öå÷&öGV7BÃ#CÃRãÃC#‚ã“ÃS2ã#ÂÓbãsƒƒs#“ÆfÇ6RÆW†6ÇVFVEög&öÕ÷V&Æ—6†W%öÖVã²–æ6öç6—7FVçE÷&u÷6–væÂÆW‡W&–ÖVçFÅ÷V&Æ—6†W%÷7WÆVÖVçBÃã3‚÷3CS“‚Ó#RÓ#ScBÓ ¦¶÷¦Æ÷w6¶•ó##U÷66–VçF–f–5÷&W÷'G2ÆfööE÷v7FU÷F÷'&Vf7F–öåó#C2Ã2ÃC‚ÃrãÃrÃBã#SÃ3rÇF÷'&Vf7F–öå÷&öGV7BÃ#CÃRãÃ##SãSÃS2ã#Ã3“Bãƒs##’ÇG'VRÂÆW‡W&–ÖVçFÅ÷V&Æ—6†W%÷7WÆVÖVçBÃã3‚÷3CS“‚Ó#RÓ#ScBÓ ¦¶÷¦Æ÷w6¶•ó##U÷66–VçF–f–5÷&W÷'G2ÆfööE÷v7FU÷—&öÇ—6—5óc2ÃÃC‚ÃrãÃrÃBã#SÃ3rÆ&–ö6†"ÃcÃRãÃ#ãCÃS2ã#Ã3c2ã3ƒc3ƒsrÇG'VRÂÆW‡W&–ÖVçFÅ÷V&Æ—6†W%÷7WÆVÖVçBÃã3‚÷3CS“‚Ó#RÓ#ScBÓ ¦¶÷¦Æ÷w6¶•ó##U÷66–VçF–f–5÷&W÷'G2ÆfööE÷v7FU÷—&öÇ—6—5óc2Ã"ÃC‚ÃrãÃrÃBã#SÃ3rÆ&–ö6†"ÃcÃRãÃ#’ãSÃS2ã#Ã3cRã#ccCC#"ÇG'VRÂÆW‡W&–ÖVçFÅ÷V&Æ—6†W%÷7WÆVÖVçBÃã3‚÷3CS“‚Ó#RÓ#ScBÓ ¦¶÷¦Æ÷w6¶•ó##U÷66–VçF–f–5÷&W÷'G2ÆfööE÷v7FU÷—&öÇ—6—5óc2Ã2ÃC‚ÃrãÃrÃBã#SÃ3rÆ&–ö6†"ÃcÃRãÃƒcRã#ÃS2ã#Ã3rãsSSCRÆfÇ6RÆW†6ÇVFVEög&öÕ÷V&Æ—6†W%öÖVã²–æ6öç6—7FVçE÷&u÷6–væÂÆW‡W&–ÖVçFÅ÷V&Æ—6†W%÷7WÆVÖVçBÃã3‚÷3CS“‚Ó#RÓ#ScBÓ ¦¶÷¦Æ÷w6¶•ó##U÷66–VçF–f–5÷&W÷'G2ÆfööE÷v7FUö‡–G&ö6†%ó#C2ÃÃC‚ÃrãÃrÃBã#SÃ3rÆ‡–G&ö6†"Ã#CÃRãÃ#ƒ"ãSÃS2ã#Ã3s’ãCS##cc2ÇG'VRÂÆW‡W&–ÖVçFÅ÷V&Æ—6†W%÷7WÆVÖVçBÃã3‚÷3CS“‚Ó#RÓ#ScBÓ ¦¶÷¦Æ÷w6¶•ó##U÷66–VçF–f–5÷&W÷'G2ÆfööE÷v7FUö‡–G&ö6†%ó#C2Ã"ÃC‚ÃrãÃrÃBã#SÃ3rÆ‡–G&ö6†"Ã#CÃRãÃ#s2ã“ÃS2ã#Ã3srãSƒsƒ3“RÇG'VRÂÆW‡W&–ÖVçFÅ÷V&Æ—6†W%÷7WÆVÖVçBÃã3‚÷3CS“‚Ó#RÓ#ScBÓ ¦¶÷¦Æ÷w6¶•ó##U÷66–VçF–f–5÷&W÷'G2ÆfööE÷v7FUö‡–G&ö6†%ó#C2Ã2ÃC‚ÃrãÃrÃBã#SÃ3rÆ‡–G&ö6†"Ã#CÃRãÃ#ƒrãsÃS2ã#Ã3ƒãc#sSrÇG'VRÂÆW‡W&–ÖVçFÅ÷V&Æ—6†W%÷7WÆVÖVçBÃã3‚÷3CS“‚Ó#RÓ#ScBÓ ¦¶÷¦Æ÷w6¶•ó##U÷66–VçF–f–5÷&W÷'G2ÆfööE÷v7FRÃÃC’ÃrãCccccrÃrÃBã#cCccrÃ3rÆæöæRÂÃãÃ““ã“ÃS2ã3Ã33bã3csSBÇG'VRÂÆW‡W&–ÖVçFÅ÷V&Æ—6†W%÷7WÆVÖVçBÃã3‚÷3CS“‚Ó#RÓ#ScBÓ ¦¶÷¦Æ÷w6¶•ó##U÷66–VçF–f–5÷&W÷'G2ÆfööE÷v7FRÃ"ÃC’ÃrãCccccrÃrÃBã#cCccrÃ3rÆæöæRÂÃãÃ#ƒãÃS2ã3Ã3SbãC“CcCƒ"ÇG'VRÂÆW‡W&–ÖVçFÅ÷V&Æ—6†W%÷7WÆVÖVçBÃã3‚÷3CS“‚Ó#RÓ#ScBÓ ¦¶÷¦Æ÷w6¶•ó##U÷66–VçF–f–5÷&W÷'G2ÆfööE÷v7FRÃ2ÃC’ÃrãCccccrÃrÃBã#cCccrÃ3rÆæöæRÂÃãÃ#“‚ãÃS2ã3Ã3cã33S“Cc‚ÇG'VRÂÆW‡W&–ÖVçFÅ÷V&Æ—6†W%÷7WÆVÖVçBÃã3‚÷3CS“‚Ó#RÓ#ScBÓ ¦¶÷¦Æ÷w6¶•ó##U÷66–VçF–f–5÷&W÷'G2ÆfööE÷v7FU÷F÷'&Vf7F–öåó#C2ÃÃC’ÃrãCccccrÃrÃBã#cCccrÃ3rÇF÷'&Vf7F–öå÷&öGV7BÃ#CÃRãÃ###‚ãSÃS2ã3Ã3ƒ’ãƒ#3S“S2ÇG'VRÂÆW‡W&–ÖVçFÅ÷V&Æ—6†W%÷7WÆVÖVçBÃã3‚÷3CS“‚Ó#RÓ#ScBÓ ¦¶÷¦Æ÷w6¶•ó##U÷66–VçF–f–5÷&W÷'G2ÆfööE÷v7FU÷F÷'&Vf7F–öåó#C2Ã"ÃC’ÃrãCccccrÃrÃBã#cCccrÃ3rÇF÷'&Vf7F–öå÷&öGV7BÃ#CÃRãÃC#’ãsÃS2ã3ÂÓbãc3SC“’ÆfÇ6RÆW†6ÇVFVEög&öÕ÷V&Æ—6†W%öÖVã²–æ6öç6—7FVçE÷&u÷6–væÂÆW‡W&–ÖVçFÅ÷V&Æ—6†W%÷7WÆVÖVçBÃã3‚÷3CS“‚Ó#RÓ#ScBÓ ¦¶÷¦Æ÷w6¶•ó##U÷66–VçF–f–5÷&W÷'G2ÆfööE÷v7FU÷F÷'&Vf7F–öåó#C2Ã2ÃC’ÃrãCccccrÃrÃBã#cCccrÃ3rÇF÷'&Vf7F–öå÷&öGV7BÃ#CÃRãÃ##Sã“ÃS2ã3Ã3“BãƒƒC“ƒƒƒ2ÇG'VRÂÆW‡W&–ÖVçFÅ÷V&Æ—6†W%÷7WÆVÖVçBÃã3‚÷3CS“‚Ó#RÓ#ScBÓ ¦¶÷¦Æ÷w6¶•ó##U÷66–VçF–f–5÷&W÷'G2ÆfööE÷v7FU÷—&öÇ—6—5óc2ÃÃC’ÃrãCccccrÃrÃBã#cCccrÃ3rÆ&–ö6†"ÃcÃRãÃ#ãƒÃS2ã3Ã3c2ãCSCcƒ3ÇG'VRÂÆW‡W&–ÖVçFÅ÷V&Æ—6†W%÷7WÆVÖVçBÃã3‚÷3CS“‚Ó#RÓ#ScBÓ ¦¶÷¦Æ÷w6¶•ó##U÷66–VçF–f–5÷&W÷'G2ÆfööE÷v7FU÷—&öÇ—6—5óc2Ã"ÃC’ÃrãCccccrÃrÃBã#cCccrÃ3rÆ&–ö6†"ÃcÃRãÃ#’ãƒÃS2ã3Ã3cRã#cƒ3S“ÇG'VRÂÆW‡W&–ÖVçFÅ÷V&Æ—6†W%÷7WÆVÖVçBÃã3‚÷3CS“‚Ó#RÓ#ScBÓ ¦¶÷¦Æ÷w6¶•ó##U÷66–VçF–f–5÷&W÷'G2ÆfööE÷v7FU÷—&öÇ—6—5óc2Ã2ÃC’ÃrãCccccrÃrÃBã#cCccrÃ3rÆ&–ö6†"ÃcÃRãÃƒcRãCÃS2ã3Ã3rãssƒcÆfÇ6RÆW†6ÇVFVEög&öÕ÷V&Æ—6†W%öÖVã²–æ6öç6—7FVçE÷&u÷6–væÂÆW‡W&–ÖVçFÅ÷V&Æ—6†W%÷7WÆVÖVçBÃã3‚÷3CS“‚Ó#RÓ#ScBÓ ¦¶÷¦Æ÷w6¶•ó##U÷66–VçF–f–5÷&W÷'G2ÆfööE÷v7FUö‡–G&ö6†%ó#C2ÃÃC’ÃrãCccccrÃrÃBã#cCccrÃ3rÆ‡–G&ö6†"Ã#CÃRãÃ#ƒ2ã#ÃS2ã3Ã3s’ãSƒscsÇG'VRÂÆW‡W&–ÖVçFÅ÷V&Æ—6†W%÷7WÆVÖVçBÃã3‚÷3CS“‚Ó#RÓ#ScBÓ ¦¶÷¦Æ÷w6¶•ó##U÷66–VçF–f–5÷&W÷'G2ÆfööE÷v7FUö‡–G&ö6†%ó#C2Ã"ÃC’ÃrãCccccrÃrÃBã#cCccrÃ3rÆ‡–G&ö6†"Ã#CÃRãÃ#sBãcÃS2ã3Ã3srãcCC3S“"ÇG'VRÂÆW‡W&–ÖVçFÅ÷V&Æ—6†W%÷7WÆVÖVçBÃã3‚÷3CS“‚Ó#RÓ#ScBÓ ¦¶÷¦Æ÷w6¶•ó##U÷66–VçF–f–5÷&W÷'G2ÆfööE÷v7FUö‡–G&ö6†%ó#C2Ã2ÃC’ÃrãCccccrÃrÃBã#cCccrÃ3rÆ‡–G&ö6†"Ã#CÃRãÃ#ƒ‚ãÃS2ã3Ã3ƒãcs####bÇG'VRÂÆW‡W&–ÖVçFÅ÷V&Æ—6†W%÷7WÆVÖVçBÃã3‚÷3CS“‚Ó#RÓ#ScBÓ ¦¶÷¦Æ÷w6¶•ó##U÷66–VçF–f–5÷&W÷'G2ÆfööE÷v7FRÃÃCÃrãƒ333332ÃrÃBã#sƒ3332Ã3rÆæöæRÂÃãÃ““"ã#ÃS2ãCÃ33bãCc“Cs2ÇG'VRÂÆW‡W&–ÖVçFÅ÷V&Æ—6†W%÷7WÆVÖVçBÃã3‚÷3CS“‚Ó#RÓ#ScBÓ ¦¶÷¦Æ÷w6¶•ó##U÷66–VçF–f–5÷&W÷'G2ÆfööE÷v7FRÃ"ÃCÃrãƒ333332ÃrÃBã#sƒ3332Ã3rÆæöæRÂÃãÃ#ƒã3ÃS2ãCÃ3SbãS3“ƒ3“sÇG'VRÂÆW‡W&–ÖVçFÅ÷V&Æ—6†W%÷7WÆVÖVçBÃã3‚÷3CS“‚Ó#RÓ#ScBÓ ¦¶÷¦Æ÷w6¶•ó##U÷66–VçF–f–5÷&W÷'G2ÆfööE÷v7FRÃ2ÃCÃrãƒ333332ÃrÃBã#sƒ3332Ã3rÆæöæRÂÃãÃ#“‚ãCÃS2ãCÃ3cãC3s#“#"ÇG'VRÂÆW‡W&–ÖVçFÅ÷V&Æ—6†W%÷7WÆVÖVçBÃã3‚÷3CS“‚Ó#RÓ#ScBÓ ¦¶÷¦Æ÷w6¶•ó##U÷66–VçF–f–5÷&W÷'G2ÆfööE÷v7FU÷F÷'&Vf7F–öåó#C2ÃÃCÃrãƒ333332ÃrÃBã#sƒ3332Ã3rÇF÷'&Vf7F–öå÷&öGV7BÃ#CÃRãÃ###’ã3ÃS2ãCÃ3ƒ’ã“ƒc“CBÇG'VRÂÆW‡W&–ÖVçFÅ÷V&Æ—6†W%÷7WÆVÖVçBÃã3‚÷3CS“‚Ó#RÓ#ScBÓ ¦¶÷¦Æ÷w6¶•ó##U÷66–VçF–f–5÷&W÷'G2ÆfööE÷v7FU÷F÷'&Vf7F–öåó#C2Ã"ÃCÃrãƒ333332ÃrÃBã#sƒ3332Ã3rÇF÷'&Vf7F–öå÷&öGV7BÃ#CÃRãÃC3ãSÃS2ãCÂÓbãCs#3srÆfÇ6RÆW†6ÇVFVEög&öÕ÷V&Æ—6†W%öÖVã²–æ6öç6—7FVçE÷&u÷6–væÂÆW‡W&–ÖVçFÅ÷V&Æ—6†W%÷7WÆVÖVçBÃã3‚÷3CS“‚Ó#RÓ#ScBÓ ¦¶÷¦Æ÷w6¶•ó##U÷66–VçF–f–5÷&W÷'G2ÆfööE÷v7FU÷F÷'&Vf7F–öåó#C2Ã2ÃCÃrãƒ333332ÃrÃBã#sƒ3332Ã3rÇF÷'&Vf7F–öå÷&öGV7BÃ#CÃRãÃ##Sã3ÃS2ãCÃ3“Bã“S#ssc3bÇG'VRÂÆW‡W&–ÖVçFÅ÷V&Æ—6†W%÷7WÆVÖVçBÃã3‚÷3CS“‚Ó#RÓ#ScBÓ ¦¶÷¦Æ÷w6¶•ó##U÷66–VçF–f–5÷&W÷'G2ÆfööE÷v7FU÷—&öÇ—6—5óc2ÃÃCÃrãƒ333332ÃrÃBã#sƒ3332Ã3rÆ&–ö6†"ÃcÃRãÃ#"ã#ÃS2ãCÃ3c2ãS#“SSƒBÇG'VRÂÆW‡W&–ÖVçFÅ÷V&Æ—6†W%÷7WÆVÖVçBÃã3‚÷3CS“‚Ó#RÓ#ScBÓ ¦¶÷¦Æ÷w6¶•ó##U÷66–VçF–f–5÷&W÷'G2ÆfööE÷v7FU÷—&öÇ—6—5óc2Ã"ÃCÃrãƒ333332ÃrÃBã#sƒ3332Ã3rÆ&–ö6†"ÃcÃRãÃ##ã3ÃS2ãCÃ3cRã3S##“#’ÇG'VRÂÆW‡W&–ÖVçFÅ÷V&Æ—6†W%÷7WÆVÖVçBÃã3‚÷3CS“‚Ó#RÓ#ScBÓ ¦¶÷¦Æ÷w6¶•ó##U÷66–VçF–f–5÷&W÷'G2ÆfööE÷v7FU÷—&öÇ—6—5óc2Ã2ÃCÃrãƒ333332ÃrÃBã#sƒ3332Ã3rÆ&–ö6†"ÃcÃRãÃƒcRãsÃS2ãCÃ3rãƒ#3“sc’ÆfÇ6RÆW†6ÇVFVEög&öÕ÷V&Æ—6†W%öÖVã²–æ6öç6—7FVçE÷&u÷6–væÂÆW‡W&–ÖVçFÅ÷V&Æ—6†W%÷7WÆVÖVçBÃã3‚÷3CS“‚Ó#RÓ#ScBÓ ¦¶÷¦Æ÷w6¶•ó##U÷66–VçF–f–5÷&W÷'G2ÆfööE÷v7FUö‡–G&ö6†%ó#C2ÃÃCÃrãƒ333332ÃrÃBã#sƒ3332Ã3rÆ‡–G&ö6†"Ã#CÃRãÃ#ƒ2ã“ÃS2ãCÃ3s’ãs#3scsrÇG'VRÂÆW‡W&–ÖVçFÅ÷V&Æ—6†W%÷7WÆVÖVçBÃã3‚÷3CS“‚Ó#RÓ#ScBÓ ¦¶÷¦Æ÷w6¶•ó##U÷66–VçF–f–5÷&W÷'G2ÆfööE÷v7FUö‡–G&ö6†%ó#C2Ã"ÃCÃrãƒ333332ÃrÃBã#sƒ3332Ã3rÆ‡–G&ö6†"Ã#CÃRãÃ#sRã3ÃS2ãCÃ3srãss““3C’ÇG'VRÂÆW‡W&–ÖVçFÅ÷V&Æ—6†W%÷7WÆVÖVçBÃã3‚÷3CS“‚Ó#RÓ#ScBÓ ¦¶÷¦Æ÷w6¶•ó##U÷66–VçF–f–5÷&W÷'G2ÆfööE÷v7FUö‡–G&ö6†%ó#C2Ã2ÃCÃrãƒ333332ÃrÃBã#sƒ3332Ã3rÆ‡–G&ö6†"Ã#CÃRãÃ#ƒ‚ãCÃS2ãCÃ3ƒãs3““ƒ“ƒÇG'VRÂÆW‡W&–ÖVçFÅ÷V&Æ—6†W%÷7WÆVÖVçBÃã3‚÷3CS“‚Ó#RÓ#ScBÓ ¦¶÷¦Æ÷w6¶•ó##U÷66–VçF–f–5÷&W÷'G2ÆfööE÷v7FRÃÃCÃrã#SÃrÃBã#ƒ#SÃ3rÆæöæRÂÃãÃ““"ãSÃS2ãSÃ33bãCS#33C"ÇG'VRÂÆW‡W&–ÖVçFÅ÷V&Æ—6†W%÷7WÆVÖVçBÃã3‚÷3CS“‚Ó#RÓ#ScBÓ ¦¶÷¦Æ÷w6¶•ó##U÷66–VçF–f–5÷&W÷'G2ÆfööE÷v7FRÃ"ÃCÃrã#SÃrÃBã#ƒ#SÃ3rÆæöæRÂÃãÃ#ƒãcÃS2ãSÃ3SbãSƒS3CÇG'VRÂÆW‡W&–ÖVçFÅ÷V&Æ—6†W%÷7WÆVÖVçBÃã3‚÷3CS“‚Ó#RÓ#ScBÓ ¦¶÷¦Æ÷w6¶•ó##U÷66–VçF–f–5÷&W÷'G2ÆfööE÷v7FRÃ2ÃCÃrã#SÃrÃBã#ƒ#SÃ3rÆæöæRÂÃãÃ#“‚ãsÃS2ãSÃ3cãCCƒ“#“ÇG'VRÂÆW‡W&–ÖVçFÅ÷V&Æ—6†W%÷7WÆVÖVçBÃã3‚÷3CS“‚Ó#RÓ#ScBÓ ¦¶÷¦Æ÷w6¶•ó##U÷66–VçF–f–5÷&W÷'G2ÆfööE÷v7FU÷F÷'&Vf7F–öåó#C2ÃÃCÃrã#SÃrÃBã#ƒ#SÃ3rÇF÷'&Vf7F–öå÷&öGV7BÃ#CÃRãÃ##3ã#ÃS2ãSÃ3“ãc#CSs#ÇG'VRÂÆW‡W&–ÖVçFÅ÷V&Æ—6†W%÷7WÆVÖVçBÃã3‚÷3CS“‚Ó#RÓ#ScBÓ ¦¶÷¦Æ÷w6¶•ó##U÷66–VçF–f–5÷&W÷'G2ÆfööE÷v7FU÷F÷'&Vf7F–öåó#C2Ã"ÃCÃrã#SÃrÃBã#ƒ#SÃ3rÇF÷'&Vf7F–öå÷&öGV7BÃ#CÃRãÃC3ã3ÃS2ãSÂÓbã3C#bÆfÇ6RÆW†6ÇVFVEög&öÕ÷V&Æ—6†W%öÖVã²–æ6öç6—7FVçE÷&u÷6–væÂÆW‡W&–ÖVçFÅ÷V&Æ—6†W%÷7WÆVÖVçBÃã3‚÷3CS“‚Ó#RÓ#ScBÓ ¦¶÷¦Æ÷w6¶•ó##U÷66–VçF–f–5÷&W÷'G2ÆfööE÷v7FU÷F÷'&Vf7F–öåó#C2Ã2ÃCÃrã#SÃrÃBã#ƒ#SÃ3rÇF÷'&Vf7F–öå÷&öGV7BÃ#CÃRãÃ##SãsÃS2ãSÃ3“Rã#Sc3“ÇG'VRÂÆW‡W&–ÖVçFÅ÷V&Æ—6†W%÷7WÆVÖVçBÃã3‚÷3CS“‚Ó#RÓ#ScBÓ ¦¶÷¦Æ÷w6¶•ó##U÷66–VçF–f–5÷&W÷'G2ÆfööE÷v7FU÷—&öÇ—6—5óc2ÃÃCÃrã#SÃrÃBã#ƒ#SÃ3rÆ&–ö6†"ÃcÃRãÃ#"ãSÃS2ãSÃ3c2ãScsCsS2ÇG'VRÂÆW‡W&–ÖVçFÅ÷V&Æ—6†W%÷7WÆVÖVçBÃã3‚÷3CS“‚Ó#RÓ#ScBÓ ¦¶÷¦Æ÷w6¶•ó##U÷66–VçF–f–5÷&W÷'G2ÆfööE÷v7FU÷—&öÇ—6—5óc2Ã"ÃCÃrã#SÃrÃBã#ƒ#SÃ3rÆ&–ö6†"ÃcÃRãÃ##ãsÃS2ãSÃ3cRãC#cƒ2ÇG'VRÂÆW‡W&–ÖVçFÅ÷V&Æ—6†W%÷7WÆVÖVçBÃã3‚÷3CS“‚Ó#RÓ#ScBÓ ¦¶÷¦Æ÷w6¶•ó##U÷66–VçF–f–5÷&W÷'G2ÆfööE÷v7FU÷—&öÇ—6—5óc2Ã2ÃCÃrã#SÃrÃBã#ƒ#SÃ3rÆ&–ö6†"ÃcÃRãÃƒcbãÃS2ãSÃ3rãƒcƒ3ƒ“3‚ÆfÇ6RÆW†6ÇVFVEög&öÕ÷V&Æ—6†W%öÖVã²–æ6öç6—7FVçE÷&u÷6–væÂÆW‡W&–ÖVçFÅ÷V&Æ—6†W%÷7WÆVÖVçBÃã3‚÷3CS“‚Ó#RÓ#ScBÓ ¦¶÷¦Æ÷w6¶•ó##U÷66–VçF–f–5÷&W÷'G2ÆfööE÷v7FUö‡–G&ö6†%ó#C2ÃÃCÃrã#SÃrÃBã#ƒ#SÃ3rÆ‡–G&ö6†"Ã#CÃRãÃ#ƒBãsÃS2ãSÃ3s’ãƒƒ3Csc’ÇG'VRÂÆW‡W&–ÖVçFÅ÷V&Æ—6†W%÷7WÆVÖVçBÃã3‚÷3CS“‚Ó#RÓ#ScBÓ ¦¶÷¦Æ÷w6¶•ó##U÷66–VçF–f–5÷&W÷'G2ÆfööE÷v7FUö‡–G&ö6†%ó#C2Ã"ÃCÃrã#SÃrÃBã#ƒ#SÃ3rÆ‡–G&ö6†"Ã#CÃRãÃ#sbãÃS2ãSÃ3srã“3ƒSÇG'VRÂÆW‡W&–ÖVçFÅ÷V&Æ—6†W%÷7WÆVÖVçBÃã3‚÷3CS“‚Ó#RÓ#ScBÓ ¦¶÷¦Æ÷w6¶•ó##U÷66–VçF–f–5÷&W÷'G2ÆfööE÷v7FUö‡–G&ö6†%ó#C2Ã2ÃCÃrã#SÃrÃBã#ƒ#SÃ3rÆ‡–G&ö6†"Ã#CÃRãÃ#ƒ‚ãsÃS2ãSÃ3ƒãsƒSƒC’ÇG'VRÂÆW‡W&–ÖVçFÅ÷V&Æ—6†W%÷7WÆVÖVçBÃã3‚÷3CS“‚Ó#RÓ#ScBÓ ¦¶÷¦Æ÷w6¶•ó##U÷66–VçF–f–5÷&W÷'G2ÆfööE÷v7FRÃÃC"ÃrãccccccrÃrÃBã#“ccccrÃ3rÆæöæRÂÃãÃ““"ãƒÃS2ãcÃ33bãC“s3#SÇG'VRÂÆW‡W&–ÖVçFÅ÷V&Æ—6†W%÷7WÆVÖVçBÃã3‚÷3CS“‚Ó#RÓ#ScBÓ ¦¶÷¦Æ÷w6¶•ó##U÷66–VçF–f–5÷&W÷'G2ÆfööE÷v7FRÃ"ÃC"ÃrãccccccrÃrÃBã#“ccccrÃ3rÆæöæRÂÃãÃ#ƒã“ÃS2ãcÃ3Sbãc3##3’ÇG'VRÂÆW‡W&–ÖVçFÅ÷V&Æ—6†W%÷7WÆVÖVçBÃã3‚÷3CS“‚Ó#RÓ#ScBÓ ¦¶÷¦Æ÷w6¶•ó##U÷66–VçF–f–5÷&W÷'G2ÆfööE÷v7FRÃ2ÃC"ÃrãccccccrÃrÃBã#“ccccrÃ3rÆæöæRÂÃãÃ#“’ãÃS2ãcÃ3cãC“C#cÇG'VRÂÆW‡W&–ÖVçFÅ÷V&Æ—6†W%÷7WÆVÖVçBÃã3‚÷3CS“‚Ó#RÓ#ScBÓ ¦¶÷¦Æ÷w6¶•ó##U÷66–VçF–f–5÷&W÷'G2ÆfööE÷v7FU÷F÷'&Vf7F–öåó#C2ÃÃC"ÃrãccccccrÃrÃBã#“ccccrÃ3rÇF÷'&Vf7F–öå÷&öGV7BÃ#CÃRãÃ##3ãÃS2ãcÃ3“ã3#c#ƒ"ÇG'VRÂÆW‡W&–ÖVçFÅ÷V&Æ—6†W%÷7WÆVÖVçBÃã3‚÷3CS“‚Ó#RÓ#ScBÓ ¦¶÷¦Æ÷w6¶•ó##U÷66–VçF–f–5÷&W÷'G2ÆfööE÷v7FU÷F÷'&Vf7F–öåó#C2Ã"ÃC"ÃrãccccccrÃrÃBã#“ccccrÃ3rÇF÷'&Vf7F–öå÷&öGV7BÃ#CÃRãÃC3"ãÃS2ãcÂÓbãSc#“#BÆfÇ6RÆW†6ÇVFVEög&öÕ÷V&Æ—6†W%öÖVã²–æ6öç6—7FVçE÷&u÷6–væÂÆW‡W&–ÖVçFÅ÷V&Æ—6†W%÷7WÆVÖVçBÃã3‚÷3CS“‚Ó#RÓ#ScBÓ ¦¶÷¦Æ÷w6¶•ó##U÷66–VçF–f–5÷&W÷'G2ÆfööE÷v7FU÷F÷'&Vf7F–öåó#C2Ã2ÃC"ÃrãccccccrÃrÃBã#“ccccrÃ3rÇF÷'&Vf7F–öå÷&öGV7BÃ#CÃRãÃ##S"ãÃS2ãcÃ3“Rãƒƒ3SC2ÇG'VRÂÆW‡W&–ÖVçFÅ÷V&Æ—6†W%÷7WÆVÖVçBÃã3‚÷3CS“‚Ó#RÓ#ScBÓ ¦¶÷¦Æ÷w6¶•ó##U÷66–VçF–f–5÷&W÷'G2ÆfööE÷v7FU÷—&öÇ—6—5óc2ÃÃC"ÃrãccccccrÃrÃBã#“ccccrÃ3rÆ&–ö6†"ÃcÃRãÃ#"ã“ÃS2ãcÃ3c2ãc3C“3SbÇG'VRÂÆW‡W&–ÖVçFÅ÷V&Æ—6†W%÷7WÆVÖVçBÃã3‚÷3CS“‚Ó#RÓ#ScBÓ ¦¶÷¦Æ÷w6¶•ó##U÷66–VçF–f–5÷&W÷'G2ÆfööE÷v7FU÷—&öÇ—6—5óc2Ã"ÃC"ÃrãccccccrÃrÃBã#“ccccrÃ3rÆ&–ö6†"ÃcÃRãÃ##ãÃS2ãcÃ3cRãCƒss“C3bÇG'VRÂÆW‡W&–ÖVçFÅ÷V&Æ—6†W%÷7WÆVÖVçBÃã3‚÷3CS“‚Ó#RÓ#ScBÓ ¦¶÷¦Æ÷w6¶•ó##U÷66–VçF–f–5÷&W÷'G2ÆfööE÷v7FU÷—&öÇ—6—5óc2Ã2ÃC"ÃrãccccccrÃrÃBã#“ccccrÃ3rÆ&–ö6†"ÃcÃRãÃƒcbã#ÃS2ãcÃ3rãƒ““ƒS#"ÆfÇ6RÆW†6ÇVFVEög&öÕ÷V&Æ—6†W%öÖVã²–æ6öç6—7FVçE÷&u÷6–væÂÆW‡W&–ÖVçFÅ÷V&Æ—6†W%÷7WÆVÖVçBÃã3‚÷3CS“‚Ó#RÓ#ScBÓ ¦¶÷¦Æ÷w6¶•ó##U÷66–VçF–f–5÷&W÷'G2ÆfööE÷v7FUö‡–G&ö6†%ó#C2ÃÃC"ÃrãccccccrÃrÃBã#“ccccrÃ3rÆ‡–G&ö6†"Ã#CÃRãÃ#ƒRãCÃS2ãcÃ3ƒãc“##sbÇG'VRÂÆW‡W&–ÖVçFÅ÷V&Æ—6†W%÷7WÆVÖVçBÃã3‚÷3CS“‚Ó#RÓ#ScBÓ ¦¶÷¦Æ÷w6¶•ó##U÷66–VçF–f–5÷&W÷'G2ÆfööE÷v7FUö‡–G&ö6†%ó#C2Ã"ÃC"ÃrãccccccrÃrÃBã#“ccccrÃ3rÆ‡–G&ö6†"Ã#CÃRãÃ#sbãƒÃS2ãcÃ3s‚ãs3cƒ‚ÇG'VRÂÆW‡W&–ÖVçFÅ÷V&Æ—6†W%÷7WÆVÖVçBÃã3‚÷3CS“‚Ó#RÓ#ScBÓ ¦¶÷¦Æ÷w6¶•ó##U÷66–VçF–f–5÷&W÷'G2ÆfööE÷v7FUö‡–G&ö6†%ó#C2Ã2ÃC"ÃrãccccccrÃrÃBã#“ccccrÃ3rÆ‡–G&ö6†"Ã#CÃRãÃ#ƒ’ãÃS2ãcÃ3ƒãƒ33s3‚ÇG'VRÂÆW‡W&–ÖVçFÅ÷V&Æ—6†W%÷7WÆVÖVçBÃã3‚÷3CS“‚Ó#RÓ#ScBÓ ¦¶÷¦Æ÷w6¶•ó##U÷66–VçF–f–5÷&W÷'G2ÆfööE÷v7FRÃÃC2Ãrã#ƒ33332ÃrÃBã3#ƒ332Ã3rÆæöæRÂÃãÃ““2ãÃS2ãsÃ33bãSC#ScƒÇG'VRÂÆW‡W&–ÖVçFÅ÷V&Æ—6†W%÷7WÆVÖVçBÃã3‚÷3CS“‚Ó#RÓ#ScBÓ ¦¶÷¦Æ÷w6¶•ó##U÷66–VçF–f–5÷&W÷'G2ÆfööE÷v7FRÃ"ÃC2Ãrã#ƒ33332ÃrÃBã3#ƒ332Ã3rÆæöæRÂÃãÃ#ƒ"ã#ÃS2ãsÃ3SbãcsSCCs‚ÇG'VRÂÆW‡W&–ÖVçFÅ÷V&Æ—6†W%÷7WÆVÖVçBÃã3‚÷3CS“‚Ó#RÓ#ScBÓ ¦¶÷¦Æ÷w6¶•ó##U÷66–VçF–f–5÷&W÷'G2ÆfööE÷v7FRÃ2ÃC2Ãrã#ƒ33332ÃrÃBã3#ƒ332Ã3rÆæöæRÂÃãÃ#“’ãCÃS2ãsÃ3cãSc“2ÇG'VRÂÆW‡W&–ÖVçFÅ÷V&Æ—6†W%÷7WÆVÖVçBÃã3‚÷3CS“‚Ó#RÓ#ScBÓ ¦¶÷¦Æ÷w6¶•ó##U÷66–VçF–f–5÷&W÷'G2ÆfööE÷v7FU÷F÷'&Vf7F–öåó#C2ÃÃC2Ãrã#ƒ33332ÃrÃBã3#ƒ332Ã3rÇF÷'&Vf7F–öå÷&öGV7BÃ#CÃRãÃ##3ãƒÃS2ãsÃ3“ãCsƒs““2ÇG'VRÂÆW‡W&–ÖVçFÅ÷V&Æ—6†W%÷7WÆVÖVçBÃã3‚÷3CS“‚Ó#RÓ#ScBÓ ¦¶÷¦Æ÷w6¶•ó##U÷66–VçF–f–5÷&W÷'G2ÆfööE÷v7FU÷F÷'&Vf7F–öåó#C2Ã"ÃC2Ãrã#ƒ33332ÃrÃBã3#ƒ332Ã3rÇF÷'&Vf7F–öå÷&öGV7BÃ#CÃRãÃC3"ã“ÃS2ãsÂÓRã““sƒSƒ32ÆfÇ6RÆW†6ÇVFVEög&öÕ÷V&Æ—6†W%öÖVã²–æ6öç6—7FVçE÷&u÷6–væÂÆW‡W&–ÖVçFÅ÷V&Æ—6†W%÷7WÆVÖVçBÃã3‚÷3CS“‚Ó#RÓ#ScBÓ ¦¶÷¦Æ÷w6¶•ó##U÷66–VçF–f–5÷&W÷'G2ÆfööE÷v7FU÷F÷'&Vf7F–öåó#C2Ã2ÃC2Ãrã#ƒ33332ÃrÃBã3#ƒ332Ã3rÇF÷'&Vf7F–öå÷&öGV7BÃ#CÃRãÃ##S"ãSÃS2ãsÃ3“RãSc3ƒ“rÇG'VRÂÆW‡W&–ÖVçFÅ÷V&Æ—6†W%÷7WÆVÖVçBÃã3‚÷3CS“‚Ó#RÓ#ScBÓ ¦¶÷¦Æ÷w6¶•ó##U÷66–VçF–f–5÷&W÷'G2ÆfööE÷v7FU÷—&öÇ—6—5óc2ÃÃC2Ãrã#ƒ33332ÃrÃBã3#ƒ332Ã3rÆ&–ö6†"ÃcÃRãÃ#2ã3ÃS2ãsÃ3c2ãs#s##cÇG'VRÂÆW‡W&–ÖVçFÅ÷V&Æ—6†W%÷7WÆVÖVçBÃã3‚÷3CS“‚Ó#RÓ#ScBÓ ¦¶÷¦Æ÷w6¶•ó##U÷66–VçF–f–5÷&W÷'G2ÆfööE÷v7FU÷—&öÇ—6—5óc2Ã"ÃC2Ãrã#ƒ33332ÃrÃBã3#ƒ332Ã3rÆ&–ö6†"ÃcÃRãÃ##ãcÃS2ãsÃ3cRãSsƒsssBÇG'VRÂÆW‡W&–ÖVçFÅ÷V&Æ—6†W%÷7WÆVÖVçBÃã3‚÷3CS“‚Ó#RÓ#ScBÓ ¦¶÷¦Æ÷w6¶•ó##U÷66–VçF–f–5÷&W÷'G2ÆfööE÷v7FU÷—&öÇ—6—5óc2Ã2ÃC2Ãrã#ƒ33332ÃrÃBã3#ƒ332Ã3rÆ&–ö6†"ÃcÃRãÃƒcbãSÃS2ãsÃ3rã“3csc“ÆfÇ6RÆW†6ÇVFVEög&öÕ÷V&Æ—6†W%öÖVã²–æ6öç6—7FVçE÷&u÷6–væÂÆW‡W&–ÖVçFÅ÷V&Æ—6†W%÷7WÆVÖVçBÃã3‚÷3CS“‚Ó#RÓ#ScBÓ ¦¶÷¦Æ÷w6¶•ó##U÷66–VçF–f–5÷&W÷'G2ÆfööE÷v7FUö‡–G&ö6†%ó#C2ÃÃC2Ãrã#ƒ33332ÃrÃBã3#ƒ332Ã3rÆ‡–G&ö6†"Ã#CÃRãÃ#ƒbãÃS2ãsÃ3ƒãS#C“sƒ2ÇG'VRÂÆW‡W&–ÖVçFÅ÷V&Æ—6†W%÷7WÆVÖVçBÃã3‚÷3CS“‚Ó#RÓ#ScBÓ ¦¶÷¦Æ÷w6¶•ó##U÷66–VçF–f–5÷&W÷'G2ÆfööE÷v7FUö‡–G&ö6†%ó#C2Ã"ÃC2Ãrã#ƒ33332ÃrÃBã3#ƒ332Ã3rÆ‡–G&ö6†"Ã#CÃRãÃ#srãSÃS2ãsÃ3s‚ã#“#SSRÇG'VRÂÆW‡W&–ÖVçFÅ÷V&Æ—6†W%÷7WÆVÖVçBÃã3‚÷3CS“‚Ó#RÓ#ScBÓ ¦¶÷¦Æ÷w6¶•ó##U÷66–VçF–f–5÷&W÷'G2ÆfööE÷v7FUö‡–G&ö6†%ó#C2Ã2ÃC2Ãrã#ƒ33332ÃrÃBã3#ƒ332Ã3rÆ‡–G&ö6†"Ã#CÃRãÃ#ƒ’ãCÃS2ãsÃ3ƒãƒ“ƒcsÇG'VRÂÆW‡W&–ÖVçFÅ÷V&Æ—6†W%÷7WÆVÖVçBÃã3‚÷3CS“‚Ó#RÓ#ScBÓ ¦¶÷¦Æ÷w6¶•ó##U÷66–VçF–f–5÷&W÷'G2ÆfööE÷v7FRÃÃCBÃrã#SÃ‚ÃBã3#SÃ3rÆæöæRÂÃãÃ““2ãCÃS2ãƒÃ33bãSƒssƒC’ÇG'VRÂÆW‡W&–ÖVçFÅ÷V&Æ—6†W%÷7WÆVÖVçBÃã3‚÷3CS“‚Ó#RÓ#ScBÓ ¦¶÷¦Æ÷w6¶•ó##U÷66–VçF–f–5÷&W÷'G2ÆfööE÷v7FRÃ"ÃCBÃrã#SÃ‚ÃBã3#SÃ3rÆæöæRÂÃãÃ#ƒ"ãSÃS2ãƒÃ3Sbãs#ccCrÇG'VRÂÆW‡W&–ÖVçFÅ÷V&Æ—6†W%÷7WÆVÖVçBÃã3‚÷3CS“‚Ó#RÓ#ScBÓ ¦¶÷¦Æ÷w6¶•ó##U÷66–VçF–f–5÷&W÷'G2ÆfööE÷v7FRÃ2ÃCBÃrã#SÃ‚ÃBã3#SÃ3rÆæöæRÂÃãÃ#“’ãsÃS2ãƒÃ3cãcs“ƒ"ÇG'VRÂÆW‡W&–ÖVçFÅ÷V&Æ—6†W%÷7WÆVÖVçBÃã3‚÷3CS“‚Ó#RÓ#ScBÓ ¦¶÷¦Æ÷w6¶•ó##U÷66–VçF–f–5÷&W÷'G2ÆfööE÷v7FU÷F÷'&Vf7F–öåó#C2ÃÃCBÃrã#SÃ‚ÃBã3#SÃ3rÇF÷'&Vf7F–öå÷&öGV7BÃ#CÃRãÃ##3"ãsÃS2ãƒÃ3“ãcS“ScSs’ÇG'VRÂÆW‡W&–ÖVçFÅ÷V&Æ—6†W%÷7WÆVÖVçBÃã3‚÷3CS“‚Ó#RÓ#ScBÓ ¦¶÷¦Æ÷w6¶•ó##U÷66–VçF–f–5÷&W÷'G2ÆfööE÷v7FU÷F÷'&Vf7F–öåó#C2Ã"ÃCBÃrã#SÃ‚ÃBã3#SÃ3rÇF÷'&Vf7F–öå÷&öGV7BÃ#CÃRãÃC32ãsÃS2ãƒÂÓRãƒ3“cƒsCÆfÇ6RÆW†6ÇVFVEög&öÕ÷V&Æ—6†W%öÖVã²–æ6öç6—7FVçE÷&u÷6–væÂÆW‡W&–ÖVçFÅ÷V&Æ—6†W%÷7WÆVÖVçBÃã3‚÷3CS“‚Ó#RÓ#ScBÓ ¦¶÷¦Æ÷w6¶•ó##U÷66–VçF–f–5÷&W÷'G2ÆfööE÷v7FU÷F÷'&Vf7F–öåó#C2Ã2ÃCBÃrã#SÃ‚ÃBã3#SÃ3rÇF÷'&Vf7F–öå÷&öGV7BÃ#CÃRãÃ##S"ã“ÃS2ãƒÃ3“Rã##3“#cSÇG'VRÂÆW‡W&–ÖVçFÅ÷V&Æ—6†W%÷7WÆVÖVçBÃã3‚÷3CS“‚Ó#RÓ#ScBÓ ¦¶÷¦Æ÷w6¶•ó##U÷66–VçF–f–5÷&W÷'G2ÆfööE÷v7FU÷—&öÇ—6—5óc2ÃÃCBÃrã#SÃ‚ÃBã3#SÃ3rÆ&–ö6†"ÃcÃRãÃ#2ãcÃS2ãƒÃ3c2ãsCs“C#’ÇG'VRÂÆW‡W&–ÖVçFÅ÷V&Æ—6†W%÷7WÆVÖVçBÃã3‚÷3CS“‚Ó#RÓ#ScBÓ ¦¶÷¦Æ÷w6¶•ó##U÷66–VçF–f–5÷&W÷'G2ÆfööE÷v7FU÷—&öÇ—6—5óc2Ã"ÃCBÃrã#SÃ‚ÃBã3#SÃ3rÆ&–ö6†"ÃcÃRãÃ##"ãÃS2ãƒÃ3cRãcCS“cS#‚ÇG'VRÂÆW‡W&–ÖVçFÅ÷V&Æ—6†W%÷7WÆVÖVçBÃã3‚÷3CS“‚Ó#RÓ#ScBÓ ¦¶÷¦Æ÷w6¶•ó##U÷66–VçF–f–5÷&W÷'G2ÆfööE÷v7FU÷—&öÇ—6—5óc2Ã2ÃCBÃrã#SÃ‚ÃBã3#SÃ3rÆ&–ö6†"ÃcÃRãÃƒcbãƒÃS2ãƒÃ3rã“ƒ3cƒcÆfÇ6RÆW†6ÇVFVEög&öÕ÷V&Æ—6†W%öÖVã²–æ6öç6—7FVçE÷&u÷6–væÂÆW‡W&–ÖVçFÅ÷V&Æ—6†W%÷7WÆVÖVçBÃã3‚÷3CS“‚Ó#RÓ#ScBÓ ¦¶÷¦Æ÷w6¶•ó##U÷66–VçF–f–5÷&W÷'G2ÆfööE÷v7FUö‡–G&ö6†%ó#C2ÃÃCBÃrã#SÃ‚ÃBã3#SÃ3rÆ‡–G&ö6†"Ã#CÃRãÃ#ƒbã“ÃS2ãƒÃ3ƒã3ccƒsBÇG'VRÂÆW‡W&–ÖVçFÅ÷V&Æ—6†W%÷7WÆVÖVçBÃã3‚÷3CS“‚Ó#RÓ#ScBÓ ¦¶÷¦Æ÷w6¶•ó##U÷66–VçF–f–5÷&W÷'G2ÆfööE÷v7FUö‡–G&ö6†%ó#C2Ã"ÃCBÃrã#SÃ‚ÃBã3#SÃ3rÆ‡–G&ö6†"Ã#CÃRãÃ#s‚ã3ÃS2ãƒÃ3s‚ã3csC#cbÇG'VRÂÆW‡W&–ÖVçFÅ÷V&Æ—6†W%÷7WÆVÖVçBÃã3‚÷3CS“‚Ó#RÓ#ScBÓ ¦¶÷¦Æ÷w6¶•ó##U÷66–VçF–f–5÷&W÷'G2ÆfööE÷v7FUö‡–G&ö6†%ó#C2Ã2ÃCBÃrã#SÃ‚ÃBã3#SÃ3rÆ‡–G&ö6†"Ã#CÃRãÃ#ƒ’ãsÃS2ãƒÃ3ƒã“C33S#CÇG'VRÂÆW‡W&–ÖVçFÅ÷V&Æ—6†W%÷7WÆVÖVçBÃã3‚÷3CS“‚Ó#RÓ#ScBÓ ¦¶÷¦Æ÷w6¶•ó##U÷66–VçF–f–5÷&W÷'G2ÆfööE÷v7FRÃÃCRÃrã#“ccccrÃ‚ÃBã3##“ccrÃ3rÆæöæRÂÃãÃ““2ãsÃS2ã“Ã33bãc3#“‚ÇG'VRÂÆW‡W&–ÖVçFÅ÷V&Æ—6†W%÷7WÆVÖVçBÃã3‚÷3CS“‚Ó#RÓ#ScBÓ ¦¶÷¦Æ÷w6¶•ó##U÷66–VçF–f–5÷&W÷'G2ÆfööE÷v7FRÃ"ÃCRÃrã#“ccccrÃ‚ÃBã3##“ccrÃ3rÆæöæRÂÃãÃ#ƒ"ãƒÃS2ã“Ã3SbãscSs“ƒbÇG'VRÂÆW‡W&–ÖVçFÅ÷V&Æ—6†W%÷7WÆVÖVçBÃã3‚÷3CS“‚Ó#RÓ#ScBÓ ¦¶÷¦Æ÷w6¶•ó##U÷66–VçF–f–5÷&W÷'G2ÆfööE÷v7FRÃ2ÃCRÃrã#“ccccrÃ‚ÃBã3##“ccrÃ3rÆæöæRÂÃãÃ#ãÃS2ã“Ã3cãcS##ƒ3SÇG'VRÂÆW‡W&–ÖVçFÅ÷V&Æ—6†W%÷7WÆVÖVçBÃã3‚÷3CS“‚Ó#RÓ#ScBÓ ¦¶÷¦Æ÷w6¶•ó##U÷66–VçF–f–5÷&W÷'G2ÆfööE÷v7FU÷F÷'&Vf7F–öåó#C2ÃÃCRÃrã#“ccccrÃ‚ÃBã3##“ccrÃ3rÇF÷'&Vf7F–öå÷&öGV7BÃ#CÃRãÃ##32ãSÃS2ã“Ã3“ãƒss3csÇG'VRÂÆW‡W&–ÖVçFÅ÷V&Æ—6†W%÷7WÆVÖVçBÃã3‚÷3CS“‚Ó#RÓ#ScBÓ ¦¶÷¦Æ÷w6¶•ó##U÷66–VçF–f–5÷&W÷'G2ÆfööE÷v7FU÷F÷'&Vf7F–öåó#C2Ã"ÃCRÃrã#“ccccrÃ‚ÃBã3##“ccrÃ3rÇF÷'&Vf7F–öå÷&öGV7BÃ#CÃRãÃC3BãSÃS2ã“ÂÓRãcƒScC’ÆfÇ6RÆW†6ÇVFVEög&öÕ÷V&Æ—6†W%öÖVã²–æ6öç6—7FVçE÷&u÷6–væÂÆW‡W&–ÖVçFÅ÷V&Æ—6†W%÷7WÆVÖVçBÃã3‚÷3CS“‚Ó#RÓ#ScBÓ ¦¶÷¦Æ÷w6¶•ó##U÷66–VçF–f–5÷&W÷'G2ÆfööE÷v7FU÷F÷'&Vf7F–öåó#C2Ã2ÃCRÃrã#“ccccrÃ‚ÃBã3##“ccrÃ3rÇF÷'&Vf7F–öå÷&öGV7BÃ#CÃRãÃ##S2ã3ÃS2ã“Ã3“Rã#“sCBÇG'VRÂÆW‡W&–ÖVçFÅ÷V&Æ—6†W%÷7WÆVÖVçBÃã3‚÷3CS“‚Ó#RÓ#ScBÓ ¦¶÷¦Æ÷w6¶•ó##U÷66–VçF–f–5÷&W÷'G2ÆfööE÷v7FU÷—&öÇ—6—5óc2ÃÃCRÃrã#“ccccrÃ‚ÃBã3##“ccrÃ3rÆ&–ö6†"ÃcÃRãÃ#BãÃS2ã“Ã3c2ãƒSsƒ"ÇG'VRÂÆW‡W&–ÖVçFÅ÷V&Æ—6†W%÷7WÆVÖVçBÃã3‚÷3CS“‚Ó#RÓ#ScBÓ ¦¶÷¦Æ÷w6¶•ó##U÷66–VçF–f–5÷&W÷'G2ÆfööE÷v7FU÷—&öÇ—6—5óc2Ã"ÃCRÃrã#“ccccrÃ‚ÃBã3##“ccrÃ3rÆ&–ö6†"ÃcÃRãÃ##"ãCÃS2ã“Ã3cRãs3sS#ƒÇG'VRÂÆW‡W&–ÖVçFÅ÷V&Æ—6†W%÷7WÆVÖVçBÃã3‚÷3CS“‚Ó#RÓ#ScBÓ ¦¶÷¦Æ÷w6¶•ó##U÷66–VçF–f–5÷&W÷'G2ÆfööE÷v7FU÷—&öÇ—6—5óc2Ã2ÃCRÃrã#“ccccrÃ‚ÃBã3##“ccrÃ3rÆ&–ö6†"ÃcÃRãÃƒcrãÃS2ã“Ã3‚ã3“cCCRÆfÇ6RÆW†6ÇVFVEög&öÕ÷V&Æ—6†W%öÖVã²–æ6öç6—7FVçE÷&u÷6–væÂÆW‡W&–ÖVçFÅ÷V&Æ—6†W%÷7WÆVÖVçBÃã3‚÷3CS“‚Ó#RÓ#ScBÓ ¦¶÷¦Æ÷w6¶•ó##U÷66–VçF–f–5÷&W÷'G2ÆfööE÷v7FUö‡–G&ö6†%ó#C2ÃÃCRÃrã#“ccccrÃ‚ÃBã3##“ccrÃ3rÆ‡–G&ö6†"Ã#CÃRãÃ#ƒrãcÃS2ã“Ã3ƒãCCc#C3ƒÇG'VRÂÆW‡W&–ÖVçFÅ÷V&Æ—6†W%÷7WÆVÖVçBÃã3‚÷3CS“‚Ó#RÓ#ScBÓ ¦¶÷¦Æ÷w6¶•ó##U÷66–VçF–f–5÷&W÷'G2ÆfööE÷v7FUö‡–G&ö6†%ó#C2Ã"ÃCRÃrã#“ccccrÃ‚ÃBã3##“ccrÃ3rÆ‡–G&ö6†"Ã#CÃRãÃ#s’ãÃS2ã“Ã3s‚ãS32ÇG'VRÂÆW‡W&–ÖVçFÅ÷V&Æ—6†W%÷7WÆVÖVçBÃã3‚÷3CS“‚Ó#RÓ#ScBÓ ¦¶÷¦Æ÷w6¶•ó##U÷66–VçF–f–5÷&W÷'G2ÆfööE÷v7FUö‡–G&ö6†%ó#C2Ã2ÃCRÃrã#“ccccrÃ‚ÃBã3##“ccrÃ3rÆ‡–G&ö6†"Ã#CÃRãÃ#“ãÃS2ã“Ã3ƒã“ƒƒSCC’ÇG'VRÂÆW‡W&–ÖVçFÅ÷V&Æ—6†W%÷7WÆVÖVçBÃã3‚÷3CS“‚Ó#RÓ#ScBÓ ¦¶÷¦Æ÷w6¶•ó##U÷66–VçF–f–5÷&W÷'G2ÆfööE÷v7FRÃÃCbÃrã33333332Ã‚ÃBã33333332Ã3rÆæöæRÂÃãÃ““BãÃSBãÃ33bãcsƒ“ƒrÇG'VRÂÆW‡W&–ÖVçFÅ÷V&Æ—6†W%÷7WÆVÖVçBÃã3‚÷3CS“‚Ó#RÓ#ScBÓ ¦¶÷¦Æ÷w6¶•ó##U÷66–VçF–f–5÷&W÷'G2ÆfööE÷v7FRÃ"ÃCbÃrã33333332Ã‚ÃBã33333332Ã3rÆæöæRÂÃãÃ#ƒ2ãÃSBãÃ3Sbãƒ“ƒ“ƒRÇG'VRÂÆW‡W&–ÖVçFÅ÷V&Æ—6†W%÷7WÆVÖVçBÃã3‚÷3CS“‚Ó#RÓ#ScBÓ ¦¶÷¦Æ÷w6¶•ó##U÷66–VçF–f–5÷&W÷'G2ÆfööE÷v7FRÃ2ÃCbÃrã33333332Ã‚ÃBã33333332Ã3rÆæöæRÂÃãÃ#ãCÃSBãÃ3cãs#sRÇG'VRÂÆW‡W&–ÖVçFÅ÷V&Æ—6†W%÷7WÆVÖVçBÃã3‚÷3CS“‚Ó#RÓ#ScBÓ ¦¶÷¦Æ÷w6¶•ó##U÷66–VçF–f–5÷&W÷'G2ÆfööE÷v7FU÷F÷'&Vf7F–öåó#C2ÃÃCbÃrã33333332Ã‚ÃBã33333332Ã3rÇF÷'&Vf7F–öå÷&öGV7BÃ#CÃRãÃ##3Bã3ÃSBãÃ3“ã“sS“sc2ÇG'VRÂÆW‡W&–ÖVçFÅ÷V&Æ—6†W%÷7WÆVÖVçBÃã3‚÷3CS“‚Ó#RÓ#ScBÓ ¦¶÷¦Æ÷w6¶•ó##U÷66–VçF–f–5÷&W÷'G2ÆfööE÷v7FU÷F÷'&Vf7F–öåó#C2Ã"ÃCbÃrã33333332Ã‚ÃBã33333332Ã3rÇF÷'&Vf7F–öå÷&öGV7BÃ#CÃRãÃC3Rã3ÃSBãÂÓRãS#33CSS‚ÆfÇ6RÆW†6ÇVFVEög&öÕ÷V&Æ—6†W%öÖVã²–æ6öç6—7FVçE÷&u÷6–væÂÆW‡W&–ÖVçFÅ÷V&Æ—6†W%÷7WÆVÖVçBÃã3‚÷3CS“‚Ó#RÓ#ScBÓ ¦¶÷¦Æ÷w6¶•ó##U÷66–VçF–f–5÷&W÷'G2ÆfööE÷v7FU÷F÷'&Vf7F–öåó#C2Ã2ÃCbÃrã33333332Ã‚ÃBã33333332Ã3rÇF÷'&Vf7F–öå÷&öGV7BÃ#CÃRãÃ##S2ãsÃSBãÃ3“Rã3S“SSrÇG'VRÂÆW‡W&–ÖVçFÅ÷V&Æ—6†W%÷7WÆVÖVçBÃã3‚÷3CS“‚Ó#RÓ#ScBÓ ¦¶÷¦Æ÷w6¶•ó##U÷66–VçF–f–5÷&W÷'G2ÆfööE÷v7FU÷—&öÇ—6—5óc2ÃÃCbÃrã33333332Ã‚ÃBã33333332Ã3rÆ&–ö6†"ÃcÃRãÃ#BãCÃSBãÃ3c2ãƒƒ3Cƒ“3bÇG'VRÂÆW‡W&–ÖVçFÅ÷V&Æ—6†W%÷7WÆVÖVçBÃã3‚÷3CS“‚Ó#RÓ#ScBÓ ¦¶÷¦Æ÷w6¶•ó##U÷66–VçF–f–5÷&W÷'G2ÆfööE÷v7FU÷—&öÇ—6—5óc2Ã"ÃCbÃrã33333332Ã‚ÃBã33333332Ã3rÆ&–ö6†"ÃcÃRãÃ##"ã“ÃSBãÃ3cRãƒC3c’ÇG'VRÂÆW‡W&–ÖVçFÅ÷V&Æ—6†W%÷7WÆVÖVçBÃã3‚÷3CS“‚Ó#RÓ#ScBÓ ¦¶÷¦Æ÷w6¶•ó##U÷66–VçF–f–5÷&W÷'G2ÆfööE÷v7FU÷—&öÇ—6—5óc2Ã2ÃCbÃrã33333332Ã‚ÃBã33333332Ã3rÆ&–ö6†"ÃcÃRãÃƒcrã3ÃSBãÃ3‚ãC“ScBÆfÇ6RÆW†6ÇVFVEög&öÕ÷V&Æ—6†W%öÖVã²–æ6öç6—7FVçE÷&u÷6–væÂÆW‡W&–ÖVçFÅ÷V&Æ—6†W%÷7WÆVÖVçBÃã3‚÷3CS“‚Ó#RÓ#ScBÓ ¦¶÷¦Æ÷w6¶•ó##U÷66–VçF–f–5÷&W÷'G2ÆfööE÷v7FUö‡–G&ö6†%ó#C2ÃÃCbÃrã33333332Ã‚ÃBã33333332Ã3rÆ‡–G&ö6†"Ã#CÃRãÃ#ƒ‚ã3ÃSBãÃ3ƒãSƒƒƒƒ‚ÇG'VRÂÆW‡W&–ÖVçFÅ÷V&Æ—6†W%÷7WÆVÖVçBÃã3‚÷3CS“‚Ó#RÓ#ScBÓ ¦¶÷¦Æ÷w6¶•ó##U÷66–VçF–f–5÷&W÷'G2ÆfööE÷v7FUö‡–G&ö6†%ó#C2Ã"ÃCbÃrã33333332Ã‚ÃBã33333332Ã3rÆ‡–G&ö6†"Ã#CÃRãÃ#s’ãsÃSBãÃ3s‚ãc3ƒSsc#ÇG'VRÂÆW‡W&–ÖVçFÅ÷V&Æ—6†W%÷7WÆVÖVçBÃã3‚÷3CS“‚Ó#RÓ#ScBÓ ¦¶÷¦Æ÷w6¶•ó##U÷66–VçF–f–5÷&W÷'G2ÆfööE÷v7FUö‡–G&ö6†%ó#C2Ã2ÃCbÃrã33333332Ã‚ÃBã33333332Ã3rÆ‡–G&ö6†"Ã#CÃRãÃ#“ãCÃSBãÃ3ƒãSc33c2ÇG'VRÂÆW‡W&–ÖVçFÅ÷V&Æ—6†W%÷7WÆVÖVçBÃã3‚÷3CS“‚Ó#RÓ#ScBÓ ¦¶÷¦Æ÷w6¶•ó##U÷66–VçF–f–5÷&W÷'G2ÆfööE÷v7FRÃÃCrÃrã3sSÃ‚ÃBã3C3sSÃ3rÆæöæRÂÃãÃ““Bã3ÃSBãÃ33bãs#3#ƒ3SbÇG'VRÂÆW‡W&–ÖVçFÅ÷V&Æ—6†W%÷7WÆVÖVçBÃã3‚÷3CS“‚Ó#RÓ#ScBÓ ¦¶÷¦Æ÷w6¶•ó##U÷66–VçF–f–5÷&W÷'G2ÆfööE÷v7FRÃ"ÃCrÃrã3sSÃ‚ÃBã3C3sSÃ3rÆæöæRÂÃãÃ#ƒ2ãCÃSBãÃ3SbãƒScƒSBÇG'VRÂÆW‡W&–ÖVçFÅ÷V&Æ—6†W%÷7WÆVÖVçBÃã3‚÷3CS“‚Ó#RÓ#ScBÓ ¦¶÷¦Æ÷w6¶•ó##U÷66–VçF–f–5÷&W÷'G2ÆfööE÷v7FRÃ2ÃCrÃrã3sSÃ‚ÃBã3C3sSÃ3rÆæöæRÂÃãÃ#ãsÃSBãÃ3cãscS#c#sBÇG'VRÂÆW‡W&–ÖVçFÅ÷V&Æ—6†W%÷7WÆVÖVçBÃã3‚÷3CS“‚Ó#RÓ#ScBÓ ¦¶÷¦Æ÷w6¶•ó##U÷66–VçF–f–5÷&W÷'G2ÆfööE÷v7FU÷F÷'&Vf7F–öåó#C2ÃÃCrÃrã3sSÃ‚ÃBã3C3sSÃ3rÇF÷'&Vf7F–öå÷&öGV7BÃ#CÃRãÃ##3Rã#ÃSBãÃ3“ãSccsC3’ÇG'VRÂÆW‡W&–ÖVçFÅ÷V&Æ—6†W%÷7WÆVÖVçBÃã3‚÷3CS“‚Ó#RÓ#ScBÓ ¦¶÷¦Æ÷w6¶•ó##U÷66–VçF–f–5÷&W÷'G2ÆfööE÷v7FU÷F÷'&Vf7F–öåó#C2Ã"ÃCrÃrã3sSÃ‚ÃBã3C3sSÃ3rÇF÷'&Vf7F–öå÷&öGV7BÃ#CÃRãÃC3bãÃSBãÂÓRã3cSsCcbÆfÇ6RÆW†6ÇVFVEög&öÕ÷V&Æ—6†W%öÖVã²–æ6öç6—7FVçE÷&u÷6–væÂÆW‡W&–ÖVçFÅ÷V&Æ—6†W%÷7WÆVÖVçBÃã3‚÷3CS“‚Ó#RÓ#ScBÓ ¦¶÷¦Æ÷w6¶•ó##U÷66–VçF–f–5÷&W÷'G2ÆfööE÷v7FU÷F÷'&Vf7F–öåó#C2Ã2ÃCrÃrã3sSÃ‚ÃBã3C3sSÃ3rÇF÷'&Vf7F–öå÷&öGV7BÃ#CÃRãÃ##SBãÃSBãÃ3“RãC#s#ƒ“ÇG'VRÂÆW‡W&–ÖVçFÅ÷V&Æ—6†W%÷7WÆVÖVçBÃã3‚÷3CS“‚Ó#RÓ#ScBÓ ¦¶÷¦Æ÷w6¶•ó##U÷66–VçF–f–5÷&W÷'G2ÆfööE÷v7FU÷—&öÇ—6—5óc2ÃÃCrÃrã3sSÃ‚ÃBã3C3sSÃ3rÆ&–ö6†"ÃcÃRãÃ#BãsÃSBãÃ3c2ã“#ƒcƒRÇG'VRÂÆW‡W&–ÖVçFÅ÷V&Æ—6†W%÷7WÆVÖVçBÃã3‚÷3CS“‚Ó#RÓ#ScBÓ ¦¶÷¦Æ÷w6¶•ó##U÷66–VçF–f–5÷&W÷'G2ÆfööE÷v7FU÷—&öÇ—6—5óc2Ã"ÃCrÃrã3sSÃ‚ÃBã3C3sSÃ3rÆ&–ö6†"ÃcÃRãÃ##2ã3ÃSBãÃ3cRãƒs“#3s2ÇG'VRÂÆW‡W&–ÖVçFÅ÷V&Æ—6†W%÷7WÆVÖVçBÃã3‚÷3CS“‚Ó#RÓ#ScBÓ ¦¶÷¦Æ÷w6¶•ó##U÷66–VçF–f–5÷&W÷'G2ÆfööE÷v7FU÷—&öÇ—6—5óc2Ã2ÃCrÃrã3sSÃ‚ÃBã3C3sSÃ3rÆ&–ö6†"ÃcÃRãÃƒcrãcÃSBãÃ3‚ã“C3Csƒ2ÆfÇ6RÆW†6ÇVFVEög&öÕ÷V&Æ—6†W%öÖVã²–æ6öç6—7FVçE÷&u÷6–væÂÆW‡W&–ÖVçFÅ÷V&Æ—6†W%÷7WÆVÖVçBÃã3‚÷3CS“‚Ó#RÓ#ScBÓ ¦¶÷¦Æ÷w6¶•ó##U÷66–VçF–f–5÷&W÷'G2ÆfööE÷v7FUö‡–G&ö6†%ó#C2ÃÃCrÃrã3sSÃ‚ÃBã3C3sSÃ3rÆ‡–G&ö6†"Ã#CÃRãÃ#ƒ’ãÃSBãÃ3ƒãs3““ƒ“ƒÇG'VRÂÆW‡W&–ÖVçFÅ÷V&Æ—6†W%÷7WÆVÖVçBÃã3‚÷3CS“‚Ó#RÓ#ScBÓ ¦¶÷¦Æ÷w6¶•ó##U÷66–VçF–f–5÷&W÷'G2ÆfööE÷v7FUö‡–G&ö6†%ó#C2Ã"ÃCrÃrã3sSÃ‚ÃBã3C3sSÃ3rÆ‡–G&ö6†"Ã#CÃRãÃ#ƒãSÃSBãÃ3s‚ãs“csCs"ÇG'VRÂÆW‡W&–ÖVçFÅ÷V&Æ—6†W%÷7WÆVÖVçBÃã3‚÷3CS“‚Ó#RÓ#ScBÓ ¦¶÷¦Æ÷w6¶•ó##U÷66–VçF–f–5÷&W÷'G2ÆfööE÷v7FUö‡–G&ö6†%ó#C2Ã2ÃCrÃrã3sSÃ‚ÃBã3C3sSÃ3rÆ‡–G&ö6†"Ã#CÃRãÃ#“ãsÃSBãÃ3ƒãS#33"ÇG'VRÂÆW‡W&–ÖVçFÅ÷V&Æ—6†W%÷7WÆVÖVçBÃã3‚÷3CS“‚Ó#RÓ#ScBÓ ¦¶÷¦Æ÷w6¶•ó##U÷66–VçF–f–5÷&W÷'G2ÆfööE÷v7FRÃÃC‚ÃrãCcccccrÃ‚ÃBã3SCcccrÃ3rÆæöæRÂÃãÃ““BãcÃSBã#Ã33bãscƒCsS#RÇG'VRÂÆW‡W&–ÖVçFÅ÷V&Æ—6†W%÷7WÆVÖVçBÃã3‚÷3CS“‚Ó#RÓ#ScBÓ ¦¶÷¦Æ÷w6¶•ó##U÷66–VçF–f–5÷&W÷'G2ÆfööE÷v7FRÃ"ÃC‚ÃrãCcccccrÃ‚ÃBã3SCcccrÃ3rÆæöæRÂÃãÃ#ƒ2ãsÃSBã#Ã3Sbã“3s3#2ÇG'VRÂÆW‡W&–ÖVçFÅ÷V&Æ—6†W%÷7WÆVÖVçBÃã3‚÷3CS“‚Ó#RÓ#ScBÓ ¦¶÷¦Æ÷w6¶•ó##U÷66–VçF–f–5÷&W÷'G2ÆfööE÷v7FRÃ2ÃC‚ÃrãCcccccrÃ‚ÃBã3SCcccrÃ3rÆæöæRÂÃãÃ#ãÃSBã#Ã3cãƒCSCC2ÇG'VRÂÆW‡W&–ÖVçFÅ÷V&Æ—6†W%÷7WÆVÖVçBÃã3‚÷3CS“‚Ó#RÓ#ScBÓ ¦¶÷¦Æ÷w6¶•ó##U÷66–VçF–f–5÷&W÷'G2ÆfööE÷v7FU÷F÷'&Vf7F–öåó#C2ÃÃC‚ÃrãCcccccrÃ‚ÃBã3SCcccrÃ3rÇF÷'&Vf7F–öå÷&öGV7BÃ#CÃRãÃ##3bãÃSBã#Ã3“ã3CƒCS3ÇG'VRÂÆW‡W&–ÖVçFÅ÷V&Æ—6†W%÷7WÆVÖVçBÃã3‚÷3CS“‚Ó#RÓ#ScBÓ ¦¶÷¦Æ÷w6¶•ó##U÷66–VçF–f–5÷&W÷'G2ÆfööE÷v7FU÷F÷'&Vf7F–öåó#C2Ã"ÃC‚ÃrãCcccccrÃ‚ÃBã3SCcccrÃ3rÇF÷'&Vf7F–öå÷&öGV7BÃ#CÃRãÃC3bã“ÃSBã#ÂÓRã#s3sRÆfÇ6RÆW†6ÇVFVEög&öÕ÷V&Æ—6†W%öÖVã²–æ6öç6—7FVçE÷&u÷6–væÂÆW‡W&–ÖVçFÅ÷V&Æ—6†W%÷7WÆVÖVçBÃã3‚÷3CS“‚Ó#RÓ#ScBÓ ¦¶÷¦Æ÷w6¶•ó##U÷66–VçF–f–5÷&W÷'G2ÆfööE÷v7FU÷F÷'&Vf7F–öåó#C2Ã2ÃC‚ÃrãCcccccrÃ‚ÃBã3SCcccrÃ3rÇF÷'&Vf7F–öå÷&öGV7BÃ#CÃRãÃ##SBãSÃSBã#Ã3“RãC“SsccBÇG'VRÂÆW‡W&–ÖVçFÅ÷V&Æ—6†W%÷7WÆVÖVçBÃã3‚÷3CS“‚Ó#RÓ#ScBÓ ¦¶÷¦Æ÷w6¶•ó##U÷66–VçF–f–5÷&W÷'G2ÆfööE÷v7FU÷—&öÇ—6—5óc2ÃÃC‚ÃrãCcccccrÃ‚ÃBã3SCcccrÃ3rÆ&–ö6†"ÃcÃRãÃ#RãÃSBã#Ã3c2ã““cCcƒS’ÇG'VRÂÆW‡W&–ÖVçFÅ÷V&Æ—6†W%÷7WÆVÖVçBÃã3‚÷3CS“‚Ó#RÓ#ScBÓ ¦¶÷¦Æ÷w6¶•ó##U÷66–VçF–f–5÷&W÷'G2ÆfööE÷v7FU÷—&öÇ—6—5óc2Ã"ÃC‚ÃrãCcccccrÃ‚ÃBã3SCcccrÃ3rÆ&–ö6†"ÃcÃRãÃ##2ãsÃSBã#Ã3cRã“3“s#bÇG'VRÂÆW‡W&–ÖVçFÅ÷V&Æ—6†W%÷7WÆVÖVçBÃã3‚÷3CS“‚Ó#RÓ#ScBÓ ¦¶÷¦Æ÷w6¶•ó##U÷66–VçF–f–5÷&W÷'G2ÆfööE÷v7FU÷—&öÇ—6—5óc2Ã2ÃC‚ÃrãCcccccrÃ‚ÃBã3SCcccrÃ3rÆ&–ö6†"ÃcÃRãÃƒcrãƒÃSBã#Ã3‚ãc“C3crÆfÇ6RÆW†6ÇVFVEög&öÕ÷V&Æ—6†W%öÖVã²–æ6öç6—7FVçE÷&u÷6–væÂÆW‡W&–ÖVçFÅ÷V&Æ—6†W%÷7WÆVÖVçBÃã3‚÷3CS“‚Ó#RÓ#ScBÓ ¦¶÷¦Æ÷w6¶•ó##U÷66–VçF–f–5÷&W÷'G2ÆfööE÷v7FUö‡–G&ö6†%ó#C2ÃÃC‚ÃrãCcccccrÃ‚ÃBã3SCcccrÃ3rÆ‡–G&ö6†"Ã#CÃRãÃ#ƒ’ãƒÃSBã#Ã3ƒãƒsSScCƒrÇG'VRÂÆW‡W&–ÖVçFÅ÷V&Æ—6†W%÷7WÆVÖVçBÃã3‚÷3CS“‚Ó#RÓ#ScBÓ ¦¶÷¦Æ÷w6¶•ó##U÷66–VçF–f–5÷&W÷'G2ÆfööE÷v7FUö‡–G&ö6†%ó#C2Ã"ÃC‚ÃrãCcccccrÃ‚ÃBã3SCcccrÃ3rÆ‡–G&ö6†"Ã#CÃRãÃ#ƒã#ÃSBã#Ã3s‚ã“3#3##’ÇG'VRÂÆW‡W&–ÖVçFÅ÷V&Æ—6†W%÷7WÆVÖVçBÃã3‚÷3CS“‚Ó#RÓ#ScBÓ ¦¶÷¦Æ÷w6¶•ó##U÷66–VçF–f–5÷&W÷'G2ÆfööE÷v7FUö‡–G&ö6†%ó#C2Ã2ÃC‚ÃrãCcccccrÃ‚ÃBã3SCcccrÃ3rÆ‡–G&ö6†"Ã#CÃRãÃ#“ãÃSBã#Ã3ƒãCcsSÇG'VRÂÆW‡W&–ÖVçFÅ÷V&Æ—6†W%÷7WÆVÖVçBÃã3‚÷3CS“‚Ó#RÓ#ScBÓ ¦¶÷¦Æ÷w6¶•ó##U÷66–VçF–f–5÷&W÷'G2ÆfööE÷v7FRÃÃC’ÃrãCSƒ33332Ã‚ÃBã3cCSƒ332Ã3rÆæöæRÂÃãÃ““Bã“ÃSBã3Ã33bãƒ3ccc“BÇG'VRÂÆW‡W&–ÖVçFÅ÷V&Æ—6†W%÷7WÆVÖVçBÃã3‚÷3CS“‚Ó#RÓ#ScBÓ ¦¶÷¦Æ÷w6¶•ó##U÷66–VçF–f–5÷&W÷'G2ÆfööE÷v7FRÃ"ÃC’ÃrãCSƒ33332Ã‚ÃBã3cCSƒ332Ã3rÆæöæRÂÃãÃ#ƒBãÃSBã3Ã3Sbã“CcScC“"ÇG'VRÂÆW‡W&–ÖVçFÅ÷V&Æ—6†W%÷7WÆVÖVçBÃã3‚÷3CS“‚Ó#RÓ#ScBÓ ¦¶÷¦Æ÷w6¶•ó##U÷66–VçF–f–5÷&W÷'G2ÆfööE÷v7FRÃ2ÃC’ÃrãCSƒ33332Ã‚ÃBã3cCSƒ332Ã3rÆæöæRÂÃãÃ#ãCÃSBã3Ã3cãƒsƒ#C“bÇG'VRÂÆW‡W&–ÖVçFÅ÷V&Æ—6†W%÷7WÆVÖVçBÃã3‚÷3CS“‚Ó#RÓ#ScBÓ ¦¶÷¦Æ÷w6¶•ó##U÷66–VçF–f–5÷&W÷'G2ÆfööE÷v7FU÷F÷'&Vf7F–öåó#C2ÃÃC’ÃrãCSƒ33332Ã‚ÃBã3cCSƒ332Ã3rÇF÷'&Vf7F–öå÷&öGV7BÃ#CÃRãÃ##3bãƒÃSBã3Ã3“ãCs3c#"ÇG'VRÂÆW‡W&–ÖVçFÅ÷V&Æ—6†W%÷7WÆVÖVçBÃã3‚÷3CS“‚Ó#RÓ#ScBÓ ¦¶÷¦Æ÷w6¶•ó##U÷66–VçF–f–5÷&W÷'G2ÆfööE÷v7FU÷F÷'&Vf7F–öåó#C2Ã"ÃC’ÃrãCSƒ33332Ã‚ÃBã3cCSƒ332Ã3rÇF÷'&Vf7F–öå÷&öGV7BÃ#CÃRãÃC3rãsÃSBã3ÂÓRãCƒƒ3#ƒ2ÆfÇ6RÆW†6ÇVFVEög&öÕ÷V&Æ—6†W%öÖVã²–æ6öç6—7FVçE÷&u÷6–væÂÆW‡W&–ÖVçFÅ÷V&Æ—6†W%÷7WÆVÖVçBÃã3‚÷3CS“‚Ó#RÓ#ScBÓ ¦¶÷¦Æ÷w6¶•ó##U÷66–VçF–f–5÷&W÷'G2ÆfööE÷v7FU÷F÷'&Vf7F–öåó#C2Ã2ÃC’ÃrãCSƒ33332Ã‚ÃBã3cCSƒ332Ã3rÇF÷'&Vf7F–öå÷&öGV7BÃ#CÃRãÃ##SBã“ÃSBã3Ã3“RãSc#ƒcC‚ÇG'VRÂÆW‡W&–ÖVçFÅ÷V&Æ—6†W%÷7WÆVÖVçBÃã3‚÷3CS“‚Ó#RÓ#ScBÓ ¦¶÷¦Æ÷w6¶•ó##U÷66–VçF–f–5÷&W÷'G2ÆfööE÷v7FU÷—&öÇ—6—5óc2ÃÃC’ÃrãCSƒ33332Ã‚ÃBã3cCSƒ332Ã3rÆ&–ö6†"ÃcÃRãÃ#RãSÃSBã3Ã3cBãcC#Sc"ÇG'VRÂÆW‡W&–ÖVçFÅ÷V&Æ—6†W%÷7WÆVÖVçBÃã3‚÷3CS“‚Ó#RÓ#ScBÓ ¦¶÷¦Æ÷w6¶•ó##U÷66–VçF–f–5÷&W÷'G2ÆfööE÷v7FU÷—&öÇ—6—5óc2Ã"ÃC’ÃrãCSƒ33332Ã‚ÃBã3cCSƒ332Ã3rÆ&–ö6†"ÃcÃRãÃ##Bã#ÃSBã3Ã3cbã3“CcBÇG'VRÂÆW‡W&–ÖVçFÅ÷V&Æ—6†W%÷7WÆVÖVçBÃã3‚÷3CS“‚Ó#RÓ#ScBÓ ¦¶÷¦Æ÷w6¶•ó##U÷66–VçF–f–5÷&W÷'G2ÆfööE÷v7FU÷—&öÇ—6—5óc2Ã2ÃC’ÃrãCSƒ33332Ã‚ÃBã3cCSƒ332Ã3rÆ&–ö6†"ÃcÃRãÃƒc‚ãÃSBã3Ã3‚ãc#3S3bÆfÇ6RÆW†6ÇVFVEög&öÕ÷V&Æ—6†W%öÖVã²–æ6öç6—7FVçE÷&u÷6–væÂÆW‡W&–ÖVçFÅ÷V&Æ—6†W%÷7WÆVÖVçBÃã3‚÷3CS“‚Ó#RÓ#ScBÓ ¦¶÷¦Æ÷w6¶•ó##U÷66–VçF–f–5÷&W÷'G2ÆfööE÷v7FUö‡–G&ö6†%ó#C2ÃÃC’ÃrãCSƒ33332Ã‚ÃBã3cCSƒ332Ã3rÆ‡–G&ö6†"Ã#CÃRãÃ#“ãSÃSBã3Ã3ƒã3““BÇG'VRÂÆW‡W&–ÖVçFÅ÷V&Æ—6†W%÷7WÆVÖVçBÃã3‚÷3CS“‚Ó#RÓ#ScBÓ ¦¶÷¦Æ÷w6¶•ó##U÷66–VçF–f–5÷&W÷'G2ÆfööE÷v7FUö‡–G&ö6†%ó#C2Ã"ÃC’ÃrãCSƒ33332Ã‚ÃBã3cCSƒ332Ã3rÆ‡–G&ö6†"Ã#CÃRãÃ#ƒã“ÃSBã3Ã3s’ãcsƒ“s#bÇG'VRÂÆW‡W&–ÖVçFÅ÷V&Æ—6†W%÷7WÆVÖVçBÃã3‚÷3CS“‚Ó#RÓ#ScBÓ ¦¶÷¦Æ÷w6¶•ó##U÷66–VçF–f–5÷&W÷'G2ÆfööE÷v7FUö‡–G&ö6†%ó#C2Ã2ÃC’ÃrãCSƒ33332Ã‚ÃBã3cCSƒ332Ã3rÆ‡–G&ö6†"Ã#CÃRãÃ#“ãCÃSBã3Ã3ƒã#CS#SRÇG'VRÂÆW‡W&–ÖVçFÅ÷V&Æ—6†W%÷7WÆVÖVçBÃã3‚÷3CS“‚Ó#RÓ#ScBÓ ¦¶÷¦Æ÷w6¶•ó##U÷66–VçF–f–5÷&W÷'G2ÆfööE÷v7FRÃÃC#ÃrãSÃ‚ÃBã3sSÃ3rÆæöæRÂÃãÃ““Rã#ÃSBãCÃ33bãƒSƒƒSƒc2ÇG'VRÂÆW‡W&–ÖVçFÅ÷V&Æ—6†W%÷7WÆVÖVçBÃã3‚÷3CS“‚Ó#RÓ#ScBÓ ¦¶÷¦Æ÷w6¶•ó##U÷66–VçF–f–5÷&W÷'G2ÆfööE÷v7FRÃ"ÃC#ÃrãSÃ‚ÃBã3sSÃ3rÆæöæRÂÃãÃ#ƒBã3ÃSBãCÃ3Sbã““sSccÇG'VRÂÆW‡W&–ÖVçFÅ÷V&Æ—6†W%÷7WÆVÖVçBÃã3‚÷3CS“‚Ó#RÓ#ScBÓ ¦¶÷¦Æ÷w6¶•ó##U÷66–VçF–f–5÷&W÷'G2ÆfööE÷v7FRÃ2ÃC#ÃrãSÃ‚ÃBã3sSÃ3rÆæöæRÂÃãÃ#ãsÃSBãCÃ3cã“#3C33cRÇG'VRÂÆW‡W&–ÖVçFÅ÷V&Æ—6†W%÷7WÆVÖVçBÃã3‚÷3CS“‚Ó#RÓ#ScBÓ ¦¶÷¦Æ÷w6¶•ó##U÷66–VçF–f–5÷&W÷'G2ÆfööE÷v7FU÷F÷'&Vf7F–öåó#C2ÃÃC#ÃrãSÃ‚ÃBã3sSÃ3rÇF÷'&Vf7F–öå÷&öGV7BÃ#CÃRãÃ##3rãsÃSBãCÃ3“ãcS3sƒ#“‚ÇG'VRÂÆW‡W&–ÖVçFÅ÷V&Æ—6†W%÷7WÆVÖVçBÃã3‚÷3CS“‚Ó#RÓ#ScBÓ ¦¶÷¦Æ÷w6¶•ó##U÷66–VçF–f–5÷&W÷'G2ÆfööE÷v7FU÷F÷'&Vf7F–öåó#C2Ã"ÃC#ÃrãSÃ‚ÃBã3sSÃ3rÇF÷'&Vf7F–öå÷&öGV7BÃ#CÃRãÃC3‚ãSÃSBãCÂÓBãƒ“cc“"ÆfÇ6RÆW†6ÇVFVEög&öÕ÷V&Æ—6†W%öÖVã²–æ6öç6—7FVçE÷&u÷6–væÂÆW‡W&–ÖVçFÅ÷V&Æ—6†W%÷7WÆVÖVçBÃã3‚÷3CS“‚Ó#RÓ#ScBÓ ¦¶÷¦Æ÷w6¶•ó##U÷66–VçF–f–5÷&W÷'G2ÆfööE÷v7FU÷F÷'&Vf7F–öåó#C2Ã2ÃC#ÃrãSÃ‚ÃBã3sSÃ3rÇF÷'&Vf7F–öå÷&öGV7BÃ#CÃRãÃ##SRã3ÃSBãCÃ3“Rãc3cSsÇG'VRÂÆW‡W&–ÖVçFÅ÷V&Æ—6†W%÷7WÆVÖVçBÃã3‚÷3CS“‚Ó#RÓ#ScBÓ ¦¶÷¦Æ÷w6¶•ó##U÷66–VçF–f–5÷&W÷'G2ÆfööE÷v7FU÷—&öÇ—6—5óc2ÃÃC#ÃrãSÃ‚ÃBã3sSÃ3rÆ&–ö6†"ÃcÃRãÃ#RãƒÃSBãCÃ3cBã“CCsƒÇG'VRÂÆW‡W&–ÖVçFÅ÷V&Æ—6†W%÷7WÆVÖVçBÃã3‚÷3CS“‚Ó#RÓ#ScBÓ ¦¶÷¦Æ÷w6¶•ó##U÷66–VçF–f–5÷&W÷'G2ÆfööE÷v7FU÷—&öÇ—6—5óc2Ã"ÃC#ÃrãSÃ‚ÃBã3sSÃ3rÆ&–ö6†"ÃcÃRãÃ##BãcÃSBãCÃ3cbã“sƒƒ#‚ÇG'VRÂÆW‡W&–ÖVçFÅ÷V&Æ—6†W%÷7WÆVÖVçBÃã3‚÷3CS“‚Ó#RÓ#ScBÓ ¦¶÷¦Æ÷w6¶•ó##U÷66–VçF–f–5÷&W÷'G2ÆfööE÷v7FU÷—&öÇ—6—5óc2Ã2ÃC#ÃrãSÃ‚ÃBã3sSÃ3rÆ&–ö6†"ÃcÃRãÃƒc‚ãCÃSBãCÃ3‚ã#s3#sRÆfÇ6RÆW†6ÇVFVEög&öÕ÷V&Æ—6†W%öÖVã²–æ6öç6—7FVçE÷&u÷6–væÂÆW‡W&–ÖVçFÅ÷V&Æ—6†W%÷7WÆVÖVçBÃã3‚÷3CS“‚Ó#RÓ#ScBÓ ¦¶÷¦Æ÷w6¶•ó##U÷66–VçF–f–5÷&W÷'G2ÆfööE÷v7FUö‡–G&ö6†%ó#C2ÃÃC#ÃrãSÃ‚ÃBã3sSÃ3rÆ‡–G&ö6†"Ã#CÃRãÃ#“ã3ÃSBãCÃ3ƒãc“3ƒbÇG'VRÂÆW‡W&–ÖVçFÅ÷V&Æ—6†W%÷7WÆVÖVçBÃã3‚÷3CS“‚Ó#RÓ#ScBÓ ¦¶÷¦Æ÷w6¶•ó##U÷66–VçF–f–5÷&W÷'G2ÆfööE÷v7FUö‡–G&ö6†%ó#C2Ã"ÃC#ÃrãSÃ‚ÃBã3sSÃ3rÆ‡–G&ö6†"Ã#CÃRãÃ#ƒ"ãsÃSBãCÃ3s’ã##ccƒ‚ÇG'VRÂÆW‡W&–ÖVçFÅ÷V&Æ—6†W%÷7WÆVÖVçBÃã3‚÷3CS“‚Ó#RÓ#ScBÓ ¦¶÷¦Æ÷w6¶•ó##U÷66–VçF–f–5÷&W÷'G2ÆfööE÷v7FUö‡–G&ö6†%ó#C2Ã2ÃC#ÃrãSÃ‚ÃBã3sSÃ3rÆ‡–G&ö6†"Ã#CÃRãÃ#“ãsÃSBãCÃ3ƒã#S“c“C#BÇG'VRÂÆW‡W&–ÖVçFÅ÷V&Æ—6†W%÷7WÆVÖVçBÃã3‚÷3CS“‚Ó#RÓ#ScBÓ ¦¶÷¦Æ÷w6¶•ó##U÷66–VçF–f–5÷&W÷'G2ÆfööE÷v7FRÃÃC#ÃrãSCccccrÃ‚ÃBã3ƒSCccrÃ3rÆæöæRÂÃãÃ““RãSÃSBãSÃ33bã“CS3"ÇG'VRÂÆW‡W&–ÖVçFÅ÷V&Æ—6†W%÷7WÆVÖVçBÃã3‚÷3CS“‚Ó#RÓ#ScBÓ ¦¶÷¦Æ÷w6¶•ó##U÷66–VçF–f–5÷&W÷'G2ÆfööE÷v7FRÃ"ÃC#ÃrãSCccccrÃ‚ÃBã3ƒSCccrÃ3rÆæöæRÂÃãÃ#ƒBãcÃSBãSÃ3Srã3c“Cƒ3ÇG'VRÂÆW‡W&–ÖVçFÅ÷V&Æ—6†W%÷7WÆVÖVçBÃã3‚÷3CS“‚Ó#RÓ#ScBÓ ¦¶÷¦Æ÷w6¶•ó##U÷66–VçF–f–5÷&W÷'G2ÆfööE÷v7FRÃ2ÃC#ÃrãSCccccrÃ‚ÃBã3ƒSCccrÃ3rÆæöæRÂÃãÃ#"ãÃSBãSÃ3cã“cƒc#S3BÇG'VRÂÆW‡W&–ÖVçFÅ÷V&Æ—6†W%÷7WÆVÖVçBÃã3‚÷3CS“‚Ó#RÓ#ScBÓ ¦¶÷¦Æ÷w6¶•ó##U÷66–VçF–f–5÷&W÷'G2ÆfööE÷v7FU÷F÷'&Vf7F–öåó#C2ÃÃC#ÃrãSCccccrÃ‚ÃBã3ƒSCccrÃ3rÇF÷'&Vf7F–öå÷&öGV7BÃ#CÃRãÃ##3‚ãSÃSBãSÃ3“ãƒ“S3ƒ’ÇG'VRÂÆW‡W&–ÖVçFÅ÷V&Æ—6†W%÷7WÆVÖVçBÃã3‚÷3CS“‚Ó#RÓ#ScBÓ ¦¶÷¦Æ÷w6¶•ó##U÷66–VçF–f–5÷&W÷'G2ÆfööE÷v7FU÷F÷'&Vf7F–öåó#C2Ã"ÃC#ÃrãSCccccrÃ‚ÃBã3ƒSCccrÃ3rÇF÷'&Vf7F–öå÷&öGV7BÃ#CÃRãÃC3’ã3ÃSBãSÂÓBãs3#C“ÆfÇ6RÆW†6ÇVFVEög&öÕ÷V&Æ—6†W%öÖVã²–æ6öç6—7FVçE÷&u÷6–væÂÆW‡W&–ÖVçFÅ÷V&Æ—6†W%÷7WÆVÖVçBÃã3‚÷3CS“‚Ó#RÓ#ScBÓ ¦¶÷¦Æ÷w6¶•ó##U÷66–VçF–f–5÷&W÷'G2ÆfööE÷v7FU÷F÷'&Vf7F–öåó#C2Ã2ÃC#ÃrãSCccccrÃ‚ÃBã3ƒSCccrÃ3rÇF÷'&Vf7F–öå÷&öGV7BÃ#CÃRãÃ##SRãsÃSBãSÃ3“Rãc“ƒC3“#RÇG'VRÂÆW‡W&–ÖVçFÅ÷V&Æ—6†W%÷7WÆVÖVçBÃã3‚÷3CS“‚Ó#RÓ#ScBÓ ¦¶÷¦Æ÷w6¶•ó##U÷66–VçF–f–5÷&W÷'G2ÆfööE÷v7FU÷—&öÇ—6—5óc2ÃÃC#ÃrãSCccccrÃ‚ÃBã3ƒSCccrÃ3rÆ&–ö6†"ÃcÃRãÃ#bã#ÃSBãSÃ3cBãss#3S3RÇG'VRÂÆW‡W&–ÖVçFÅ÷V&Æ—6†W%÷7WÆVÖVçBÃã3‚÷3CS“‚Ó#RÓ#ScBÓ ¦¶÷¦Æ÷w6¶•ó##U÷66–VçF–f–5÷&W÷'G2ÆfööE÷v7FU÷—&öÇ—6—5óc2Ã"ÃC#ÃrãSCccccrÃ‚ÃBã3ƒSCccrÃ3rÆ&–ö6†"ÃcÃRãÃ##RãÃSBãSÃ3cbãcScc“sÇG'VRÂÆW‡W&–ÖVçFÅ÷V&Æ—6†W%÷7WÆVÖVçBÃã3‚÷3CS“‚Ó#RÓ#ScBÓ ¦¶÷¦Æ÷w6¶•ó##U÷66–VçF–f–5÷&W÷'G2ÆfööE÷v7FU÷—&öÇ—6—5óc2Ã2ÃC#ÃrãSCccccrÃ‚ÃBã3ƒSCccrÃ3rÆ&–ö6†"ÃcÃRãÃƒc‚ãcÃSBãSÃ3‚ã##““##“ÆfÇ6RÆW†6ÇVFVEög&öÕ÷V&Æ—6†W%öÖVã²–æ6öç6—7FVçE÷&u÷6–væÂÆW‡W&–ÖVçFÅ÷V&Æ—6†W%÷7WÆVÖVçBÃã3‚÷3CS“‚Ó#RÓ#ScBÓ ¦¶÷¦Æ÷w6¶•ó##U÷66–VçF–f–5÷&W÷'G2ÆfööE÷v7FUö‡–G&ö6†%ó#C2ÃÃC#ÃrãSCccccrÃ‚ÃBã3ƒSCccrÃ3rÆ‡–G&ö6†"Ã#CÃRãÃ#“"ãÃSBãSÃ3ƒã3CƒƒS“2ÇG'VRÂÆW‡W&–ÖVçFÅ÷V&Æ—6†W%÷7WÆVÖVçBÃã3‚÷3CS“‚Ó#RÓ#ScBÓ ¦¶÷¦Æ÷w6¶•ó##U÷66–VçF–f–5÷&W÷'G2ÆfööE÷v7FUö‡–G&ö6†%ó#C2Ã"ÃC#ÃrãSCccccrÃ‚ÃBã3ƒSCccrÃ3rÆ‡–G&ö6†"Ã#CÃRãÃ#ƒ2ãCÃSBãSÃ3s’ã3ccC3#RÇG'VRÂÆW‡W&–ÖVçFÅ÷V&Æ—6†W%÷7WÆVÖVçBÃã3‚÷3CS“‚Ó#RÓ#ScBÓ ¦¶÷¦Æ÷w6¶•ó##U÷66–VçF–f–5÷&W÷'G2ÆfööE÷v7FUö‡–G&ö6†%ó#C2Ã2ÃC#ÃrãSCccccrÃ‚ÃBã3ƒSCccrÃ3rÆ‡–G&ö6†"Ã#CÃRãÃ#“"ãÃSBãSÃ3ƒã3CƒƒS“2ÇG'VRÂÆW‡W&–ÖVçFÅ÷V&Æ—6†W%÷7WÆVÖVçBÃã3‚÷3CS“‚Ó#RÓ#ScBÓ ¦¶÷¦Æ÷w6¶•ó##U÷66–VçF–f–5÷&W÷'G2ÆfööE÷v7FRÃÃC#"ÃrãSƒ333332Ã‚ÃBã3“Sƒ3332Ã3rÆæöæRÂÃãÃ““RãƒÃSBãcÃ33bã“C“#C#ÇG'VRÂÆW‡W&–ÖVçFÅ÷V&Æ—6†W%÷7WÆVÖVçBÃã3‚÷3CS“‚Ó#RÓ#ScBÓ ¦¶÷¦Æ÷w6¶•ó##U÷66–VçF–f–5÷&W÷'G2ÆfööE÷v7FRÃ"ÃC#"ÃrãSƒ333332Ã‚ÃBã3“Sƒ3332Ã3rÆæöæRÂÃãÃ#ƒBã“ÃSBãcÃ3Srãƒ#3““’ÇG'VRÂÆW‡W&–ÖVçFÅ÷V&Æ—6†W%÷7WÆVÖVçBÃã3‚÷3CS“‚Ó#RÓ#ScBÓ ¦¶÷¦Æ÷w6¶•ó##U÷66–VçF–f–5÷&W÷'G2ÆfööE÷v7FRÃ2ÃC#"ÃrãSƒ333332Ã‚ÃBã3“Sƒ3332Ã3rÆæöæRÂÃãÃ#"ãCÃSBãcÃ3cã3cC#ƒ‚ÇG'VRÂÆW‡W&–ÖVçFÅ÷V&Æ—6†W%÷7WÆVÖVçBÃã3‚÷3CS“‚Ó#RÓ#ScBÓ ¦¶÷¦Æ÷w6¶•ó##U÷66–VçF–f–5÷&W÷'G2ÆfööE÷v7FU÷F÷'&Vf7F–öåó#C2ÃÃC#"ÃrãSƒ333332Ã‚ÃBã3“Sƒ3332Ã3rÇF÷'&Vf7F–öå÷&öGV7BÃ#CÃRãÃ##3’ã3ÃSBãcÃ3“ã“s#CƒÇG'VRÂÆW‡W&–ÖVçFÅ÷V&Æ—6†W%÷7WÆVÖVçBÃã3‚÷3CS“‚Ó#RÓ#ScBÓ ¦¶÷¦Æ÷w6¶•ó##U÷66–VçF–f–5÷&W÷'G2ÆfööE÷v7FU÷F÷'&Vf7F–öåó#C2Ã"ÃC#"ÃrãSƒ333332Ã‚ÃBã3“Sƒ3332Ã3rÇF÷'&Vf7F–öå÷&öGV7BÃ#CÃRãÃCCãÃSBãcÂÓBãSsC3#‚ÆfÇ6RÆW†6ÇVFVEög&öÕ÷V&Æ—6†W%öÖVã²–æ6öç6—7FVçE÷&u÷6–væÂÆW‡W&–ÖVçFÅ÷V&Æ—6†W%÷7WÆVÖVçBÃã3‚÷3CS“‚Ó#RÓ#ScBÓ ¦¶÷¦Æ÷w6¶•ó##U÷66–VçF–f–5÷&W÷'G2ÆfööE÷v7FU÷F÷'&Vf7F–öåó#C2Ã2ÃC#"ÃrãSƒ333332Ã‚ÃBã3“Sƒ3332Ã3rÇF÷'&Vf7F–öå÷&öGV7BÃ#CÃRãÃ##SbãÃSBãcÃ3“Rãscc##cs‚ÇG'VRÂÆW‡W&–ÖVçFÅ÷V&Æ—6†W%÷7WÆVÖVçBÃã3‚÷3CS“‚Ó#RÓ#ScBÓ ¦¶÷¦Æ÷w6¶•ó##U÷66–VçF–f–5÷&W÷'G2ÆfööE÷v7FU÷—&öÇ—6—5óc2ÃÃC#"ÃrãSƒ333332Ã‚ÃBã3“Sƒ3332Ã3rÆ&–ö6†"ÃcÃRãÃ#bãcÃSBãcÃ3cBã#CS##ƒ‚ÇG'VRÂÆW‡W&–ÖVçFÅ÷V&Æ—6†W%÷7WÆVÖVçBÃã3‚÷3CS“‚Ó#RÓ#ScBÓ ¦¶÷¦Æ÷w6¶•ó##U÷66–VçF–f–5÷&W÷'G2ÆfööE÷v7FU÷—&öÇ—6—5óc2Ã"ÃC#"ÃrãSƒ333332Ã‚ÃBã3“Sƒ3332Ã3rÆ&–ö6†"ÃcÃRãÃ##RãSÃSBãcÃ3cbã#ScS3’ÇG'VRÂÆW‡W&–ÖVçFÅ÷V&Æ—6†W%÷7WÆVÖVçBÃã3‚÷3CS“‚Ó#RÓ#ScBÓ ¦¶÷¦Æ÷w6¶•ó##U÷66–VçF–f–5÷&W÷'G2ÆfööE÷v7FU÷—&öÇ—6—5óc2Ã2ÃC#"ÃrãSƒ333332Ã‚ÃBã3“Sƒ3332Ã3rÆ&–ö6†"ÃcÃRãÃƒc‚ã“ÃSBãcÃ3‚ã#sSCS’ÆfÇ6RÆW†6ÇVFVEög&öÕ÷V&Æ—6†W%öÖVã²–æ6öç6—7FVçE÷&u÷6–væÂÆW‡W&–ÖVçFÅ÷V&Æ—6†W%÷7WÆVÖVçBÃã3‚÷3CS“‚Ó#RÓ#ScBÓ ¦¶÷¦Æ÷w6¶•ó##U÷66–VçF–f–5÷&W÷'G2ÆfööE÷v7FUö‡–G&ö6†%ó#C2ÃÃC#"ÃrãSƒ333332Ã‚ÃBã3“Sƒ3332Ã3rÆ‡–G&ö6†"Ã#CÃRãÃ#“"ãsÃSBãcÃ3ƒãCCCcÇG'VRÂÆW‡W&–ÖVçFÅ÷V&Æ—6†W%÷7WÆVÖVçBÃã3‚÷3CS“‚Ó#RÓ#ScBÓ ¦¶÷¦Æ÷w6¶•ó##U÷66–VçF–f–5÷&W÷'G2ÆfööE÷v7FUö‡–G&ö6†%ó#C2Ã"ÃC#"ÃrãSƒ333332Ã‚ÃBã3“Sƒ3332Ã3rÆ‡–G&ö6†"Ã#CÃRãÃ#ƒBãÃSBãcÃ3s’ãC“s#ƒ3"ÇG'VRÂÆW‡W&–ÖVçFÅ÷V&Æ—6†W%÷7WÆVÖVçBÃã3‚÷3CS“‚Ó#RÓ#ScBÓ ¦¶÷¦Æ÷w6¶•ó##U÷66–VçF–f–5÷&W÷'G2ÆfööE÷v7FUö‡–G&ö6†%ó#C2Ã2ÃC#"ÃrãSƒ333332Ã‚ÃBã3“Sƒ3332Ã3rÆ‡–G&ö6†"Ã#CÃRãÃ#“"ãCÃSBãcÃ3ƒã3s#cs3CbÇG'VRÂÆW‡W&–ÖVçFÅ÷V&Æ—6†W%÷7WÆVÖVçBÃã3‚÷3CS“‚Ó#RÓ#ScBÓ ¦¶÷¦Æ÷w6¶•ó##U÷66–VçF–f–5÷&W÷'G2ÆfööE÷v7FRÃÃC#2Ãrãc#SÃ‚ÃBãCc#SÃ3rÆæöæRÂÃãÃ““bãÃSBãsÃ33bã““CC33sÇG'VRÂÆW‡W&–ÖVçFÅ÷V&Æ—6†W%÷7WÆVÖVçBÃã3‚÷3CS“‚Ó#RÓ#ScBÓ ¦¶÷¦Æ÷w6¶•ó##U÷66–VçF–f–5÷&W÷'G2ÆfööE÷v7FRÃ"ÃC#2Ãrãc#SÃ‚ÃBãCc#SÃ3rÆæöæRÂÃãÃ#ƒRã#ÃSBãsÃ3Srã#s33c‚ÇG'VRÂÆW‡W&–ÖVçFÅ÷V&Æ—6†W%÷7WÆVÖVçBÃã3‚÷3CS“‚Ó#RÓ#ScBÓ ¦¶÷¦Æ÷w6¶•ó##U÷66–VçF–f–5÷&W÷'G2ÆfööE÷v7FRÃ2ÃC#2Ãrãc#SÃ‚ÃBãCc#SÃ3rÆæöæRÂÃãÃ#"ãsÃSBãsÃ3cãƒcCSrÇG'VRÂÆW‡W&–ÖVçFÅ÷V&Æ—6†W%÷7WÆVÖVçBÃã3‚÷3CS“‚Ó#RÓ#ScBÓ ¦¶÷¦Æ÷w6¶•ó##U÷66–VçF–f–5÷&W÷'G2ÆfööE÷v7FU÷F÷'&Vf7F–öåó#C2ÃÃC#2Ãrãc#SÃ‚ÃBãCc#SÃ3rÇF÷'&Vf7F–öå÷&öGV7BÃ#CÃRãÃ##Cã#ÃSBãsÃ3“"ãSƒ“SrÇG'VRÂÆW‡W&–ÖVçFÅ÷V&Æ—6†W%÷7WÆVÖVçBÃã3‚÷3CS“‚Ó#RÓ#ScBÓ ¦¶÷¦Æ÷w6¶•ó##U÷66–VçF–f–5÷&W÷'G2ÆfööE÷v7FU÷F÷'&Vf7F–öåó#C2Ã"ÃC#2Ãrãc#SÃ‚ÃBãCc#SÃ3rÇF÷'&Vf7F–öå÷&öGV7BÃ#CÃRãÃCCã“ÃSBãsÂÓBãCcC“rÆfÇ6RÆW†6ÇVFVEög&öÕ÷V&Æ—6†W%öÖVã²–æ6öç6—7FVçE÷&u÷6–væÂÆW‡W&–ÖVçFÅ÷V&Æ—6†W%÷7WÆVÖVçBÃã3‚÷3CS“‚Ó#RÓ#ScBÓ ¦¶÷¦Æ÷w6¶•ó##U÷66–VçF–f–5÷&W÷'G2ÆfööE÷v7FU÷F÷'&Vf7F–öåó#C2Ã2ÃC#2Ãrãc#SÃ‚ÃBãCc#SÃ3rÇF÷'&Vf7F–öå÷&öGV7BÃ#CÃRãÃ##SbãSÃSBãsÃ3“Rãƒ3CC3"ÇG'VRÂÆW‡W&–ÖVçFÅ÷V&Æ—6†W%÷7WÆVÖVçBÃã3‚÷3CS“‚Ó#RÓ#ScBÓ ¦¶÷¦Æ÷w6¶•ó##U÷66–VçF–f–5÷&W÷'G2ÆfööE÷v7FU÷—&öÇ—6—5óc2ÃÃC#2Ãrãc#SÃ‚ÃBãCc#SÃ3rÆ&–ö6†"ÃcÃRãÃ#bã“ÃSBãsÃ3cBã#“#CSrÇG'VRÂÆW‡W&–ÖVçFÅ÷V&Æ—6†W%÷7WÆVÖVçBÃã3‚÷3CS“‚Ó#RÓ#ScBÓ ¦¶÷¦Æ÷w6¶•ó##U÷66–VçF–f–5÷&W÷'G2ÆfööE÷v7FU÷—&öÇ—6—5óc2Ã"ÃC#2Ãrãc#SÃ‚ÃBãCc#SÃ3rÆ&–ö6†"ÃcÃRãÃ##Rã“ÃSBãsÃ3cbã3#3ƒCc2ÇG'VRÂÆW‡W&–ÖVçFÅ÷V&Æ—6†W%÷7WÆVÖVçBÃã3‚÷3CS“‚Ó#RÓ#ScBÓ ¦¶÷¦Æ÷w6¶•ó##U÷66–VçF–f–5÷&W÷'G2ÆfööE÷v7FU÷—&öÇ—6—5óc2Ã2ÃC#2Ãrãc#SÃ‚ÃBãCc#SÃ3rÆ&–ö6†"ÃcÃRãÃƒc’ã#ÃSBãsÃ3‚ã3#3c#‚ÆfÇ6RÆW†6ÇVFVEög&öÕ÷V&Æ—6†W%öÖVã²–æ6öç6—7FVçE÷&u÷6–væÂÆW‡W&–ÖVçFÅ÷V&Æ—6†W%÷7WÆVÖVçBÃã3‚÷3CS“‚Ó#RÓ#ScBÓ ¦¶÷¦Æ÷w6¶•ó##U÷66–VçF–f–5÷&W÷'G2ÆfööE÷v7FUö‡–G&ö6†%ó#C2ÃÃC#2Ãrãc#SÃ‚ÃBãCc#SÃ3rÆ‡–G&ö6†"Ã#CÃRãÃ#“2ãSÃSBãsÃ3ƒãS“ƒc3“ÇG'VRÂÆW‡W&–ÖVçFÅ÷V&Æ—6†W%÷7WÆVÖVçBÃã3‚÷3CS“‚Ó#RÓ#ScBÓ ¦¶÷¦Æ÷w6¶•ó##U÷66–VçF–f–5÷&W÷'G2ÆfööE÷v7FUö‡–G&ö6†%ó#C2Ã"ÃC#2Ãrãc#SÃ‚ÃBãCc#SÃ3rÆ‡–G&ö6†"Ã#CÃRãÃ#ƒBã“ÃSBãsÃ3s’ãcSS3ƒ“#2ÇG'VRÂÆW‡W&–ÖVçFÅ÷V&Æ—6†W%÷7WÆVÖVçBÃã3‚÷3CS“‚Ó#RÓ#ScBÓ ¦¶÷¦Æ÷w6¶•ó##U÷66–VçF–f–5÷&W÷'G2ÆfööE÷v7FUö‡–G&ö6†%ó#C2Ã2ÃC#2Ãrãc#SÃ‚ÃBãCc#SÃ3rÆ‡–G&ö6†"Ã#CÃRãÃ#“"ãsÃSBãsÃ3ƒãCsƒcSRÇG'VRÂÆW‡W&–ÖVçFÅ÷V&Æ—6†W%÷7WÆVÖVçBÃã3‚÷3CS“‚Ó#RÓ#ScBÓ ¦¶÷¦Æ÷w6¶•ó##U÷66–VçF–f–5÷&W÷'G2ÆfööE÷v7FRÃÃC#BÃrãcccccccrÃ‚ÃBãCcccccrÃ3rÆæöæRÂÃãÃ““bãCÃSBãƒÃ33rã3“c#S3’ÇG'VRÂÆW‡W&–ÖVçFÅ÷V&Æ—6†W%÷7WÆVÖVçBÃã3‚÷3CS“‚Ó#RÓ#ScBÓ ¦¶÷¦Æ÷w6¶•ó##U÷66–VçF–f–5÷&W÷'G2ÆfööE÷v7FRÃ"ÃC#BÃrãcccccccrÃ‚ÃBãCcccccrÃ3rÆæöæRÂÃãÃ#ƒRãSÃSBãƒÃ3Srãs#S#33rÇG'VRÂÆW‡W&–ÖVçFÅ÷V&Æ—6†W%÷7WÆVÖVçBÃã3‚÷3CS“‚Ó#RÓ#ScBÓ ¦¶÷¦Æ÷w6¶•ó##U÷66–VçF–f–5÷&W÷'G2ÆfööE÷v7FRÃ2ÃC#BÃrãcccccccrÃ‚ÃBãCcccccrÃ3rÆæöæRÂÃãÃ#2ãÃSBãƒÃ3cã#cs“c#bÇG'VRÂÆW‡W&–ÖVçFÅ÷V&Æ—6†W%÷7WÆVÖVçBÃã3‚÷3CS“‚Ó#RÓ#ScBÓ ¦¶÷¦Æ÷w6¶•ó##U÷66–VçF–f–5÷&W÷'G2ÆfööE÷v7FU÷F÷'&Vf7F–öåó#C2ÃÃC#BÃrãcccccccrÃ‚ÃBãCcccccrÃ3rÇF÷'&Vf7F–öå÷&öGV7BÃ#CÃRãÃ##CãÃSBãƒÃ3“"ã3“c#C’ÇG'VRÂÆW‡W&–ÖVçFÅ÷V&Æ—6†W%÷7WÆVÖVçBÃã3‚÷3CS“‚Ó#RÓ#ScBÓ ¦¶÷¦Æ÷w6¶•ó##U÷66–VçF–f–5÷&W÷'G2ÆfööE÷v7FU÷F÷'&Vf7F–öåó#C2Ã"ÃC#BÃrãcccccccrÃ‚ÃBãCcccccrÃ3rÇF÷'&Vf7F–öå÷&öGV7BÃ#CÃRãÃCCãsÃSBãƒÂÓBã#Ss“sƒ#RÆfÇ6RÆW†6ÇVFVEög&öÕ÷V&Æ—6†W%öÖVã²–æ6öç6—7FVçE÷&u÷6–væÂÆW‡W&–ÖVçFÅ÷V&Æ—6†W%÷7WÆVÖVçBÃã3‚÷3CS“‚Ó#RÓ#ScBÓ ¦¶÷¦Æ÷w6¶•ó##U÷66–VçF–f–5÷&W÷'G2ÆfööE÷v7FU÷F÷'&Vf7F–öåó#C2Ã2ÃC#BÃrãcccccccrÃ‚ÃBãCcccccrÃ3rÇF÷'&Vf7F–öå÷&öGV7BÃ#CÃRãÃ##Sbã“ÃSBãƒÃ3“Rã“ƒƒbÇG'VRÂÆW‡W&–ÖVçFÅ÷V&Æ—6†W%÷7WÆVÖVçBÃã3‚÷3CS“‚Ó#RÓ#ScBÓ ¦¶÷¦Æ÷w6¶•ó##U÷66–VçF–f–5÷&W÷'G2ÆfööE÷v7FU÷—&öÇ—6—5óc2ÃÃC#BÃrãcccccccrÃ‚ÃBãCcccccrÃ3rÆ&–ö6†"ÃcÃRãÃ#rã3ÃSBãƒÃ3cBã3Sƒ#ÇG'VRÂÆW‡W&–ÖVçFÅ÷V&Æ—6†W%÷7WÆVÖVçBÃã3‚÷3CS“‚Ó#RÓ#ScBÓ ¦¶÷¦Æ÷w6¶•ó##U÷66–VçF–f–5÷&W÷'G2ÆfööE÷v7FU÷—&öÇ—6—5óc2Ã"ÃC#BÃrãcccccccrÃ‚ÃBãCcccccrÃ3rÆ&–ö6†"ÃcÃRãÃ##bã3ÃSBãƒÃ3cbã3“c#ƒrÇG'VRÂÆW‡W&–ÖVçFÅ÷V&Æ—6†W%÷7WÆVÖVçBÃã3‚÷3CS“‚Ó#RÓ#ScBÓ ¦¶÷¦Æ÷w6¶•ó##U÷66–VçF–f–5÷&W÷'G2ÆfööE÷v7FU÷—&öÇ—6—5óc2Ã2ÃC#BÃrãcccccccrÃ‚ÃBãCcccccrÃ3rÆ&–ö6†"ÃcÃRãÃƒc’ãCÃSBãƒÃ3‚ã3C#“#"ÆfÇ6RÆW†6ÇVFVEög&öÕ÷V&Æ—6†W%öÖVã²–æ6öç6—7FVçE÷&u÷6–væÂÆW‡W&–ÖVçFÅ÷V&Æ—6†W%÷7WÆVÖVçBÃã3‚÷3CS“‚Ó#RÓ#ScBÓ ¦¶÷¦Æ÷w6¶•ó##U÷66–VçF–f–5÷&W÷'G2ÆfööE÷v7FUö‡–G&ö6†%ó#C2ÃÃC#BÃrãcccccccrÃ‚ÃBãCcccccrÃ3rÆ‡–G&ö6†"Ã#CÃRãÃ#“Bã#ÃSBãƒÃ3ƒãs3C#c“‚ÇG'VRÂÆW‡W&–ÖVçFÅ÷V&Æ—6†W%÷7WÆVÖVçBÃã3‚÷3CS“‚Ó#RÓ#ScBÓ ¦¶÷¦Æ÷w6¶•ó##U÷66–VçF–f–5÷&W÷'G2ÆfööE÷v7FUö‡–G&ö6†%ó#C2Ã"ÃC#BÃrãcccccccrÃ‚ÃBãCcccccrÃ3rÆ‡–G&ö6†"Ã#CÃRãÃ#ƒRãcÃSBãƒÃ3s’ãs““cC3ÇG'VRÂÆW‡W&–ÖVçFÅ÷V&Æ—6†W%÷7WÆVÖVçBÃã3‚÷3CS“‚Ó#RÓ#ScBÓ ¦¶÷¦Æ÷w6¶•ó##U÷66–VçF–f–5÷&W÷'G2ÆfööE÷v7FUö‡–G&ö6†%ó#C2Ã2ÃC#BÃrãcccccccrÃ‚ÃBãCcccccrÃ3rÆ‡–G&ö6†"Ã#CÃRãÃ#“2ãÃSBãƒÃ3ƒãCc3ScƒBÇG'VRÂÆW‡W&–ÖVçFÅ÷V&Æ—6†W%÷7WÆVÖVçBÃã3‚÷3CS“‚Ó#RÓ#ScBÓ ¦¶÷¦Æ÷w6¶•ó##U÷66–VçF–f–5÷&W÷'G2ÆfööE÷v7FRÃÃC#RÃrãsƒ33332Ã‚ÃBãC#sƒ332Ã3rÆæöæRÂÃãÃ““bãsÃSBã“Ã33rãƒCƒs‚ÇG'VRÂÆW‡W&–ÖVçFÅ÷V&Æ—6†W%÷7WÆVÖVçBÃã3‚÷3CS“‚Ó#RÓ#ScBÓ ¦¶÷¦Æ÷w6¶•ó##U÷66–VçF–f–5÷&W÷'G2ÆfööE÷v7FRÃ"ÃC#RÃrãsƒ33332Ã‚ÃBãC#sƒ332Ã3rÆæöæRÂÃãÃ#ƒRãƒÃSBã“Ã3Srã#ssSbÇG'VRÂÆW‡W&–ÖVçFÅ÷V&Æ—6†W%÷7WÆVÖVçBÃã3‚÷3CS“‚Ó#RÓ#ScBÓ ¦¶÷¦Æ÷w6¶•ó##U÷66–VçF–f–5÷&W÷'G2ÆfööE÷v7FRÃ2ÃC#RÃrãsƒ33332Ã‚ÃBãC#sƒ332Ã3rÆæöæRÂÃãÃ#2ãCÃSBã“Ã3cã“CSƒ3s’ÇG'VRÂÆW‡W&–ÖVçFÅ÷V&Æ—6†W%÷7WÆVÖVçBÃã3‚÷3CS“‚Ó#RÓ#ScBÓ ¦¶÷¦Æ÷w6¶•ó##U÷66–VçF–f–5÷&W÷'G2ÆfööE÷v7FU÷F÷'&Vf7F–öåó#C2ÃÃC#RÃrãsƒ33332Ã‚ÃBãC#sƒ332Ã3rÇF÷'&Vf7F–öå÷&öGV7BÃ#CÃRãÃ##CãƒÃSBã“Ã3“"ãCcs#33CÇG'VRÂÆW‡W&–ÖVçFÅ÷V&Æ—6†W%÷7WÆVÖVçBÃã3‚÷3CS“‚Ó#RÓ#ScBÓ ¦¶÷¦Æ÷w6¶•ó##U÷66–VçF–f–5÷&W÷'G2ÆfööE÷v7FU÷F÷'&Vf7F–öåó#C2Ã"ÃC#RÃrãsƒ33332Ã‚ÃBãC#sƒ332Ã3rÇF÷'&Vf7F–öå÷&öGV7BÃ#CÃRãÃCC"ãSÃSBã“ÂÓBã““ƒs3BÆfÇ6RÆW†6ÇVFVEög&öÕ÷V&Æ—6†W%öÖVã²–æ6öç6—7FVçE÷&u÷6–væÂÆW‡W&–ÖVçFÅ÷V&Æ—6†W%÷7WÆVÖVçBÃã3‚÷3CS“‚Ó#RÓ#ScBÓ ¦¶÷¦Æ÷w6¶•ó##U÷66–VçF–f–5÷&W÷'G2ÆfööE÷v7FU÷F÷'&Vf7F–öåó#C2Ã2ÃC#RÃrãsƒ33332Ã‚ÃBãC#sƒ332Ã3rÇF÷'&Vf7F–öå÷&öGV7BÃ#CÃRãÃ##Srã3ÃSBã“Ã3“Rã“c“Sƒ“3’ÇG'VRÂÆW‡W&–ÖVçFÅ÷V&Æ—6†W%÷7WÆVÖVçBÃã3‚÷3CS“‚Ó#RÓ#ScBÓ ¦¶÷¦Æ÷w6¶•ó##U÷66–VçF–f–5÷&W÷'G2ÆfööE÷v7FU÷—&öÇ—6—5óc2ÃÃC#RÃrãsƒ33332Ã‚ÃBãC#sƒ332Ã3rÆ&–ö6†"ÃcÃRãÃ#rãsÃSBã“Ã3cBãC#Ssƒ“cBÇG'VRÂÆW‡W&–ÖVçFÅ÷V&Æ—6†W%÷7WÆVÖVçBÃã3‚÷3CS“‚Ó#RÓ#ScBÓ ¦¶÷¦Æ÷w6¶•ó##U÷66–VçF–f–5÷&W÷'G2ÆfööE÷v7FU÷—&öÇ—6—5óc2Ã"ÃC#RÃrãsƒ33332Ã‚ÃBãC#sƒ332Ã3rÆ&–ö6†"ÃcÃRãÃ##bãƒÃSBã“Ã3cbãCƒ#SRÇG'VRÂÆW‡W&–ÖVçFÅ÷V&Æ—6†W%÷7WÆVÖVçBÃã3‚÷3CS“‚Ó#RÓ#ScBÓ ¦¶÷¦Æ÷w6¶•ó##U÷66–VçF–f–5÷&W÷'G2ÆfööE÷v7FU÷—&öÇ—6—5óc2Ã2ÃC#RÃrãsƒ33332Ã‚ÃBãC#sƒ332Ã3rÆ&–ö6†"ÃcÃRãÃƒc’ãsÃSBã“Ã3‚ã3ƒƒ“3ƒÆfÇ6RÆW†6ÇVFVEög&öÕ÷V&Æ—6†W%öÖVã²–æ6öç6—7FVçE÷&u÷6–væÂÆW‡W&–ÖVçFÅ÷V&Æ—6†W%÷7WÆVÖVçBÃã3‚÷3CS“‚Ó#RÓ#ScBÓ ¦¶÷¦Æ÷w6¶•ó##U÷66–VçF–f–5÷&W÷'G2ÆfööE÷v7FUö‡–G&ö6†%ó#C2ÃÃC#RÃrãsƒ33332Ã‚ÃBãC#sƒ332Ã3rÆ‡–G&ö6†"Ã#CÃRãÃ#“Bã“ÃSBã“Ã3ƒãƒc“sƒ#RÇG'VRÂÆW‡W&–ÖVçFÅ÷V&Æ—6†W%÷7WÆVÖVçBÃã3‚÷3CS“‚Ó#RÓ#ScBÓ ¦¶÷¦Æ÷w6¶•ó##U÷66–VçF–f–5÷&W÷'G2ÆfööE÷v7FUö‡–G&ö6†%ó#C2Ã"ÃC#RÃrãsƒ33332Ã‚ÃBãC#sƒ332Ã3rÆ‡–G&ö6†"Ã#CÃRãÃ#ƒbã3ÃSBã“Ã3s’ã“#cS3“3‚ÇG'VRÂÆW‡W&–ÖVçFÅ÷V&Æ—6†W%÷7WÆVÖVçBÃã3‚÷3CS“‚Ó#RÓ#ScBÓ ¦¶÷¦Æ÷w6¶•ó##U÷66–VçF–f–5÷&W÷'G2ÆfööE÷v7FUö‡–G&ö6†%ó#C2Ã2ÃC#RÃrãsƒ33332Ã‚ÃBãC#sƒ332Ã3rÆ‡–G&ö6†"Ã#CÃRãÃ#“2ãCÃSBã“Ã3ƒãS3ƒCC3‚ÇG'VRÂÆW‡W&–ÖVçFÅ÷V&Æ—6†W%÷7WÆVÖVçBÃã3‚÷3CS“‚Ó#RÓ#ScBÓ ¦¶÷¦Æ÷w6¶•ó##U÷66–VçF–f–5÷&W÷'G2ÆfööE÷v7FRÃÃC#bÃrãsSÃ‚ÃBãC3sSÃ3rÆæöæRÂÃãÃ““rãÃSRãÃ33rã3ƒsrÇG'VRÂÆW‡W&–ÖVçFÅ÷V&Æ—6†W%÷7WÆVÖVçBÃã3‚÷3CS“‚Ó#RÓ#ScBÓ ¦¶÷¦Æ÷w6¶•ó##U÷66–VçF–f–5÷&W÷'G2ÆfööE÷v7FRÃ"ÃC#bÃrãsSÃ‚ÃBãC3sSÃ3rÆæöæRÂÃãÃ#ƒbãÃSRãÃ3Srã#c#“csRÇG'VRÂÆW‡W&–ÖVçFÅ÷V&Æ—6†W%÷7WÆVÖVçBÃã3‚÷3CS“‚Ó#RÓ#ScBÓ ¦¶÷¦Æ÷w6¶•ó##U÷66–VçF–f–5÷&W÷'G2ÆfööE÷v7FRÃ2ÃC#bÃrãsSÃ‚ÃBãC3sSÃ3rÆæöæRÂÃãÃ#2ãsÃSRãÃ3cã#3“ssSC‚ÇG'VRÂÆW‡W&–ÖVçFÅ÷V&Æ—6†W%÷7WÆVÖVçBÃã3‚÷3CS“‚Ó#RÓ#ScBÓ ¦¶÷¦Æ÷w6¶•ó##U÷66–VçF–f–5÷&W÷'G2ÆfööE÷v7FU÷F÷'&Vf7F–öåó#C2ÃÃC#bÃrãsSÃ‚ÃBãC3sSÃ3rÇF÷'&Vf7F–öå÷&öGV7BÃ#CÃRãÃ##C"ãsÃSRãÃ3“"ãcCƒbÇG'VRÂÆW‡W&–ÖVçFÅ÷V&Æ—6†W%÷7WÆVÖVçBÃã3‚÷3CS“‚Ó#RÓ#ScBÓ ¦¶÷¦Æ÷w6¶•ó##U÷66–VçF–f–5÷&W÷'G2ÆfööE÷v7FU÷F÷'&Vf7F–öåó#C2Ã"ÃC#bÃrãsSÃ‚ÃBãC3sSÃ3rÇF÷'&Vf7F–öå÷&öGV7BÃ#CÃRãÃCC2ã3ÃSRãÂÓ2ã“Cc3cC"ÆfÇ6RÆW†6ÇVFVEög&öÕ÷V&Æ—6†W%öÖVã²–æ6öç6—7FVçE÷&u÷6–væÂÆW‡W&–ÖVçFÅ÷V&Æ—6†W%÷7WÆVÖVçBÃã3‚÷3CS“‚Ó#RÓ#ScBÓ ¦¶÷¦Æ÷w6¶•ó##U÷66–VçF–f–5÷&W÷'G2ÆfööE÷v7FU÷F÷'&Vf7F–öåó#C2Ã2ÃC#bÃrãsSÃ‚ÃBãC3sSÃ3rÇF÷'&Vf7F–öå÷&öGV7BÃ#CÃRãÃ##SrãsÃSRãÃ3“bã3s3sc“2ÇG'VRÂÆW‡W&–ÖVçFÅ÷V&Æ—6†W%÷7WÆVÖVçBÃã3‚÷3CS“‚Ó#RÓ#ScBÓ ¦¶÷¦Æ÷w6¶•ó##U÷66–VçF–f–5÷&W÷'G2ÆfööE÷v7FU÷—&öÇ—6—5óc2ÃÃC#bÃrãsSÃ‚ÃBãC3sSÃ3rÆ&–ö6†"ÃcÃRãÃ#‚ãÃSRãÃ3cBãCs“ƒ32ÇG'VRÂÆW‡W&–ÖVçFÅ÷V&Æ—6†W%÷7WÆVÖVçBÃã3‚÷3CS“‚Ó#RÓ#ScBÓ ¦¶÷¦Æ÷w6¶•ó##U÷66–VçF–f–5÷&W÷'G2ÆfööE÷v7FU÷—&öÇ—6—5óc2Ã"ÃC#bÃrãsSÃ‚ÃBãC3sSÃ3rÆ&–ö6†"ÃcÃRãÃ##rã#ÃSRãÃ3cbãSC“s““‚ÇG'VRÂÆW‡W&–ÖVçFÅ÷V&Æ—6†W%÷7WÆVÖVçBÃã3‚÷3CS“‚Ó#RÓ#ScBÓ ¦¶÷¦Æ÷w6¶•ó##U÷66–VçF–f–5÷&W÷'G2ÆfööE÷v7FU÷—&öÇ—6—5óc2Ã2ÃC#bÃrãsSÃ‚ÃBãC3sSÃ3rÆ&–ö6†"ÃcÃRãÃƒsãÃSRãÃ3‚ãC33#ƒSSÆfÇ6RÆW†6ÇVFVEög&öÕ÷V&Æ—6†W%öÖVã²–æ6öç6—7FVçE÷&u÷6–væÂÆW‡W&–ÖVçFÅ÷V&Æ—6†W%÷7WÆVÖVçBÃã3‚÷3CS“‚Ó#RÓ#ScBÓ ¦¶÷¦Æ÷w6¶•ó##U÷66–VçF–f–5÷&W÷'G2ÆfööE÷v7FUö‡–G&ö6†%ó#C2ÃÃC#bÃrãsSÃ‚ÃBãC3sSÃ3rÆ‡–G&ö6†"Ã#CÃRãÃ#“RãsÃSRãÃ3ƒ"ã#s“S#“rÇG'VRÂÆW‡W&–ÖVçFÅ÷V&Æ—6†W%÷7WÆVÖVçBÃã3‚÷3CS“‚Ó#RÓ#ScBÓ ¦¶÷¦Æ÷w6¶•ó##U÷66–VçF–f–5÷&W÷'G2ÆfööE÷v7FUö‡–G&ö6†%ó#C2Ã"ÃC#bÃrãsSÃ‚ÃBãC3sSÃ3rÆ‡–G&ö6†"Ã#CÃRãÃ#ƒrãÃSRãÃ3ƒãƒCs#’ÇG'VRÂÆW‡W&–ÖVçFÅ÷V&Æ—6†W%÷7WÆVÖVçBÃã3‚÷3CS“‚Ó#RÓ#ScBÓ ¦¶÷¦Æ÷w6¶•ó##U÷66–VçF–f–5÷&W÷'G2ÆfööE÷v7FUö‡–G&ö6†%ó#C2Ã2ÃC#bÃrãsSÃ‚ÃBãC3sSÃ3rÆ‡–G&ö6†"Ã#CÃRãÃ#“2ãsÃSRãÃ3ƒãSsc3crÇG'VRÂÆW‡W&–ÖVçFÅ÷V&Æ—6†W%÷7WÆVÖVçBÃã3‚÷3CS“‚Ó#RÓ#ScBÓ ¦¶÷¦Æ÷w6¶•ó##U÷66–VçF–f–5÷&W÷'G2ÆfööE÷v7FRÃÃC#rÃrãs“ccccrÃ‚ÃBãCCs“ccrÃ3rÆæöæRÂÃãÃ““rã3ÃSRãÃ33rãsS#CbÇG'VRÂÆW‡W&–ÖVçFÅ÷V&Æ—6†W%÷7WÆVÖVçBÃã3‚÷3CS“‚Ó#RÓ#ScBÓ ¦¶÷¦Æ÷w6¶•ó##U÷66–VçF–f–5÷&W÷'G2ÆfööE÷v7FRÃ"ÃC#rÃrãs“ccccrÃ‚ÃBãCCs“ccrÃ3rÆæöæRÂÃãÃ#ƒbãCÃSRãÃ3Srã3ƒ“ƒCBÇG'VRÂÆW‡W&–ÖVçFÅ÷V&Æ—6†W%÷7WÆVÖVçBÃã3‚÷3CS“‚Ó#RÓ#ScBÓ ¦¶÷¦Æ÷w6¶•ó##U÷66–VçF–f–5÷&W÷'G2ÆfööE÷v7FRÃ2ÃC#rÃrãs“ccccrÃ‚ÃBãCCs“ccrÃ3rÆæöæRÂÃãÃ#BãÃSRãÃ3cã#ƒC“csrÇG'VRÂÆW‡W&–ÖVçFÅ÷V&Æ—6†W%÷7WÆVÖVçBÃã3‚÷3CS“‚Ó#RÓ#ScBÓ ¦¶÷¦Æ÷w6¶•ó##U÷66–VçF–f–5÷&W÷'G2ÆfööE÷v7FU÷F÷'&Vf7F–öåó#C2ÃÃC#rÃrãs“ccccrÃ‚ÃBãCCs“ccrÃ3rÇF÷'&Vf7F–öå÷&öGV7BÃ#CÃRãÃ##C2ãSÃSRãÃ3“"ãƒcs‚ÇG'VRÂÆW‡W&–ÖVçFÅ÷V&Æ—6†W%÷7WÆVÖVçBÃã3‚÷3CS“‚Ó#RÓ#ScBÓ ¦¶÷¦Æ÷w6¶•ó##U÷66–VçF–f–5÷&W÷'G2ÆfööE÷v7FU÷F÷'&Vf7F–öåó#C2Ã"ÃC#rÃrãs“ccccrÃ‚ÃBãCCs“ccrÃ3rÇF÷'&Vf7F–öå÷&öGV7BÃ#CÃRãÃCCBãÃSRãÂÓ2ãsƒ3CcSSÆfÇ6RÆW†6ÇVFVEög&öÕ÷V&Æ—6†W%öÖVã²–æ6öç6—7FVçE÷&u÷6–væÂÆW‡W&–ÖVçFÅ÷V&Æ—6†W%÷7WÆVÖVçBÃã3‚÷3CS“‚Ó#RÓ#ScBÓ ¦¶÷¦Æ÷w6¶•ó##U÷66–VçF–f–5÷&W÷'G2ÆfööE÷v7FU÷F÷'&Vf7F–öåó#C2Ã2ÃC#rÃrãs“ccccrÃ‚ÃBãCCs“ccrÃ3rÇF÷'&Vf7F–öå÷&öGV7BÃ#CÃRãÃ##S‚ãÃSRãÃ3“bãScCCbÇG'VRÂÆW‡W&–ÖVçFÅ÷V&Æ—6†W%÷7WÆVÖVçBÃã3‚÷3CS“‚Ó#RÓ#ScBÓ ¦¶÷¦Æ÷w6¶•ó##U÷66–VçF–f–5÷&W÷'G2ÆfööE÷v7FU÷—&öÇ—6—5óc2ÃÃC#rÃrãs“ccccrÃ‚ÃBãCCs“ccrÃ3rÆ&–ö6†"ÃcÃRãÃ#‚ãCÃSRãÃ3cBãS3ƒscƒƒrÇG'VRÂÆW‡W&–ÖVçFÅ÷V&Æ—6†W%÷7WÆVÖVçBÃã3‚÷3CS“‚Ó#RÓ#ScBÓ ¦¶÷¦Æ÷w6¶•ó##U÷66–VçF–f–5÷&W÷'G2ÆfööE÷v7FU÷—&öÇ—6—5óc2Ã"ÃC#rÃrãs“ccccrÃ‚ÃBãCCs“ccrÃ3rÆ&–ö6†"ÃcÃRãÃ##rãcÃSRãÃ3cbãcsSƒcc"ÇG'VRÂÆW‡W&–ÖVçFÅ÷V&Æ—6†W%÷7WÆVÖVçBÃã3‚÷3CS“‚Ó#RÓ#ScBÓ ¦¶÷¦Æ÷w6¶•ó##U÷66–VçF–f–5÷&W÷'G2ÆfööE÷v7FU÷—&öÇ—6—5óc2Ã2ÃC#rÃrãs“ccccrÃ‚ÃBãCCs“ccrÃ3rÆ&–ö6†"ÃcÃRãÃƒsã#ÃSRãÃ3‚ãCSSƒƒ3RÆfÇ6RÆW†6ÇVFVEög&öÕ÷V&Æ—6†W%öÖVã²–æ6öç6—7FVçE÷&u÷6–væÂÆW‡W&–ÖVçFÅ÷V&Æ—6†W%÷7WÆVÖVçBÃã3‚÷3CS“‚Ó#RÓ#ScBÓ ¦¶÷¦Æ÷w6¶•ó##U÷66–VçF–f–5÷&W÷'G2ÆfööE÷v7FUö‡–G&ö6†%ó#C2ÃÃC#rÃrãs“ccccrÃ‚ÃBãCCs“ccrÃ3rÆ‡–G&ö6†"Ã#CÃRãÃ#“bãCÃSRãÃ3ƒ"ãc3S#ƒBÇG'VRÂÆW‡W&–ÖVçFÅ÷V&Æ—6†W%÷7WÆVÖVçBÃã3‚÷3CS“‚Ó#RÓ#ScBÓ ¦¶÷¦Æ÷w6¶•ó##U÷66–VçF–f–5÷&W÷'G2ÆfööE÷v7FUö‡–G&ö6†%ó#C2Ã"ÃC#rÃrãs“ccccrÃ‚ÃBãCCs“ccrÃ3rÆ‡–G&ö6†"Ã#CÃRãÃ#ƒrãƒÃSRãÃ3ƒã###ƒS3bÇG'VRÂÆW‡W&–ÖVçFÅ÷V&Æ—6†W%÷7WÆVÖVçBÃã3‚÷3CS“‚Ó#RÓ#ScBÓ ¦¶÷¦Æ÷w6¶•ó##U÷66–VçF–f–5÷&W÷'G2ÆfööE÷v7FUö‡–G&ö6†%ó#C2Ã2ÃC#rÃrãs“ccccrÃ‚ÃBãCCs“ccrÃ3rÆ‡–G&ö6†"Ã#CÃRãÃ#“BãÃSRãÃ3ƒãc###ssbÇG'VRÂÆW‡W&–ÖVçFÅ÷V&Æ—6†W%÷7WÆVÖVçBÃã3‚÷3CS“‚Ó#RÓ#ScBÓ ¦¶÷¦Æ÷w6¶•ó##U÷66–VçF–f–5÷&W÷'G2ÆfööE÷v7FRÃÃC#‚Ãrãƒ3333332Ã‚ÃBãCSƒ33332Ã3rÆæöæRÂÃãÃ““rãcÃSRã#Ã33rã##3“#RÇG'VRÂÆW‡W&–ÖVçFÅ÷V&Æ—6†W%÷7WÆVÖVçBÃã3‚÷3CS“‚Ó#RÓ#ScBÓ ¦¶÷¦Æ÷w6¶•ó##U÷66–VçF–f–5÷&W÷'G2ÆfööE÷v7FRÃ"ÃC#‚Ãrãƒ3333332Ã‚ÃBãCSƒ33332Ã3rÆæöæRÂÃãÃ#ƒbãsÃSRã#Ã3Srã3S3#“2ÇG'VRÂÆW‡W&–ÖVçFÅ÷V&Æ—6†W%÷7WÆVÖVçBÃã3‚÷3CS“‚Ó#RÓ#ScBÓ ¦¶÷¦Æ÷w6¶•ó##U÷66–VçF–f–5÷&W÷'G2ÆfööE÷v7FRÃ2ÃC#‚Ãrãƒ3333332Ã‚ÃBãCSƒ33332Ã3rÆæöæRÂÃãÃ#BãCÃSRã#Ã3cã3S#sSCsÇG'VRÂÆW‡W&–ÖVçFÅ÷V&Æ—6†W%÷7WÆVÖVçBÃã3‚÷3CS“‚Ó#RÓ#ScBÓ ¦¶÷¦Æ÷w6¶•ó##U÷66–VçF–f–5÷&W÷'G2ÆfööE÷v7FU÷F÷'&Vf7F–öåó#C2ÃÃC#‚Ãrãƒ3333332Ã‚ÃBãCSƒ33332Ã3rÇF÷'&Vf7F–öå÷&öGV7BÃ#CÃRãÃ##CBã3ÃSRã#Ã3“"ã“cC3C“’ÇG'VRÂÆW‡W&–ÖVçFÅ÷V&Æ—6†W%÷7WÆVÖVçBÃã3‚÷3CS“‚Ó#RÓ#ScBÓ ¦¶÷¦Æ÷w6¶•ó##U÷66–VçF–f–5÷&W÷'G2ÆfööE÷v7FU÷F÷'&Vf7F–öåó#C2Ã"ÃC#‚Ãrãƒ3333332Ã‚ÃBãCSƒ33332Ã3rÇF÷'&Vf7F–öå÷&öGV7BÃ#CÃRãÃCCBã“ÃSRã#ÂÓ2ãc#S#“CS’ÆfÇ6RÆW†6ÇVFVEög&öÕ÷V&Æ—6†W%öÖVã²–æ6öç6—7FVçE÷&u÷6–væÂÆW‡W&–ÖVçFÅ÷V&Æ—6†W%÷7WÆVÖVçBÃã3‚÷3CS“‚Ó#RÓ#ScBÓ ¦¶÷¦Æ÷w6¶•ó##U÷66–VçF–f–5÷&W÷'G2ÆfööE÷v7FU÷F÷'&Vf7F–öåó#C2Ã2ÃC#‚Ãrãƒ3333332Ã‚ÃBãCSƒ33332Ã3rÇF÷'&Vf7F–öå÷&öGV7BÃ#CÃRãÃ##S‚ãSÃSRã#Ã3“bãs#“S#ÇG'VRÂÆW‡W&–ÖVçFÅ÷V&Æ—6†W%÷7WÆVÖVçBÃã3‚÷3CS“‚Ó#RÓ#ScBÓ ¦¶÷¦Æ÷w6¶•ó##U÷66–VçF–f–5÷&W÷'G2ÆfööE÷v7FU÷—&öÇ—6—5óc2ÃÃC#‚Ãrãƒ3333332Ã‚ÃBãCSƒ33332Ã3rÆ&–ö6†"ÃcÃRãÃ#‚ãƒÃSRã#Ã3cBãccSScCÇG'VRÂÆW‡W&–ÖVçFÅ÷V&Æ—6†W%÷7WÆVÖVçBÃã3‚÷3CS“‚Ó#RÓ#ScBÓ ¦¶÷¦Æ÷w6¶•ó##U÷66–VçF–f–5÷&W÷'G2ÆfööE÷v7FU÷—&öÇ—6—5óc2Ã"ÃC#‚Ãrãƒ3333332Ã‚ÃBãCSƒ33332Ã3rÆ&–ö6†"ÃcÃRãÃ##‚ãÃSRã#Ã3cbãss“sÇG'VRÂÆW‡W&–ÖVçFÅ÷V&Æ—6†W%÷7WÆVÖVçBÃã3‚÷3CS“‚Ó#RÓ#ScBÓ ¦¶÷¦Æ÷w6¶•ó##U÷66–VçF–f–5÷&W÷'G2ÆfööE÷v7FU÷—&öÇ—6—5óc2Ã2ÃC#‚Ãrãƒ3333332Ã‚ÃBãCSƒ33332Ã3rÆ&–ö6†"ÃcÃRãÃƒsãSÃSRã#Ã3‚ãSs3BÆfÇ6RÆW†6ÇVFVEög&öÕ÷V&Æ—6†W%öÖVã²–æ6öç6—7FVçE÷&u÷6–væÂÆW‡W&–ÖVçFÅ÷V&Æ—6†W%÷7WÆVÖVçBÃã3‚÷3CS“‚Ó#RÓ#ScBÓ ¦¶÷¦Æ÷w6¶•ó##U÷66–VçF–f–5÷&W÷'G2ÆfööE÷v7FUö‡–G&ö6†%ó#C2ÃÃC#‚Ãrãƒ3333332Ã‚ÃBãCSƒ33332Ã3rÆ‡–G&ö6†"Ã#CÃRãÃ#“rãÃSRã#Ã3ƒ"ã#““3ÇG'VRÂÆW‡W&–ÖVçFÅ÷V&Æ—6†W%÷7WÆVÖVçBÃã3‚÷3CS“‚Ó#RÓ#ScBÓ ¦¶÷¦Æ÷w6¶•ó##U÷66–VçF–f–5÷&W÷'G2ÆfööE÷v7FUö‡–G&ö6†%ó#C2Ã"ÃC#‚Ãrãƒ3333332Ã‚ÃBãCSƒ33332Ã3rÆ‡–G&ö6†"Ã#CÃRãÃ#ƒ‚ãSÃSRã#Ã3ƒã3SSƒcC2ÇG'VRÂÆW‡W&–ÖVçFÅ÷V&Æ—6†W%÷7WÆVÖVçBÃã3‚÷3CS“‚Ó#RÓ#ScBÓ ¦¶÷¦Æ÷w6¶•ó##U÷66–VçF–f–5÷&W÷'G2ÆfööE÷v7FUö‡–G&ö6†%ó#C2Ã2ÃC#‚Ãrãƒ3333332Ã‚ÃBãCSƒ33332Ã3rÆ‡–G&ö6†"Ã#CÃRãÃ#“BãCÃSRã#Ã3ƒãcƒ“S#’ÇG'VRÂÆW‡W&–ÖVçFÅ÷V&Æ—6†W%÷7WÆVÖVçBÃã3‚÷3CS“‚Ó#RÓ#ScBÓ ¦¶÷¦Æ÷w6¶•ó##U÷66–VçF–f–5÷&W÷'G2ÆfööE÷v7FRÃÃC#’ÃrãƒsSÃ‚ÃBãCcƒsSÃ3rÆæöæRÂÃãÃ““rã“ÃSRã3Ã33rã#cSSƒ3ƒBÇG'VRÂÆW‡W&–ÖVçFÅ÷V&Æ—6†W%÷7WÆVÖVçBÃã3‚÷3CS“‚Ó#RÓ#ScBÓ ¦¶÷¦Æ÷w6¶•ó##U÷66–VçF–f–5÷&W÷'G2ÆfööE÷v7FRÃ"ÃC#’ÃrãƒsSÃ‚ÃBãCcƒsSÃ3rÆæöæRÂÃãÃ#ƒrãÃSRã3Ã3Srã3“ƒCƒƒ"ÇG'VRÂÆW‡W&–ÖVçFÅ÷V&Æ—6†W%÷7WÆVÖVçBÃã3‚÷3CS“‚Ó#RÓ#ScBÓ ¦¶÷¦Æ÷w6¶•ó##U÷66–VçF–f–5÷&W÷'G2ÆfööE÷v7FRÃ2ÃC#’ÃrãƒsSÃ‚ÃBãCcƒsSÃ3rÆæöæRÂÃãÃ#BãsÃSRã3Ã3cã3“s“CcCÇG'VRÂÆW‡W&–ÖVçFÅ÷V&Æ—6†W%÷7WÆVÖVçBÃã3‚÷3CS“‚Ó#RÓ#ScBÓ ¦¶÷¦Æ÷w6¶•ó##U÷66–VçF–f–5÷&W÷'G2ÆfööE÷v7FU÷F÷'&Vf7F–öåó#C2ÃÃC#’ÃrãƒsSÃ‚ÃBãCcƒsSÃ3rÇF÷'&Vf7F–öå÷&öGV7BÃ#CÃRãÃ##CRã#ÃSRã3Ã3“2ãCSƒsRÇG'VRÂÆW‡W&–ÖVçFÅ÷V&Æ—6†W%÷7WÆVÖVçBÃã3‚÷3CS“‚Ó#RÓ#ScBÓ ¦¶÷¦Æ÷w6¶•ó##U÷66–VçF–f–5÷&W÷'G2ÆfööE÷v7FU÷F÷'&Vf7F–öåó#C2Ã"ÃC#’ÃrãƒsSÃ‚ÃBãCcƒsSÃ3rÇF÷'&Vf7F–öå÷&öGV7BÃ#CÃRãÃCCRãsÃSRã3ÂÓ2ãCcs#3crÆfÇ6RÆW†6ÇVFVEög&öÕ÷V&Æ—6†W%öÖVã²–æ6öç6—7FVçE÷&u÷6–væÂÆW‡W&–ÖVçFÅ÷V&Æ—6†W%÷7WÆVÖVçBÃã3‚÷3CS“‚Ó#RÓ#ScBÓ ¦¶÷¦Æ÷w6¶•ó##U÷66–VçF–f–5÷&W÷'G2ÆfööE÷v7FU÷F÷'&Vf7F–öåó#C2Ã2ÃC#’ÃrãƒsSÃ‚ÃBãCcƒsSÃ3rÇF÷'&Vf7F–öå÷&öGV7BÃ#CÃRãÃ##S‚ã“ÃSRã3Ã3“bã#Cs3“S2ÇG'VRÂÆW‡W&–ÖVçFÅ÷V&Æ—6†W%÷7WÆVÖVçBÃã3‚÷3CS“‚Ó#RÓ#ScBÓ ¦¶÷¦Æ÷w6¶•ó##U÷66–VçF–f–5÷&W÷'G2ÆfööE÷v7FU÷—&öÇ—6—5óc2ÃÃC#’ÃrãƒsSÃ‚ÃBãCcƒsSÃ3rÆ&–ö6†"ÃcÃRãÃ#’ãÃSRã3Ã3cBãcSsCƒ’ÇG'VRÂÆW‡W&–ÖVçFÅ÷V&Æ—6†W%÷7WÆVÖVçBÃã3‚÷3CS“‚Ó#RÓ#ScBÓ ¦¶÷¦Æ÷w6¶•ó##U÷66–VçF–f–5÷&W÷'G2ÆfööE÷v7FU÷—&öÇ—6—5óc2Ã"ÃC#’ÃrãƒsSÃ‚ÃBãCcƒsSÃ3rÆ&–ö6†"ÃcÃRãÃ##‚ãSÃSRã3Ã3cbãssSsSsS2ÇG'VRÂÆW‡W&–ÖVçFÅ÷V&Æ—6†W%÷7WÆVÖVçBÃã3‚÷3CS“‚Ó#RÓ#ScBÓ ¦¶÷¦Æ÷w6¶•ó##U÷66–VçF–f–5÷&W÷'G2ÆfööE÷v7FU÷—&öÇ—6—5óc2Ã2ÃC#’ÃrãƒsSÃ‚ÃBãCcƒsSÃ3rÆ&–ö6†"ÃcÃRãÃƒsãƒÃSRã3Ã3‚ãSCc#cCs2ÆfÇ6RÆW†6ÇVFVEög&öÕ÷V&Æ—6†W%öÖVã²–æ6öç6—7FVçE÷&u÷6–væÂÆW‡W&–ÖVçFÅ÷V&Æ—6†W%÷7WÆVÖVçBÃã3‚÷3CS“‚Ó#RÓ#ScBÓ ¦¶÷¦Æ÷w6¶•ó##U÷66–VçF–f–5÷&W÷'G2ÆfööE÷v7FUö‡–G&ö6†%ó#C2ÃÃC#’ÃrãƒsSÃ‚ÃBãCcƒsSÃ3rÆ‡–G&ö6†"Ã#CÃRãÃ#“rã“ÃSRã3Ã3ƒ"ãCSs#sC2ÇG'VRÂÆW‡W&–ÖVçFÅ÷V&Æ—6†W%÷7WÆVÖVçBÃã3‚÷3CS“‚Ó#RÓ#ScBÓ ¦¶÷¦Æ÷w6¶•ó##U÷66–VçF–f–5÷&W÷'G2ÆfööE÷v7FUö‡–G&ö6†%ó#C2Ã"ÃC#’ÃrãƒsSÃ‚ÃBãCcƒsSÃ3rÆ‡–G&ö6†"Ã#CÃRãÃ#ƒ’ã3ÃSRã3Ã3ƒãSC33RÇG'VRÂÆW‡W&–ÖVçFÅ÷V&Æ—6†W%÷7WÆVÖVçBÃã3‚÷3CS“‚Ó#RÓ#ScBÓ ¦¶÷¦Æ÷w6¶•ó##U÷66–VçF–f–5÷&W÷'G2ÆfööE÷v7FUö‡–G&ö6†%ó#C2Ã2ÃC#’ÃrãƒsSÃ‚ÃBãCcƒsSÃ3rÆ‡–G&ö6†"Ã#CÃRãÃ#“BãsÃSRã3Ã3ƒãs3C#c“‚ÇG'VRÂÆW‡W&–ÖVçFÅ÷V&Æ—6†W%÷7WÆVÖVçBÃã3‚÷3CS“‚Ó#RÓ#ScBÓ ¦¶÷¦Æ÷w6¶•ó##U÷66–VçF–f–5÷&W÷'G2ÆfööE÷v7FRÃÃC3Ãrã“cccccrÃ‚ÃBãCs“cccrÃ3rÆæöæRÂÃãÃ““‚ã#ÃSRãCÃ33rã3ssSS2ÇG'VRÂÆW‡W&–ÖVçFÅ÷V&Æ—6†W%÷7WÆVÖVçBÃã3‚÷3CS“‚Ó#RÓ#ScBÓ ¦¶÷¦Æ÷w6¶•ó##U÷66–VçF–f–5÷&W÷'G2ÆfööE÷v7FRÃ"ÃC3Ãrã“cccccrÃ‚ÃBãCs“cccrÃ3rÆæöæRÂÃãÃ#ƒrã3ÃSRãCÃ3SrãCC3cs3SÇG'VRÂÆW‡W&–ÖVçFÅ÷V&Æ—6†W%÷7WÆVÖVçBÃã3‚÷3CS“‚Ó#RÓ#ScBÓ ¦¶÷¦Æ÷w6¶•ó##U÷66–VçF–f–5÷&W÷'G2ÆfööE÷v7FRÃ2ÃC3Ãrã“cccccrÃ‚ÃBãCs“cccrÃ3rÆæöæRÂÃãÃ#RãÃSRãCÃ3cãCC33ƒ’ÇG'VRÂÆW‡W&–ÖVçFÅ÷V&Æ—6†W%÷7WÆVÖVçBÃã3‚÷3CS“‚Ó#RÓ#ScBÓ ¦¶÷¦Æ÷w6¶•ó##U÷66–VçF–f–5÷&W÷'G2ÆfööE÷v7FU÷F÷'&Vf7F–öåó#C2ÃÃC3Ãrã“cccccrÃ‚ÃBãCs“cccrÃ3rÇF÷'&Vf7F–öå÷&öGV7BÃ#CÃRãÃ##CbãÃSRãCÃ3“2ã33#s“crÇG'VRÂÆW‡W&–ÖVçFÅ÷V&Æ—6†W%÷7WÆVÖVçBÃã3‚÷3CS“‚Ó#RÓ#ScBÓ ¦¶÷¦Æ÷w6¶•ó##U÷66–VçF–f–5÷&W÷'G2ÆfööE÷v7FU÷F÷'&Vf7F–öåó#C2Ã"ÃC3Ãrã“cccccrÃ‚ÃBãCs“cccrÃ3rÇF÷'&Vf7F–öå÷&öGV7BÃ#CÃRãÃCCbãSÃSRãCÂÓ2ã3ƒ“S#sbÆfÇ6RÆW†6ÇVFVEög&öÕ÷V&Æ—6†W%öÖVã²–æ6öç6—7FVçE÷&u÷6–væÂÆW‡W&–ÖVçFÅ÷V&Æ—6†W%÷7WÆVÖVçBÃã3‚÷3CS“‚Ó#RÓ#ScBÓ ¦¶÷¦Æ÷w6¶•ó##U÷66–VçF–f–5÷&W÷'G2ÆfööE÷v7FU÷F÷'&Vf7F–öåó#C2Ã2ÃC3Ãrã“cccccrÃ‚ÃBãCs“cccrÃ3rÇF÷'&Vf7F–öå÷&öGV7BÃ#CÃRãÃ##S’ã3ÃSRãCÃ3“bã3ƒS#srÇG'VRÂÆW‡W&–ÖVçFÅ÷V&Æ—6†W%÷7WÆVÖVçBÃã3‚÷3CS“‚Ó#RÓ#ScBÓ ¦¶÷¦Æ÷w6¶•ó##U÷66–VçF–f–5÷&W÷'G2ÆfööE÷v7FU÷—&öÇ—6—5óc2ÃÃC3Ãrã“cccccrÃ‚ÃBãCs“cccrÃ3rÆ&–ö6†"ÃcÃRãÃ#’ãSÃSRãCÃ3cBãs“S3Sc2ÇG'VRÂÆW‡W&–ÖVçFÅ÷V&Æ—6†W%÷7WÆVÖVçBÃã3‚÷3CS“‚Ó#RÓ#ScBÓ ¦¶÷¦Æ÷w6¶•ó##U÷66–VçF–f–5÷&W÷'G2ÆfööE÷v7FU÷—&öÇ—6—5óc2Ã"ÃC3Ãrã“cccccrÃ‚ÃBãCs“cccrÃ3rÆ&–ö6†"ÃcÃRãÃ##‚ã“ÃSRãCÃ3cbãƒC3SCSrÇG'VRÂÆW‡W&–ÖVçFÅ÷V&Æ—6†W%÷7WÆVÖVçBÃã3‚÷3CS“‚Ó#RÓ#ScBÓ ¦¶÷¦Æ÷w6¶•ó##U÷66–VçF–f–5÷&W÷'G2ÆfööE÷v7FU÷—&öÇ—6—5óc2Ã2ÃC3Ãrã“cccccrÃ‚ÃBãCs“cccrÃ3rÆ&–ö6†"ÃcÃRãÃƒsãÃSRãCÃ3‚ãScƒƒcS‚ÆfÇ6RÆW†6ÇVFVEög&öÕ÷V&Æ—6†W%öÖVã²–æ6öç6—7FVçE÷&u÷6–væÂÆW‡W&–ÖVçFÅ÷V&Æ—6†W%÷7WÆVÖVçBÃã3‚÷3CS“‚Ó#RÓ#ScBÓ ¦¶÷¦Æ÷w6¶•ó##U÷66–VçF–f–5÷&W÷'G2ÆfööE÷v7FUö‡–G&ö6†%ó#C2ÃÃC3Ãrã“cccccrÃ‚ÃBãCs“cccrÃ3rÆ‡–G&ö6†"Ã#CÃRãÃ#“‚ãcÃSRãCÃ3ƒ"ãS“#ƒC“ÇG'VRÂÆW‡W&–ÖVçFÅ÷V&Æ—6†W%÷7WÆVÖVçBÃã3‚÷3CS“‚Ó#RÓ#ScBÓ ¦¶÷¦Æ÷w6¶•ó##U÷66–VçF–f–5÷&W÷'G2ÆfööE÷v7FUö‡–G&ö6†%ó#C2Ã"ÃC3Ãrã“cccccrÃ‚ÃBãCs“cccrÃ3rÆ‡–G&ö6†"Ã#CÃRãÃ#“ãÃSRãCÃ3ƒãcC“ccC"ÇG'VRÂÆW‡W&–ÖVçFÅ÷V&Æ—6†W%÷7WÆVÖVçBÃã3‚÷3CS“‚Ó#RÓ#ScBÓ ¦¶÷¦Æ÷w6¶•ó##U÷66–VçF–f–5÷&W÷'G2ÆfööE÷v7FUö‡–G&ö6†%ó#C2Ã2ÃC3Ãrã“cccccrÃ‚ÃBãCs“cccrÃ3rÆ‡–G&ö6†"Ã#CÃRãÃ#“RãÃSRãCÃ3ƒãss“3“ƒcrÇG'VRÂÆW‡W&–ÖVçFÅ÷V&Æ—6†W%÷7WÆVÖVçBÃã3‚÷3CS“‚Ó#RÓ#ScBÓ ¦¶÷¦Æ÷w6¶•ó##U÷66–VçF–f–5÷&W÷'G2ÆfööE÷v7FRÃÃC3Ãrã“Sƒ33332Ã‚ÃBãCƒ“Sƒ332Ã3rÆæöæRÂÃãÃ““‚ãSÃSRãSÃ33rã3SS“cs#"ÇG'VRÂÆW‡W&–ÖVçFÅ÷V&Æ—6†W%÷7WÆVÖVçBÃã3‚÷3CS“‚Ó#RÓ#ScBÓ ¦¶÷¦Æ÷w6¶•ó##U÷66–VçF–f–5÷&W÷'G2ÆfööE÷v7FRÃ"ÃC3Ãrã“Sƒ33332Ã‚ÃBãCƒ“Sƒ332Ã3rÆæöæRÂÃãÃ#ƒrãcÃSRãSÃ3SrãCƒƒƒcS#ÇG'VRÂÆW‡W&–ÖVçFÅ÷V&Æ—6†W%÷7WÆVÖVçBÃã3‚÷3CS“‚Ó#RÓ#ScBÓ ¦¶÷¦Æ÷w6¶•ó##U÷66–VçF–f–5÷&W÷'G2ÆfööE÷v7FRÃ2ÃC3Ãrã“Sƒ33332Ã‚ÃBãCƒ“Sƒ332Ã3rÆæöæRÂÃãÃ#RãCÃSRãSÃ3cãS“#Sc2ÇG'VRÂÆW‡W&–ÖVçFÅ÷V&Æ—6†W%÷7WÆVÖVçBÃã3‚÷3CS“‚Ó#RÓ#ScBÓ ¦¶÷¦Æ÷w6¶•ó##U÷66–VçF–f–5÷&W÷'G2ÆfööE÷v7FU÷F÷'&Vf7F–öåó#C2ÃÃC3Ãrã“Sƒ33332Ã‚ÃBãCƒ“Sƒ332Ã3rÇF÷'&Vf7F–öå÷&öGV7BÃ#CÃRãÃ##CbãƒÃSRãSÃ3“2ãCcCSS’ÇG'VRÂÆW‡W&–ÖVçFÅ÷V&Æ—6†W%÷7WÆVÖVçBÃã3‚÷3CS“‚Ó#RÓ#ScBÓ ¦¶÷¦Æ÷w6¶•ó##U÷66–VçF–f–5÷&W÷'G2ÆfööE÷v7FU÷F÷'&Vf7F–öåó#C2Ã"ÃC3Ãrã“Sƒ33332Ã‚ÃBãCƒ“Sƒ332Ã3rÇF÷'&Vf7F–öå÷&öGV7BÃ#CÃRãÃCCrã3ÃSRãSÂÓ2ãSsƒƒBÆfÇ6RÆW†6ÇVFVEög&öÕ÷V&Æ—6†W%öÖVã²–æ6öç6—7FVçE÷&u÷6–væÂÆW‡W&–ÖVçFÅ÷V&Æ—6†W%÷7WÆVÖVçBÃã3‚÷3CS“‚Ó#RÓ#ScBÓ ¦¶÷¦Æ÷w6¶•ó##U÷66–VçF–f–5÷&W÷'G2ÆfööE÷v7FU÷F÷'&Vf7F–öåó#C2Ã2ÃC3Ãrã“Sƒ33332Ã‚ÃBãCƒ“Sƒ332Ã3rÇF÷'&Vf7F–öå÷&öGV7BÃ#CÃRãÃ##S’ãsÃSRãSÃ3“bã3sc3CcÇG'VRÂÆW‡W&–ÖVçFÅ÷V&Æ—6†W%÷7WÆVÖVçBÃã3‚÷3CS“‚Ó#RÓ#ScBÓ ¦¶÷¦Æ÷w6¶•ó##U÷66–VçF–f–5÷&W÷'G2ÆfööE÷v7FU÷—&öÇ—6—5óc2ÃÃC3Ãrã“Sƒ33332Ã‚ÃBãCƒ“Sƒ332Ã3rÆ&–ö6†"ÃcÃRãÃ#’ã“ÃSRãSÃ3cBãsƒs3#3bÇG'VRÂÆW‡W&–ÖVçFÅ÷V&Æ—6†W%÷7WÆVÖVçBÃã3‚÷3CS“‚Ó#RÓ#ScBÓ ¦¶÷¦Æ÷w6¶•ó##U÷66–VçF–f–5÷&W÷'G2ÆfööE÷v7FU÷—&öÇ—6—5óc2Ã"ÃC3Ãrã“Sƒ33332Ã‚ÃBãCƒ“Sƒ332Ã3rÆ&–ö6†"ÃcÃRãÃ##’ãCÃSRãSÃ3cbã“33“#ƒCRÇG'VRÂÆW‡W&–ÖVçFÅ÷V&Æ—6†W%÷7WÆVÖVçBÃã3‚÷3CS“‚Ó#RÓ#ScBÓ ¦¶÷¦Æ÷w6¶•ó##U÷66–VçF–f–5÷&W÷'G2ÆfööE÷v7FU÷—&öÇ—6—5óc2Ã2ÃC3Ãrã“Sƒ33332Ã‚ÃBãCƒ“Sƒ332Ã3rÆ&–ö6†"ÃcÃRãÃƒsã3ÃSRãSÃ3‚ãcCS##rÆfÇ6RÆW†6ÇVFVEög&öÕ÷V&Æ—6†W%öÖVã²–æ6öç6—7FVçE÷&u÷6–væÂÆW‡W&–ÖVçFÅ÷V&Æ—6†W%÷7WÆVÖVçBÃã3‚÷3CS“‚Ó#RÓ#ScBÓ ¦¶÷¦Æ÷w6¶•ó##U÷66–VçF–f–5÷&W÷'G2ÆfööE÷v7FUö‡–G&ö6†%ó#C2ÃÃC3Ãrã“Sƒ33332Ã‚ÃBãCƒ“Sƒ332Ã3rÆ‡–G&ö6†"Ã#CÃRãÃ#“’ã3ÃSRãSÃ3ƒ"ãs#ƒC#CrÇG'VRÂÆW‡W&–ÖVçFÅ÷V&Æ—6†W%÷7WÆVÖVçBÃã3‚÷3CS“‚Ó#RÓ#ScBÓ ¦¶÷¦Æ÷w6¶•ó##U÷66–VçF–f–5÷&W÷'G2ÆfööE÷v7FUö‡–G&ö6†%ó#C2Ã"ÃC3Ãrã“Sƒ33332Ã‚ÃBãCƒ“Sƒ332Ã3rÆ‡–G&ö6†"Ã#CÃRãÃ#“ãsÃSRãSÃ3ƒãsƒSƒC’ÇG'VRÂÆW‡W&–ÖVçFÅ÷V&Æ—6†W%÷7WÆVÖVçBÃã3‚÷3CS“‚Ó#RÓ#ScBÓ ¦¶÷¦Æ÷w6¶•ó##U÷66–VçF–f–5÷&W÷'G2ÆfööE÷v7FUö‡–G&ö6†%ó#C2Ã2ÃC3Ãrã“Sƒ33332Ã‚ÃBãCƒ“Sƒ332Ã3rÆ‡–G&ö6†"Ã#CÃRãÃ#“RãCÃSRãSÃ3ƒãƒCsƒc#ÇG'VRÂÆW‡W&–ÖVçFÅ÷V&Æ—6†W%÷7WÆVÖVçBÃã3‚÷3CS“‚Ó#RÓ#ScBÓ ¦¶÷¦Æ÷w6¶•ó##U÷66–VçF–f–5÷&W÷'G2ÆfööE÷v7FRÃÃC3"Ã‚ãÃ‚ÃBãSÃ3rÆæöæRÂÃãÃ““‚ãƒÃSRãcÃ33rãCSƒ“ÇG'VRÂÆW‡W&–ÖVçFÅ÷V&Æ—6†W%÷7WÆVÖVçBÃã3‚÷3CS“‚Ó#RÓ#ScBÓ ¦¶÷¦Æ÷w6¶•ó##U÷66–VçF–f–5÷&W÷'G2ÆfööE÷v7FRÃ"ÃC3"Ã‚ãÃ‚ÃBãSÃ3rÆæöæRÂÃãÃ#ƒrã“ÃSRãcÃ3SrãS3CScƒ’ÇG'VRÂÆW‡W&–ÖVçFÅ÷V&Æ—6†W%÷7WÆVÖVçBÃã3‚÷3CS“‚Ó#RÓ#ScBÓ ¦¶÷¦Æ÷w6¶•ó##U÷66–VçF–f–5÷&W÷'G2ÆfööE÷v7FRÃ2ÃC3"Ã‚ãÃ‚ÃBãSÃ3rÆæöæRÂÃãÃ#RãsÃSRãcÃ3cãSScs3"ÇG'VRÂÆW‡W&–ÖVçFÅ÷V&Æ—6†W%÷7WÆVÖVçBÃã3‚÷3CS“‚Ó#RÓ#ScBÓ ¦¶÷¦Æ÷w6¶•ó##U÷66–VçF–f–5÷&W÷'G2ÆfööE÷v7FU÷F÷'&Vf7F–öåó#C2ÃÃC3"Ã‚ãÃ‚ÃBãSÃ3rÇF÷'&Vf7F–öå÷&öGV7BÃ#CÃRãÃ##CrãsÃSRãcÃ3“2ãcC##s3RÇG'VRÂÆW‡W&–ÖVçFÅ÷V&Æ—6†W%÷7WÆVÖVçBÃã3‚÷3CS“‚Ó#RÓ#ScBÓ ¦¶÷¦Æ÷w6¶•ó##U÷66–VçF–f–5÷&W÷'G2ÆfööE÷v7FU÷F÷'&Vf7F–öåó#C2Ã"ÃC3"Ã‚ãÃ‚ÃBãSÃ3rÇF÷'&Vf7F–öå÷&öGV7BÃ#CÃRãÃCC‚ãÃSRãcÂÓ"ã““#c“2ÆfÇ6RÆW†6ÇVFVEög&öÕ÷V&Æ—6†W%öÖVã²–æ6öç6—7FVçE÷&u÷6–væÂÆW‡W&–ÖVçFÅ÷V&Æ—6†W%÷7WÆVÖVçBÃã3‚÷3CS“‚Ó#RÓ#ScBÓ ¦¶÷¦Æ÷w6¶•ó##U÷66–VçF–f–5÷&W÷'G2ÆfööE÷v7FU÷F÷'&Vf7F–öåó#C2Ã2ÃC3"Ã‚ãÃ‚ÃBãSÃ3rÇF÷'&Vf7F–öå÷&öGV7BÃ#CÃRãÃ##cãÃSRãcÃ3“bãCCC#BÇG'VRÂÆW‡W&–ÖVçFÅ÷V&Æ—6†W%÷7WÆVÖVçBÃã3‚÷3CS“‚Ó#RÓ#ScBÓ ¦¶÷¦Æ÷w6¶•ó##U÷66–VçF–f–5÷&W÷'G2ÆfööE÷v7FU÷—&öÇ—6—5óc2ÃÃC3"Ã‚ãÃ‚ÃBãSÃ3rÆ&–ö6†"ÃcÃRãÃ##ã#ÃSRãcÃ3cBãƒ3#SCƒRÇG'VRÂÆW‡W&–ÖVçFÅ÷V&Æ—6†W%÷7WÆVÖVçBÃã3‚÷3CS“‚Ó#RÓ#ScBÓ ¦¶÷¦Æ÷w6¶•ó##U÷66–VçF–f–5÷&W÷'G2ÆfööE÷v7FU÷—&öÇ—6—5óc2Ã"ÃC3"Ã‚ãÃ‚ÃBãSÃ3rÆ&–ö6†"ÃcÃRãÃ##’ãƒÃSRãcÃ3crãsS“‚ÇG'VRÂÆW‡W&–ÖVçFÅ÷V&Æ—6†W%÷7WÆVÖVçBÃã3‚÷3CS“‚Ó#RÓ#ScBÓ ¦¶÷¦Æ÷w6¶•ó##U÷66–VçF–f–5÷&W÷'G2ÆfööE÷v7FU÷—&öÇ—6—5óc2Ã2ÃC3"Ã‚ãÃ‚ÃBãSÃ3rÆ&–ö6†"ÃcÃRãÃƒsãcÃSRãcÃ3‚ãcS“#C3“bÆfÇ6RÆW†6ÇVFVEög&öÕ÷V&Æ—6†W%öÖVã²–æ6öç6—7FVçE÷&u÷6–væÂÆW‡W&–ÖVçFÅ÷V&Æ—6†W%÷7WÆVÖVçBÃã3‚÷3CS“‚Ó#RÓ#ScBÓ ¦¶÷¦Æ÷w6¶•ó##U÷66–VçF–f–5÷&W÷'G2ÆfööE÷v7FUö‡–G&ö6†%ó#C2ÃÃC3"Ã‚ãÃ‚ÃBãSÃ3rÆ‡–G&ö6†"Ã#CÃRãÃ##ãÃSRãcÃ3ƒ"ãƒƒcS“S‚ÇG'VRÂÆW‡W&–ÖVçFÅ÷V&Æ—6†W%÷7WÆVÖVçBÃã3‚÷3CS“‚Ó#RÓ#ScBÓ ¦¶÷¦Æ÷w6¶•ó##U÷66–VçF–f–5÷&W÷'G2ÆfööE÷v7FUö‡–G&ö6†%ó#C2Ã"ÃC3"Ã‚ãÃ‚ÃBãSÃ3rÆ‡–G&ö6†"Ã#CÃRãÃ#“ãSÃSRãcÃ3ƒã“C33S#CÇG'VRÂÆW‡W&–ÖVçFÅ÷V&Æ—6†W%÷7WÆVÖVçBÃã3‚÷3CS“‚Ó#RÓ#ScBÓ ¦¶÷¦Æ÷w6¶•ó##U÷66–VçF–f–5÷&W÷'G2ÆfööE÷v7FUö‡–G&ö6†%ó#C2Ã2ÃC3"Ã‚ãÃ‚ÃBãSÃ3rÆ‡–G&ö6†"Ã#CÃRãÃ#“RãsÃSRãcÃ3ƒãƒ“#3ss“ÇG'VRÂÆW‡W&–ÖVçFÅ÷V&Æ—6†W%÷7WÆVÖVçBÃã3‚÷3CS“‚Ó#RÓ#ScBÓ ¦¶÷¦Æ÷w6¶•ó##U÷66–VçF–f–5÷&W÷'G2ÆfööE÷v7FRÃÃC32Ã‚ãCccccrÃ‚ÃBãSCccrÃ3rÆæöæRÂÃãÃ““’ãÃSRãsÃ33rãCCc3ScÇG'VRÂÆW‡W&–ÖVçFÅ÷V&Æ—6†W%÷7WÆVÖVçBÃã3‚÷3CS“‚Ó#RÓ#ScBÓ ¦¶÷¦Æ÷w6¶•ó##U÷66–VçF–f–5÷&W÷'G2ÆfööE÷v7FRÃ"ÃC32Ã‚ãCccccrÃ‚ÃBãSCccrÃ3rÆæöæRÂÃãÃ#ƒ‚ã#ÃSRãsÃ3SrãSs“#CƒS‚ÇG'VRÂÆW‡W&–ÖVçFÅ÷V&Æ—6†W%÷7WÆVÖVçBÃã3‚÷3CS“‚Ó#RÓ#ScBÓ ¦¶÷¦Æ÷w6¶•ó##U÷66–VçF–f–5÷&W÷'G2ÆfööE÷v7FRÃ2ÃC32Ã‚ãCccccrÃ‚ÃBãSCccrÃ3rÆæöæRÂÃãÃ#bãÃSRãsÃ3cãc3“ÇG'VRÂÆW‡W&–ÖVçFÅ÷V&Æ—6†W%÷7WÆVÖVçBÃã3‚÷3CS“‚Ó#RÓ#ScBÓ ¦¶÷¦Æ÷w6¶•ó##U÷66–VçF–f–5÷&W÷'G2ÆfööE÷v7FU÷F÷'&Vf7F–öåó#C2ÃÃC32Ã‚ãCccccrÃ‚ÃBãSCccrÃ3rÇF÷'&Vf7F–öå÷&öGV7BÃ#CÃRãÃ##C‚ãSÃSRãsÃ3“2ãƒ3ƒƒ#bÇG'VRÂÆW‡W&–ÖVçFÅ÷V&Æ—6†W%÷7WÆVÖVçBÃã3‚÷3CS“‚Ó#RÓ#ScBÓ ¦¶÷¦Æ÷w6¶•ó##U÷66–VçF–f–5÷&W÷'G2ÆfööE÷v7FU÷F÷'&Vf7F–öåó#C2Ã"ÃC32Ã‚ãCccccrÃ‚ÃBãSCccrÃ3rÇF÷'&Vf7F–öå÷&öGV7BÃ#CÃRãÃCC‚ã“ÃSRãsÂÓ"ãƒ3CCCÆfÇ6RÆW†6ÇVFVEög&öÕ÷V&Æ—6†W%öÖVã²–æ6öç6—7FVçE÷&u÷6–væÂÆW‡W&–ÖVçFÅ÷V&Æ—6†W%÷7WÆVÖVçBÃã3‚÷3CS“‚Ó#RÓ#ScBÓ ¦¶÷¦Æ÷w6¶•ó##U÷66–VçF–f–5÷&W÷'G2ÆfööE÷v7FU÷F÷'&Vf7F–öåó#C2Ã2ÃC32Ã‚ãCccccrÃ‚ÃBãSCccrÃ3rÇF÷'&Vf7F–öå÷&öGV7BÃ#CÃRãÃ##cãSÃSRãsÃ3“bãSƒƒ“crÇG'VRÂÆW‡W&–ÖVçFÅ÷V&Æ—6†W%÷7WÆVÖVçBÃã3‚÷3CS“‚Ó#RÓ#ScBÓ ¦¶÷¦Æ÷w6¶•ó##U÷66–VçF–f–5÷&W÷'G2ÆfööE÷v7FU÷—&öÇ—6—5óc2ÃÃC32Ã‚ãCccccrÃ‚ÃBãSCccrÃ3rÆ&–ö6†"ÃcÃRãÃ##ãcÃSRãsÃ3cBã“3#3’ÇG'VRÂÆW‡W&–ÖVçFÅ÷V&Æ—6†W%÷7WÆVÖVçBÃã3‚÷3CS“‚Ó#RÓ#ScBÓ ¦¶÷¦Æ÷w6¶•ó##U÷66–VçF–f–5÷&W÷'G2ÆfööE÷v7FU÷—&öÇ—6—5óc2Ã"ÃC32Ã‚ãCccccrÃ‚ÃBãSCccrÃ3rÆ&–ö6†"ÃcÃRãÃ#3ã#ÃSRãsÃ3crãc“S3S"ÇG'VRÂÆW‡W&–ÖVçFÅ÷V&Æ—6†W%÷7WÆVÖVçBÃã3‚÷3CS“‚Ó#RÓ#ScBÓ ¦¶÷¦Æ÷w6¶•ó##U÷66–VçF–f–5÷&W÷'G2ÆfööE÷v7FU÷—&öÇ—6—5óc2Ã2ÃC32Ã‚ãCccccrÃ‚ÃBãSCccrÃ3rÆ&–ö6†"ÃcÃRãÃƒsãƒÃSRãsÃ3‚ãcƒƒ3“ƒÆfÇ6RÆW†6ÇVFVEög&öÕ÷V&Æ—6†W%öÖVã²–æ6öç6—7FVçE÷&u÷6–væÂÆW‡W&–ÖVçFÅ÷V&Æ—6†W%÷7WÆVÖVçBÃã3‚÷3CS“‚Ó#RÓ#ScBÓ ¦¶÷¦Æ÷w6¶•ó##U÷66–VçF–f–5÷&W÷'G2ÆfööE÷v7FUö‡–G&ö6†%ó#C2ÃÃC32Ã‚ãCccccrÃ‚ÃBãSCccrÃ3rÆ‡–G&ö6†"Ã#CÃRãÃ##ãƒÃSRãsÃ3ƒ2ã##sRÇG'VRÂÆW‡W&–ÖVçFÅ÷V&Æ—6†W%÷7WÆVÖVçBÃã3‚÷3CS“‚Ó#RÓ#ScBÓ ¦¶÷¦Æ÷w6¶•ó##U÷66–VçF–f–5÷&W÷'G2ÆfööE÷v7FUö‡–G&ö6†%ó#C2Ã"ÃC32Ã‚ãCccccrÃ‚ÃBãSCccrÃ3rÆ‡–G&ö6†"Ã#CÃRãÃ#“"ã#ÃSRãsÃ3ƒãsƒ“#sC‚ÇG'VRÂÆW‡W&–ÖVçFÅ÷V&Æ—6†W%÷7WÆVÖVçBÃã3‚÷3CS“‚Ó#RÓ#ScBÓ ¦¶÷¦Æ÷w6¶•ó##U÷66–VçF–f–5÷&W÷'G2ÆfööE÷v7FUö‡–G&ö6†%ó#C2Ã2ÃC32Ã‚ãCccccrÃ‚ÃBãSCccrÃ3rÆ‡–G&ö6†"Ã#CÃRãÃ#“bãÃSRãsÃ3ƒã“3sSc“S’ÇG'VRÂÆW‡W&–ÖVçFÅ÷V&Æ—6†W%÷7WÆVÖVçBÃã3‚÷3CS“‚Ó#RÓ#ScBÓ ¦¶÷¦Æ÷w6¶•ó##U÷66–VçF–f–5÷&W÷'G2ÆfööE÷v7FRÃÃC3BÃ‚ãƒ333332Ã‚ÃBãS#ƒ3332Ã3rÆæöæRÂÃãÃ““’ãCÃSRãƒÃ33rãC“SC##’ÇG'VRÂÆW‡W&–ÖVçFÅ÷V&Æ—6†W%÷7WÆVÖVçBÃã3‚÷3CS“‚Ó#RÓ#ScBÓ ¦¶÷¦Æ÷w6¶•ó##U÷66–VçF–f–5÷&W÷'G2ÆfööE÷v7FRÃ"ÃC3BÃ‚ãƒ333332Ã‚ÃBãS#ƒ3332Ã3rÆæöæRÂÃãÃ#ƒ‚ãSÃSRãƒÃ3Srãc#CCC#rÇG'VRÂÆW‡W&–ÖVçFÅ÷V&Æ—6†W%÷7WÆVÖVçBÃã3‚÷3CS“‚Ó#RÓ#ScBÓ ¦¶÷¦Æ÷w6¶•ó##U÷66–VçF–f–5÷&W÷'G2ÆfööE÷v7FRÃ2ÃC3BÃ‚ãƒ333332Ã‚ÃBãS#ƒ3332Ã3rÆæöæRÂÃãÃ#bãCÃSRãƒÃ3cãcc““cSBÇG'VRÂÆW‡W&–ÖVçFÅ÷V&Æ—6†W%÷7WÆVÖVçBÃã3‚÷3CS“‚Ó#RÓ#ScBÓ ¦¶÷¦Æ÷w6¶•ó##U÷66–VçF–f–5÷&W÷'G2ÆfööE÷v7FU÷F÷'&Vf7F–öåó#C2ÃÃC3BÃ‚ãƒ333332Ã‚ÃBãS#ƒ3332Ã3rÇF÷'&Vf7F–öå÷&öGV7BÃ#CÃRãÃ##C’ã3ÃSRãƒÃ3“2ã“SƒSS“‚ÇG'VRÂÆW‡W&–ÖVçFÅ÷V&Æ—6†W%÷7WÆVÖVçBÃã3‚÷3CS“‚Ó#RÓ#ScBÓ ¦¶÷¦Æ÷w6¶•ó##U÷66–VçF–f–5÷&W÷'G2ÆfööE÷v7FU÷F÷'&Vf7F–öåó#C2Ã"ÃC3BÃ‚ãƒ333332Ã‚ÃBãS#ƒ3332Ã3rÇF÷'&Vf7F–öå÷&öGV7BÃ#CÃRãÃCC’ãsÃSRãƒÂÓ"ãcsc#c“ÆfÇ6RÆW†6ÇVFVEög&öÕ÷V&Æ—6†W%öÖVã²–æ6öç6—7FVçE÷&u÷6–væÂÆW‡W&–ÖVçFÅ÷V&Æ—6†W%÷7WÆVÖVçBÃã3‚÷3CS“‚Ó#RÓ#ScBÓ ¦¶÷¦Æ÷w6¶•ó##U÷66–VçF–f–5÷&W÷'G2ÆfööE÷v7FU÷F÷'&Vf7F–öåó#C2Ã2ÃC3BÃ‚ãƒ333332Ã‚ÃBãS#ƒ3332Ã3rÇF÷'&Vf7F–öå÷&öGV7BÃ#CÃRãÃ##cã“ÃSRãƒÃ3“bãSs“css#ÇG'VRÂÆW‡W&–ÖVçFÅ÷V&Æ—6†W%÷7WÆVÖVçBÃã3‚÷3CS“‚Ó#RÓ#ScBÓ ¦¶÷¦Æ÷w6¶•ó##U÷66–VçF–f–5÷&W÷'G2ÆfööE÷v7FU÷—&öÇ—6—5óc2ÃÃC3BÃ‚ãƒ333332Ã‚ÃBãS#ƒ3332Ã3rÆ&–ö6†"ÃcÃRãÃ##ãÃSRãƒÃ3cBã“cƒƒ““"ÇG'VRÂÆW‡W&–ÖVçFÅ÷V&Æ—6†W%÷7WÆVÖVçBÃã3‚÷3CS“‚Ó#RÓ#ScBÓ ¦¶÷¦Æ÷w6¶•ó##U÷66–VçF–f–5÷&W÷'G2ÆfööE÷v7FU÷—&öÇ—6—5óc2Ã"ÃC3BÃ‚ãƒ333332Ã‚ÃBãS#ƒ3332Ã3rÆ&–ö6†"ÃcÃRãÃ#3ãsÃSRãƒÃ3crãS“ƒƒc“ÇG'VRÂÆW‡W&–ÖVçFÅ÷V&Æ—6†W%÷7WÆVÖVçBÃã3‚÷3CS“‚Ó#RÓ#ScBÓ ¦¶÷¦Æ÷w6¶•ó##U÷66–VçF–f–5÷&W÷'G2ÆfööE÷v7FU÷—&öÇ—6—5óc2Ã2ÃC3BÃ‚ãƒ333332Ã‚ÃBãS#ƒ3332Ã3rÆ&–ö6†"ÃcÃRãÃƒs"ãÃSRãƒÃ3‚ãs#s3C’ÆfÇ6RÆW†6ÇVFVEög&öÕ÷V&Æ—6†W%öÖVã²–æ6öç6—7FVçE÷&u÷6–væÂÆW‡W&–ÖVçFÅ÷V&Æ—6†W%÷7WÆVÖVçBÃã3‚÷3CS“‚Ó#RÓ#ScBÓ ¦¶÷¦Æ÷w6¶•ó##U÷66–VçF–f–5÷&W÷'G2ÆfööE÷v7FUö‡–G&ö6†%ó#C2ÃÃC3BÃ‚ãƒ333332Ã‚ÃBãS#ƒ3332Ã3rÆ‡–G&ö6†"Ã#CÃRãÃ##ãSÃSRãƒÃ3ƒ2ãSssCS#"ÇG'VRÂÆW‡W&–ÖVçFÅ÷V&Æ—6†W%÷7WÆVÖVçBÃã3‚÷3CS“‚Ó#RÓ#ScBÓ ¦¶÷¦Æ÷w6¶•ó##U÷66–VçF–f–5÷&W÷'G2ÆfööE÷v7FUö‡–G&ö6†%ó#C2Ã"ÃC3BÃ‚ãƒ333332Ã‚ÃBãS#ƒ3332Ã3rÆ‡–G&ö6†"Ã#CÃRãÃ#“"ã“ÃSRãƒÃ3ƒã#CS#SRÇG'VRÂÆW‡W&–ÖVçFÅ÷V&Æ—6†W%÷7WÆVÖVçBÃã3‚÷3CS“‚Ó#RÓ#ScBÓ ¦¶÷¦Æ÷w6¶•ó##U÷66–VçF–f–5÷&W÷'G2ÆfööE÷v7FUö‡–G&ö6†%ó#C2Ã2ÃC3BÃ‚ãƒ333332Ã‚ÃBãS#ƒ3332Ã3rÆ‡–G&ö6†"Ã#CÃRãÃ#“bãCÃSRãƒÃ3ƒ"ãS3Ss"ÇG'VRÂÆW‡W&–ÖVçFÅ÷V&Æ—6†W%÷7WÆVÖVçBÃã3‚÷3CS“‚Ó#RÓ#ScBÓ ¦¶÷¦Æ÷w6¶•ó##U÷66–VçF–f–5÷&W÷'G2ÆfööE÷v7FRÃÃC3RÃ‚ã#SÃ‚ÃBãS3#SÃ3rÆæöæRÂÃãÃ““’ãsÃSRã“Ã33rãS3cs33“‚ÇG'VRÂÆW‡W&–ÖVçFÅ÷V&Æ—6†W%÷7WÆVÖVçBÃã3‚÷3CS“‚Ó#RÓ#ScBÓ ¦¶÷¦Æ÷w6¶•ó##U÷66–VçF–f–5÷&W÷'G2ÆfööE÷v7FRÃ"ÃC3RÃ‚ã#SÃ‚ÃBãS3#SÃ3rÆæöæRÂÃãÃ#ƒ‚ãƒÃSRã“Ã3Srãcc“c3“bÇG'VRÂÆW‡W&–ÖVçFÅ÷V&Æ—6†W%÷7WÆVÖVçBÃã3‚÷3CS“‚Ó#RÓ#ScBÓ ¦¶÷¦Æ÷w6¶•ó##U÷66–VçF–f–5÷&W÷'G2ÆfööE÷v7FRÃ2ÃC3RÃ‚ã#SÃ‚ÃBãS3#SÃ3rÆæöæRÂÃãÃ#bãsÃSRã“Ã3cãsC#ƒƒ#2ÇG'VRÂÆW‡W&–ÖVçFÅ÷V&Æ—6†W%÷7WÆVÖVçBÃã3‚÷3CS“‚Ó#RÓ#ScBÓ ¦¶÷¦Æ÷w6¶•ó##U÷66–VçF–f–5÷&W÷'G2ÆfööE÷v7FU÷F÷'&Vf7F–öåó#C2ÃÃC3RÃ‚ã#SÃ‚ÃBãS3#SÃ3rÇF÷'&Vf7F–öå÷&öGV7BÃ#CÃRãÃ##Sã#ÃSRã“Ã3“Bã3“3#S“BÇG'VRÂÆW‡W&–ÖVçFÅ÷V&Æ—6†W%÷7WÆVÖVçBÃã3‚÷3CS“‚Ó#RÓ#ScBÓ ¦¶÷¦Æ÷w6¶•ó##U÷66–VçF–f–5÷&W÷'G2ÆfööE÷v7FU÷F÷'&Vf7F–öåó#C2Ã"ÃC3RÃ‚ã#SÃ‚ÃBãS3#SÃ3rÇF÷'&Vf7F–öå÷&öGV7BÃ#CÃRãÃCSãSÃSRã“ÂÓ"ãSƒ“ƒ‚ÆfÇ6RÆW†6ÇVFVEög&öÕ÷V&Æ—6†W%öÖVã²–æ6öç6—7FVçE÷&u÷6–væÂÆW‡W&–ÖVçFÅ÷V&Æ—6†W%÷7WÆVÖVçBÃã3‚÷3CS“‚Ó#RÓ#ScBÓ ¦¶÷¦Æ÷w6¶•ó##U÷66–VçF–f–5÷&W÷'G2ÆfööE÷v7FU÷F÷'&Vf7F–öåó#C2Ã2ÃC3RÃ‚ã#SÃ‚ÃBãS3#SÃ3rÇF÷'&Vf7F–öå÷&öGV7BÃ#CÃRãÃ##cã3ÃSRã“Ã3“bãcCsCcCsBÇG'VRÂÆW‡W&–ÖVçFÅ÷V&Æ—6†W%÷7WÆVÖVçBÃã3‚÷3CS“‚Ó#RÓ#ScBÓ ¦¶÷¦Æ÷w6¶•ó##U÷66–VçF–f–5÷&W÷'G2ÆfööE÷v7FU÷—&öÇ—6—5óc2ÃÃC3RÃ‚ã#SÃ‚ÃBãS3#SÃ3rÆ&–ö6†"ÃcÃRãÃ##ã3ÃSRã“Ã3cRã3#ƒcÇG'VRÂÆW‡W&–ÖVçFÅ÷V&Æ—6†W%÷7WÆVÖVçBÃã3‚÷3CS“‚Ó#RÓ#ScBÓ ¦¶÷¦Æ÷w6¶•ó##U÷66–VçF–f–5÷&W÷'G2ÆfööE÷v7FU÷—&öÇ—6—5óc2Ã"ÃC3RÃ‚ã#SÃ‚ÃBãS3#SÃ3rÆ&–ö6†"ÃcÃRãÃ#3ãÃSRã“Ã3crã##scsCC2ÇG'VRÂÆW‡W&–ÖVçFÅ÷V&Æ—6†W%÷7WÆVÖVçBÃã3‚÷3CS“‚Ó#RÓ#ScBÓ ¦¶÷¦Æ÷w6¶•ó##U÷66–VçF–f–5÷&W÷'G2ÆfööE÷v7FU÷—&öÇ—6—5óc2Ã2ÃC3RÃ‚ã#SÃ‚ÃBãS3#SÃ3rÆ&–ö6†"ÃcÃRãÃƒs"ãCÃSRã“Ã3‚ãss###3‚ÆfÇ6RÆW†6ÇVFVEög&öÕ÷V&Æ—6†W%öÖVã²–æ6öç6—7FVçE÷&u÷6–væÂÆW‡W&–ÖVçFÅ÷V&Æ—6†W%÷7WÆVÖVçBÃã3‚÷3CS“‚Ó#RÓ#ScBÓ ¦¶÷¦Æ÷w6¶•ó##U÷66–VçF–f–5÷&W÷'G2ÆfööE÷v7FUö‡–G&ö6†%ó#C2ÃÃC3RÃ‚ã#SÃ‚ÃBãS3#SÃ3rÆ‡–G&ö6†"Ã#CÃRãÃ##"ã3ÃSRã“Ã3ƒ2ã3S“cBÇG'VRÂÆW‡W&–ÖVçFÅ÷V&Æ—6†W%÷7WÆVÖVçBÃã3‚÷3CS“‚Ó#RÓ#ScBÓ ¦¶÷¦Æ÷w6¶•ó##U÷66–VçF–f–5÷&W÷'G2ÆfööE÷v7FUö‡–G&ö6†%ó#C2Ã"ÃC3RÃ‚ã#SÃ‚ÃBãS3#SÃ3rÆ‡–G&ö6†"Ã#CÃRãÃ#“2ãsÃSRã“Ã3ƒã3s#cs3CbÇG'VRÂÆW‡W&–ÖVçFÅ÷V&Æ—6†W%÷7WÆVÖVçBÃã3‚÷3CS“‚Ó#RÓ#ScBÓ ¦¶÷¦Æ÷w6¶•ó##U÷66–VçF–f–5÷&W÷'G2ÆfööE÷v7FUö‡–G&ö6†%ó#C2Ã2ÃC3RÃ‚ã#SÃ‚ÃBãS3#SÃ3rÆ‡–G&ö6†"Ã#CÃRãÃ#“bãsÃSRã“Ã3ƒ"ãSSCƒƒÇG'VRÂÆW‡W&–ÖVçFÅ÷V&Æ—6†W%÷7WÆVÖVçBÃã3‚÷3CS“‚Ó#RÓ#ScBÓ ¦¶÷¦Æ÷w6¶•ó##U÷66–VçF–f–5÷&W÷'G2ÆfööE÷v7FRÃÃC3bÃ‚ãccccccrÃ‚ÃBãSCccccrÃ3rÆæöæRÂÃãÃ#ãÃSbãÃ33rãSƒ“#ScrÇG'VRÂÆW‡W&–ÖVçFÅ÷V&Æ—6†W%÷7WÆVÖVçBÃã3‚÷3CS“‚Ó#RÓ#ScBÓ ¦¶÷¦Æ÷w6¶•ó##U÷66–VçF–f–5÷&W÷'G2ÆfööE÷v7FRÃ"ÃC3bÃ‚ãccccccrÃ‚ÃBãSCccccrÃ3rÆæöæRÂÃãÃ#ƒ’ãÃSbãÃ3SrãsCƒ#3cRÇG'VRÂÆW‡W&–ÖVçFÅ÷V&Æ—6†W%÷7WÆVÖVçBÃã3‚÷3CS“‚Ó#RÓ#ScBÓ ¦¶÷¦Æ÷w6¶•ó##U÷66–VçF–f–5÷&W÷'G2ÆfööE÷v7FRÃ2ÃC3bÃ‚ãccccccrÃ‚ÃBãSCccccrÃ3rÆæöæRÂÃãÃ#rãÃSbãÃ3cãsS“Cs““"ÇG'VRÂÆW‡W&–ÖVçFÅ÷V&Æ—6†W%÷7WÆVÖVçBÃã3‚÷3CS“‚Ó#RÓ#ScBÓ ¦¶÷¦Æ÷w6¶•ó##U÷66–VçF–f–5÷&W÷'G2ÆfööE÷v7FU÷F÷'&Vf7F–öåó#C2ÃÃC3bÃ‚ãccccccrÃ‚ÃBãSCccccrÃ3rÇF÷'&Vf7F–öå÷&öGV7BÃ#CÃRãÃ##SãÃSbãÃ3“Bã#“sC“cƒRÇG'VRÂÆW‡W&–ÖVçFÅ÷V&Æ—6†W%÷7WÆVÖVçBÃã3‚÷3CS“‚Ó#RÓ#ScBÓ ¦¶÷¦Æ÷w6¶•ó##U÷66–VçF–f–5÷&W÷'G2ÆfööE÷v7FU÷F÷'&Vf7F–öåó#C2Ã"ÃC3bÃ‚ãccccccrÃ‚ÃBãSCccccrÃ3rÇF÷'&Vf7F–öå÷&öGV7BÃ#CÃRãÃCSã3ÃSbãÂÓ"ã3S““#s#rÆfÇ6RÆW†6ÇVFVEög&öÕ÷V&Æ—6†W%öÖVã²–æ6öç6—7FVçE÷&u÷6–væÂÆW‡W&–ÖVçFÅ÷V&Æ—6†W%÷7WÆVÖVçBÃã3‚÷3CS“‚Ó#RÓ#ScBÓ ¦¶÷¦Æ÷w6¶•ó##U÷66–VçF–f–5÷&W÷'G2ÆfööE÷v7FU÷F÷'&Vf7F–öåó#C2Ã2ÃC3bÃ‚ãccccccrÃ‚ÃBãSCccccrÃ3rÇF÷'&Vf7F–öå÷&öGV7BÃ#CÃRãÃ##cãsÃSbãÃ3“bãsS#S##‚ÇG'VRÂÆW‡W&–ÖVçFÅ÷V&Æ—6†W%÷7WÆVÖVçBÃã3‚÷3CS“‚Ó#RÓ#ScBÓ ¦¶÷¦Æ÷w6¶•ó##U÷66–VçF–f–5÷&W÷'G2ÆfööE÷v7FU÷—&öÇ—6—5óc2ÃÃC3bÃ‚ãccccccrÃ‚ÃBãSCccccrÃ3rÆ&–ö6†"ÃcÃRãÃ##ãsÃSbãÃ3cRãƒc“RÇG'VRÂÆW‡W&–ÖVçFÅ÷V&Æ—6†W%÷7WÆVÖVçBÃã3‚÷3CS“‚Ó#RÓ#ScBÓ ¦¶÷¦Æ÷w6¶•ó##U÷66–VçF–f–5÷&W÷'G2ÆfööE÷v7FU÷—&öÇ—6—5óc2Ã"ÃC3bÃ‚ãccccccrÃ‚ÃBãSCccccrÃ3rÆ&–ö6†"ÃcÃRãÃ#3ãSÃSbãÃ3crã#“SCc“rÇG'VRÂÆW‡W&–ÖVçFÅ÷V&Æ—6†W%÷7WÆVÖVçBÃã3‚÷3CS“‚Ó#RÓ#ScBÓ ¦¶÷¦Æ÷w6¶•ó##U÷66–VçF–f–5÷&W÷'G2ÆfööE÷v7FU÷—&öÇ—6—5óc2Ã2ÃC3bÃ‚ãccccccrÃ‚ÃBãSCccccrÃ3rÆ&–ö6†"ÃcÃRãÃƒs"ãcÃSbãÃ3‚ãs“Cƒ“2ÆfÇ6RÆW†6ÇVFVEög&öÕ÷V&Æ—6†W%öÖVã²–æ6öç6—7FVçE÷&u÷6–væÂÆW‡W&–ÖVçFÅ÷V&Æ—6†W%÷7WÆVÖVçBÃã3‚÷3CS“‚Ó#RÓ#ScBÓ ¦¶÷¦Æ÷w6¶•ó##U÷66–VçF–f–5÷&W÷'G2ÆfööE÷v7FUö‡–G&ö6†%ó#C2ÃÃC3bÃ‚ãccccccrÃ‚ÃBãSCccccrÃ3rÆ‡–G&ö6†"Ã#CÃRãÃ##2ãÃSbãÃ3ƒ2ãCSC“#ÇG'VRÂÆW‡W&–ÖVçFÅ÷V&Æ—6†W%÷7WÆVÖVçBÃã3‚÷3CS“‚Ó#RÓ#ScBÓ ¦¶÷¦Æ÷w6¶•ó##U÷66–VçF–f–5÷&W÷'G2ÆfööE÷v7FUö‡–G&ö6†%ó#C2Ã"ÃC3bÃ‚ãccccccrÃ‚ÃBãSCccccrÃ3rÆ‡–G&ö6†"Ã#CÃRãÃ#“BãCÃSbãÃ3ƒãSƒ#CƒS2ÇG'VRÂÆW‡W&–ÖVçFÅ÷V&Æ—6†W%÷7WÆVÖVçBÃã3‚÷3CS“‚Ó#RÓ#ScBÓ ¦¶÷¦Æ÷w6¶•ó##U÷66–VçF–f–5÷&W÷'G2ÆfööE÷v7FUö‡–G&ö6†%ó#C2Ã2ÃC3bÃ‚ãccccccrÃ‚ÃBãSCccccrÃ3rÆ‡–G&ö6†"Ã#CÃRãÃ#“rãÃSbãÃ3ƒ"ã“SsCSÇG'VRÂÆW‡W&–ÖVçFÅ÷V&Æ—6†W%÷7WÆVÖVçBÃã3‚÷3CS“‚Ó#RÓ#ScBÓ ¦¶÷¦Æ÷w6¶•ó##U÷66–VçF–f–5÷&W÷'G2ÆfööE÷v7FRÃÃC3rÃ‚ã#ƒ33332Ã‚ÃBãSS#ƒ332Ã3rÆæöæRÂÃãÃ#ã3ÃSbãÃ33rãc#ss3bÇG'VRÂÆW‡W&–ÖVçFÅ÷V&Æ—6†W%÷7WÆVÖVçBÃã3‚÷3CS“‚Ó#RÓ#ScBÓ ¦¶÷¦Æ÷w6¶•ó##U÷66–VçF–f–5÷&W÷'G2ÆfööE÷v7FRÃ"ÃC3rÃ‚ã#ƒ33332Ã‚ÃBãSS#ƒ332Ã3rÆæöæRÂÃãÃ#ƒ’ãCÃSbãÃ3SrãscS3BÇG'VRÂÆW‡W&–ÖVçFÅ÷V&Æ—6†W%÷7WÆVÖVçBÃã3‚÷3CS“‚Ó#RÓ#ScBÓ ¦¶÷¦Æ÷w6¶•ó##U÷66–VçF–f–5÷&W÷'G2ÆfööE÷v7FRÃ2ÃC3rÃ‚ã#ƒ33332Ã‚ÃBãSS#ƒ332Ã3rÆæöæRÂÃãÃ#rãCÃSbãÃ3cãƒ#s#csCbÇG'VRÂÆW‡W&–ÖVçFÅ÷V&Æ—6†W%÷7WÆVÖVçBÃã3‚÷3CS“‚Ó#RÓ#ScBÓ ¦¶÷¦Æ÷w6¶•ó##U÷66–VçF–f–5÷&W÷'G2ÆfööE÷v7FU÷F÷'&Vf7F–öåó#C2ÃÃC3rÃ‚ã#ƒ33332Ã‚ÃBãSS#ƒ332Ã3rÇF÷'&Vf7F–öå÷&öGV7BÃ#CÃRãÃ##SãƒÃSbãÃ3“BãCSSccssrÇG'VRÂÆW‡W&–ÖVçFÅ÷V&Æ—6†W%÷7WÆVÖVçBÃã3‚÷3CS“‚Ó#RÓ#ScBÓ ¦¶÷¦Æ÷w6¶•ó##U÷66–VçF–f–5÷&W÷'G2ÆfööE÷v7FU÷F÷'&Vf7F–öåó#C2Ã"ÃC3rÃ‚ã#ƒ33332Ã‚ÃBãSS#ƒ332Ã3rÇF÷'&Vf7F–öå÷&öGV7BÃ#CÃRãÃCS"ãÃSbãÂÓ"ã#sSc3RÆfÇ6RÆW†6ÇVFVEög&öÕ÷V&Æ—6†W%öÖVã²–æ6öç6—7FVçE÷&u÷6–væÂÆW‡W&–ÖVçFÅ÷V&Æ—6†W%÷7WÆVÖVçBÃã3‚÷3CS“‚Ó#RÓ#ScBÓ ¦¶÷¦Æ÷w6¶•ó##U÷66–VçF–f–5÷&W÷'G2ÆfööE÷v7FU÷F÷'&Vf7F–öåó#C2Ã2ÃC3rÃ‚ã#ƒ33332Ã‚ÃBãSS#ƒ332Ã3rÇF÷'&Vf7F–öå÷&öGV7BÃ#CÃRãÃ##c"ãÃSbãÃ3“bãsƒ33“ƒÇG'VRÂÆW‡W&–ÖVçFÅ÷V&Æ—6†W%÷7WÆVÖVçBÃã3‚÷3CS“‚Ó#RÓ#ScBÓ ¦¶÷¦Æ÷w6¶•ó##U÷66–VçF–f–5÷&W÷'G2ÆfööE÷v7FU÷—&öÇ—6—5óc2ÃÃC3rÃ‚ã#ƒ33332Ã‚ÃBãSS#ƒ332Ã3rÆ&–ö6†"ÃcÃRãÃ##"ãÃSbãÃ3cRãCƒƒScc’ÇG'VRÂÆW‡W&–ÖVçFÅ÷V&Æ—6†W%÷7WÆVÖVçBÃã3‚÷3CS“‚Ó#RÓ#ScBÓ ¦¶÷¦Æ÷w6¶•ó##U÷66–VçF–f–5÷&W÷'G2ÆfööE÷v7FU÷—&öÇ—6—5óc2Ã"ÃC3rÃ‚ã#ƒ33332Ã‚ÃBãSS#ƒ332Ã3rÆ&–ö6†"ÃcÃRãÃ#3"ãÃSbãÃ3crã3ƒSƒCS3RÇG'VRÂÆW‡W&–ÖVçFÅ÷V&Æ—6†W%÷7WÆVÖVçBÃã3‚÷3CS“‚Ó#RÓ#ScBÓ ¦¶÷¦Æ÷w6¶•ó##U÷66–VçF–f–5÷&W÷'G2ÆfööE÷v7FU÷—&öÇ—6—5óc2Ã2ÃC3rÃ‚ã#ƒ33332Ã‚ÃBãSS#ƒ332Ã3rÆ&–ö6†"ÃcÃRãÃƒs"ã“ÃSbãÃ3‚ãƒCs"ÆfÇ6RÆW†6ÇVFVEög&öÕ÷V&Æ—6†W%öÖVã²–æ6öç6—7FVçE÷&u÷6–væÂÆW‡W&–ÖVçFÅ÷V&Æ—6†W%÷7WÆVÖVçBÃã3‚÷3CS“‚Ó#RÓ#ScBÓ ¦¶÷¦Æ÷w6¶•ó##U÷66–VçF–f–5÷&W÷'G2ÆfööE÷v7FUö‡–G&ö6†%ó#C2ÃÃC3rÃ‚ã#ƒ33332Ã‚ÃBãSS#ƒ332Ã3rÆ‡–G&ö6†"Ã#CÃRãÃ##2ãsÃSbãÃ3ƒ2ãSƒscc#‚ÇG'VRÂÆW‡W&–ÖVçFÅ÷V&Æ—6†W%÷7WÆVÖVçBÃã3‚÷3CS“‚Ó#RÓ#ScBÓ ¦¶÷¦Æ÷w6¶•ó##U÷66–VçF–f–5÷&W÷'G2ÆfööE÷v7FUö‡–G&ö6†%ó#C2Ã"ÃC3rÃ‚ã#ƒ33332Ã‚ÃBãSS#ƒ332Ã3rÆ‡–G&ö6†"Ã#CÃRãÃ#“RãÃSbãÃ3ƒãcC3ƒ#3cÇG'VRÂÆW‡W&–ÖVçFÅ÷V&Æ—6†W%÷7WÆVÖVçBÃã3‚÷3CS“‚Ó#RÓ#ScBÓ ¦¶÷¦Æ÷w6¶•ó##U÷66–VçF–f–5÷&W÷'G2ÆfööE÷v7FUö‡–G&ö6†%ó#C2Ã2ÃC3rÃ‚ã#ƒ33332Ã‚ÃBãSS#ƒ332Ã3rÆ‡–G&ö6†"Ã#CÃRãÃ#“rãCÃSbãÃ3ƒ"ãc3S#ƒBÇG'VRÂÆW‡W&–ÖVçFÅ÷V&Æ—6†W%÷7WÆVÖVçBÃã3‚÷3CS“‚Ó#RÓ#ScBÓ ¦¶÷¦Æ÷w6¶•ó##U÷66–VçF–f–5÷&W÷'G2ÆfööE÷v7FRÃÃC3‚Ã‚ã#SÃ’ÃBãSc#SÃ3rÆæöæRÂÃãÃ#ãcÃSbã#Ã33rãcs#3“RÇG'VRÂÆW‡W&–ÖVçFÅ÷V&Æ—6†W%÷7WÆVÖVçBÃã3‚÷3CS“‚Ó#RÓ#ScBÓ ¦¶÷¦Æ÷w6¶•ó##U÷66–VçF–f–5÷&W÷'G2ÆfööE÷v7FRÃ"ÃC3‚Ã‚ã#SÃ’ÃBãSc#SÃ3rÆæöæRÂÃãÃ#ƒ’ãsÃSbã#Ã3SrãƒS#s2ÇG'VRÂÆW‡W&–ÖVçFÅ÷V&Æ—6†W%÷7WÆVÖVçBÃã3‚÷3CS“‚Ó#RÓ#ScBÓ ¦¶÷¦Æ÷w6¶•ó##U÷66–VçF–f–5÷&W÷'G2ÆfööE÷v7FRÃ2ÃC3‚Ã‚ã#SÃ’ÃBãSc#SÃ3rÆæöæRÂÃãÃ#rãsÃSbã#Ã3cãƒs#CS“RÇG'VRÂÆW‡W&–ÖVçFÅ÷V&Æ—6†W%÷7WÆVÖVçBÃã3‚÷3CS“‚Ó#RÓ#ScBÓ ¦¶÷¦Æ÷w6¶•ó##U÷66–VçF–f–5÷&W÷'G2ÆfööE÷v7FU÷F÷'&Vf7F–öåó#C2ÃÃC3‚Ã‚ã#SÃ’ÃBãSc#SÃ3rÇF÷'&Vf7F–öå÷&öGV7BÃ#CÃRãÃ##S"ãsÃSbã#Ã3“Bãc3cC3CS2ÇG'VRÂÆW‡W&–ÖVçFÅ÷V&Æ—6†W%÷7WÆVÖVçBÃã3‚÷3CS“‚Ó#RÓ#ScBÓ ¦¶÷¦Æ÷w6¶•ó##U÷66–VçF–f–5÷&W÷'G2ÆfööE÷v7FU÷F÷'&Vf7F–öåó#C2Ã"ÃC3‚Ã‚ã#SÃ’ÃBãSc#SÃ3rÇF÷'&Vf7F–öå÷&öGV7BÃ#CÃRãÃCS"ã“ÃSbã#ÂÓ"ãC3SƒSC2ÆfÇ6RÆW†6ÇVFVEög&öÕ÷V&Æ—6†W%öÖVã²–æ6öç6—7FVçE÷&u÷6–væÂÆW‡W&–ÖVçFÅ÷V&Æ—6†W%÷7WÆVÖVçBÃã3‚÷3CS“‚Ó#RÓ#ScBÓ ¦¶÷¦Æ÷w6¶•ó##U÷66–VçF–f–5÷&W÷'G2ÆfööE÷v7FU÷F÷'&Vf7F–öåó#C2Ã2ÃC3‚Ã‚ã#SÃ’ÃBãSc#SÃ3rÇF÷'&Vf7F–öå÷&öGV7BÃ#CÃRãÃ##c"ãSÃSbã#Ã3“bãƒSƒ#s3RÇG'VRÂÆW‡W&–ÖVçFÅ÷V&Æ—6†W%÷7WÆVÖVçBÃã3‚÷3CS“‚Ó#RÓ#ScBÓ ¦¶÷¦Æ÷w6¶•ó##U÷66–VçF–f–5÷&W÷'G2ÆfööE÷v7FU÷—&öÇ—6—5óc2ÃÃC3‚Ã‚ã#SÃ’ÃBãSc#SÃ3rÆ&–ö6†"ÃcÃRãÃ##"ãCÃSbã#Ã3cRã“CCƒ3‚ÇG'VRÂÆW‡W&–ÖVçFÅ÷V&Æ—6†W%÷7WÆVÖVçBÃã3‚÷3CS“‚Ó#RÓ#ScBÓ ¦¶÷¦Æ÷w6¶•ó##U÷66–VçF–f–5÷&W÷'G2ÆfööE÷v7FU÷—&öÇ—6—5óc2Ã"ÃC3‚Ã‚ã#SÃ’ÃBãSc#SÃ3rÆ&–ö6†"ÃcÃRãÃ#3"ãCÃSbã#Ã3crãCS3c3#ƒ‚ÇG'VRÂÆW‡W&–ÖVçFÅ÷V&Æ—6†W%÷7WÆVÖVçBÃã3‚÷3CS“‚Ó#RÓ#ScBÓ ¦¶÷¦Æ÷w6¶•ó##U÷66–VçF–f–5÷&W÷'G2ÆfööE÷v7FU÷—&öÇ—6—5óc2Ã2ÃC3‚Ã‚ã#SÃ’ÃBãSc#SÃ3rÆ&–ö6†"ÃcÃRãÃƒs2ã#ÃSbã#Ã3‚ãƒƒS##CÆfÇ6RÆW†6ÇVFVEög&öÕ÷V&Æ—6†W%öÖVã²–æ6öç6—7FVçE÷&u÷6–væÂÆW‡W&–ÖVçFÅ÷V&Æ—6†W%÷7WÆVÖVçBÃã3‚÷3CS“‚Ó#RÓ#ScBÓ ¦¶÷¦Æ÷w6¶•ó##U÷66–VçF–f–5÷&W÷'G2ÆfööE÷v7FUö‡–G&ö6†%ó#C2ÃÃC3‚Ã‚ã#SÃ’ÃBãSc#SÃ3rÆ‡–G&ö6†"Ã#CÃRãÃ##BãSÃSbã#Ã3ƒ2ãsCS#3s#ÇG'VRÂÆW‡W&–ÖVçFÅ÷V&Æ—6†W%÷7WÆVÖVçBÃã3‚÷3CS“‚Ó#RÓ#ScBÓ ¦¶÷¦Æ÷w6¶•ó##U÷66–VçF–f–5÷&W÷'G2ÆfööE÷v7FUö‡–G&ö6†%ó#C2Ã"ÃC3‚Ã‚ã#SÃ’ÃBãSc#SÃ3rÆ‡–G&ö6†"Ã#CÃRãÃ#“Rã“ÃSbã#Ã3ƒãƒ““CS"ÇG'VRÂÆW‡W&–ÖVçFÅ÷V&Æ—6†W%÷7WÆVÖVçBÃã3‚÷3CS“‚Ó#RÓ#ScBÓ ¦¶÷¦Æ÷w6¶•ó##U÷66–VçF–f–5÷&W÷'G2ÆfööE÷v7FUö‡–G&ö6†%ó#C2Ã2ÃC3‚Ã‚ã#SÃ’ÃBãSc#SÃ3rÆ‡–G&ö6†"Ã#CÃRãÃ#“rãsÃSbã#Ã3ƒ"ã#ƒs“s2ÇG'VRÂÆW‡W&–ÖVçFÅ÷V&Æ—6†W%÷7WÆVÖVçBÃã3‚÷3CS“‚Ó#RÓ#ScBÓ ¦¶÷¦Æ÷w6¶•ó##U÷66–VçF–f–5÷&W÷'G2ÆfööE÷v7FRÃÃC3’Ã‚ã#“ccccrÃ’ÃBãSs#“ccrÃ3rÆæöæRÂÃãÃ#ã“ÃSbã3Ã33rãssSsBÇG'VRÂÆW‡W&–ÖVçFÅ÷V&Æ—6†W%÷7WÆVÖVçBÃã3‚÷3CS“‚Ó#RÓ#ScBÓ ¦¶÷¦Æ÷w6¶•ó##U÷66–VçF–f–5÷&W÷'G2ÆfööE÷v7FRÃ"ÃC3’Ã‚ã#“ccccrÃ’ÃBãSs#“ccrÃ3rÆæöæRÂÃãÃ#“ãÃSbã3Ã3SrãƒS3“ƒs"ÇG'VRÂÆW‡W&–ÖVçFÅ÷V&Æ—6†W%÷7WÆVÖVçBÃã3‚÷3CS“‚Ó#RÓ#ScBÓ ¦¶÷¦Æ÷w6¶•ó##U÷66–VçF–f–5÷&W÷'G2ÆfööE÷v7FRÃ2ÃC3’Ã‚ã#“ccccrÃ’ÃBãSs#“ccrÃ3rÆæöæRÂÃãÃ#‚ãÃSbã3Ã3cã“scSƒBÇG'VRÂÆW‡W&–ÖVçFÅ÷V&Æ—6†W%÷7WÆVÖVçBÃã3‚÷3CS“‚Ó#RÓ#ScBÓ ¦¶÷¦Æ÷w6¶•ó##U÷66–VçF–f–5÷&W÷'G2ÆfööE÷v7FU÷F÷'&Vf7F–öåó#C2ÃÃC3’Ã‚ã#“ccccrÃ’ÃBãSs#“ccrÃ3rÇF÷'&Vf7F–öå÷&öGV7BÃ#CÃRãÃ##S2ãSÃSbã3Ã3“Bãs“CcSCRÇG'VRÂÆW‡W&–ÖVçFÅ÷V&Æ—6†W%÷7WÆVÖVçBÃã3‚÷3CS“‚Ó#RÓ#ScBÓ ¦¶÷¦Æ÷w6¶•ó##U÷66–VçF–f–5÷&W÷'G2ÆfööE÷v7FU÷F÷'&Vf7F–öåó#C2Ã"ÃC3’Ã‚ã#“ccccrÃ’ÃBãSs#“ccrÃ3rÇF÷'&Vf7F–öå÷&öGV7BÃ#CÃRãÃCS2ãsÃSbã3ÂÓãƒƒSCCS"ÆfÇ6RÆW†6ÇVFVEög&öÕ÷V&Æ—6†W%öÖVã²–æ6öç6—7FVçE÷&u÷6–væÂÆW‡W&–ÖVçFÅ÷V&Æ—6†W%÷7WÆVÖVçBÃã3‚÷3CS“‚Ó#RÓ#ScBÓ ¦¶÷¦Æ÷w6¶•ó##U÷66–VçF–f–5÷&W÷'G2ÆfööE÷v7FU÷F÷'&Vf7F–öåó#C2Ã2ÃC3’Ã‚ã#“ccccrÃ’ÃBãSs#“ccrÃ3rÇF÷'&Vf7F–öå÷&öGV7BÃ#CÃRãÃ##c"ã“ÃSbã3Ã3“bã“ƒcCƒ‚ÇG'VRÂÆW‡W&–ÖVçFÅ÷V&Æ—6†W%÷7WÆVÖVçBÃã3‚÷3CS“‚Ó#RÓ#ScBÓ ¦¶÷¦Æ÷w6¶•ó##U÷66–VçF–f–5÷&W÷'G2ÆfööE÷v7FU÷—&öÇ—6—5óc2ÃÃC3’Ã‚ã#“ccccrÃ’ÃBãSs#“ccrÃ3rÆ&–ö6†"ÃcÃRãÃ##"ãƒÃSbã3Ã3cRã#cƒ3S“ÇG'VRÂÆW‡W&–ÖVçFÅ÷V&Æ—6†W%÷7WÆVÖVçBÃã3‚÷3CS“‚Ó#RÓ#ScBÓ ¦¶÷¦Æ÷w6¶•ó##U÷66–VçF–f–5÷&W÷'G2ÆfööE÷v7FU÷—&öÇ—6—5óc2Ã"ÃC3’Ã‚ã#“ccccrÃ’ÃBãSs#“ccrÃ3rÆ&–ö6†"ÃcÃRãÃ#3"ãƒÃSbã3Ã3crãS#C#C"ÇG'VRÂÆW‡W&–ÖVçFÅ÷V&Æ—6†W%÷7WÆVÖVçBÃã3‚÷3CS“‚Ó#RÓ#ScBÓ ¦¶÷¦Æ÷w6¶•ó##U÷66–VçF–f–5÷&W÷'G2ÆfööE÷v7FU÷—&öÇ—6—5óc2Ã2ÃC3’Ã‚ã#“ccccrÃ’ÃBãSs#“ccrÃ3rÆ&–ö6†"ÃcÃRãÃƒs2ãCÃSbã3Ã3‚ã“ss“ƒ#RÆfÇ6RÆW†6ÇVFVEög&öÕ÷V&Æ—6†W%öÖVã²–æ6öç6—7FVçE÷&u÷6–væÂÆW‡W&–ÖVçFÅ÷V&Æ—6†W%÷7WÆVÖVçBÃã3‚÷3CS“‚Ó#RÓ#ScBÓ ¦¶÷¦Æ÷w6¶•ó##U÷66–VçF–f–5÷&W÷'G2ÆfööE÷v7FUö‡–G&ö6†%ó#C2ÃÃC3’Ã‚ã#“ccccrÃ’ÃBãSs#“ccrÃ3rÆ‡–G&ö6†"Ã#CÃRãÃ##Rã#ÃSbã3Ã3ƒ2ãƒƒƒ##rÇG'VRÂÆW‡W&–ÖVçFÅ÷V&Æ—6†W%÷7WÆVÖVçBÃã3‚÷3CS“‚Ó#RÓ#ScBÓ ¦¶÷¦Æ÷w6¶•ó##U÷66–VçF–f–5÷&W÷'G2ÆfööE÷v7FUö‡–G&ö6†%ó#C2Ã"ÃC3’Ã‚ã#“ccccrÃ’ÃBãSs#“ccrÃ3rÆ‡–G&ö6†"Ã#CÃRãÃ#“bãcÃSbã3Ã3ƒã“3sSc“S’ÇG'VRÂÆW‡W&–ÖVçFÅ÷V&Æ—6†W%÷7WÆVÖVçBÃã3‚÷3CS“‚Ó#RÓ#ScBÓ ¦¶÷¦Æ÷w6¶•ó##U÷66–VçF–f–5÷&W÷'G2ÆfööE÷v7FUö‡–G&ö6†%ó#C2Ã2ÃC3’Ã‚ã#“ccccrÃ’ÃBãSs#“ccrÃ3rÆ‡–G&ö6†"Ã#CÃRãÃ#“‚ãÃSbã3Ã3ƒ"ã#S3“C"ÇG'VRÂÆW‡W&–ÖVçFÅ÷V&Æ—6†W%÷7WÆVÖVçBÃã3‚÷3CS“‚Ó#RÓ#ScBÓ ¦¶÷¦Æ÷w6¶•ó##U÷66–VçF–f–5÷&W÷'G2ÆfööE÷v7FRÃÃCCÃ‚ã33333332Ã’ÃBãSƒ333332Ã3rÆæöæRÂÃãÃ#ã#ÃSbãCÃ33rãsc#c“#C2ÇG'VRÂÆW‡W&–ÖVçFÅ÷V&Æ—6†W%÷7WÆVÖVçBÃã3‚÷3CS“‚Ó#RÓ#ScBÓ ¦¶÷¦Æ÷w6¶•ó##U÷66–VçF–f–5÷&W÷'G2ÆfööE÷v7FRÃ"ÃCCÃ‚ã33333332Ã’ÃBãSƒ333332Ã3rÆæöæRÂÃãÃ#“ã3ÃSbãCÃ3Srãƒ“SS“CÇG'VRÂÆW‡W&–ÖVçFÅ÷V&Æ—6†W%÷7WÆVÖVçBÃã3‚÷3CS“‚Ó#RÓ#ScBÓ ¦¶÷¦Æ÷w6¶•ó##U÷66–VçF–f–5÷&W÷'G2ÆfööE÷v7FRÃ2ÃCCÃ‚ã33333332Ã’ÃBãSƒ333332Ã3rÆæöæRÂÃãÃ#‚ãCÃSbãCÃ3cã“ƒSC3ƒ3rÇG'VRÂÆW‡W&–ÖVçFÅ÷V&Æ—6†W%÷7WÆVÖVçBÃã3‚÷3CS“‚Ó#RÓ#ScBÓ ¦¶÷¦Æ÷w6¶•ó##U÷66–VçF–f–5÷&W÷'G2ÆfööE÷v7FU÷F÷'&Vf7F–öåó#C2ÃÃCCÃ‚ã33333332Ã’ÃBãSƒ333332Ã3rÇF÷'&Vf7F–öå÷&öGV7BÃ#CÃRãÃ##SBã3ÃSbãCÃ3“Bã“S#ssc3bÇG'VRÂÆW‡W&–ÖVçFÅ÷V&Æ—6†W%÷7WÆVÖVçBÃã3‚÷3CS“‚Ó#RÓ#ScBÓ ¦¶÷¦Æ÷w6¶•ó##U÷66–VçF–f–5÷&W÷'G2ÆfööE÷v7FU÷F÷'&Vf7F–öåó#C2Ã"ÃCCÃ‚ã33333332Ã’ÃBãSƒ333332Ã3rÇF÷'&Vf7F–öå÷&öGV7BÃ#CÃRãÃCSBãSÃSbãCÂÓãs#s#C3cÆfÇ6RÆW†6ÇVFVEög&öÕ÷V&Æ—6†W%öÖVã²–æ6öç6—7FVçE÷&u÷6–væÂÆW‡W&–ÖVçFÅ÷V&Æ—6†W%÷7WÆVÖVçBÃã3‚÷3CS“‚Ó#RÓ#ScBÓ ¦¶÷¦Æ÷w6¶•ó##U÷66–VçF–f–5÷&W÷'G2ÆfööE÷v7FU÷F÷'&Vf7F–öåó#C2Ã2ÃCCÃ‚ã33333332Ã’ÃBãSƒ333332Ã3rÇF÷'&Vf7F–öå÷&öGV7BÃ#CÃRãÃ##c2ã3ÃSbãCÃ3“bã“ƒcC#C"ÇG'VRÂÆW‡W&–ÖVçFÅ÷V&Æ—6†W%÷7WÆVÖVçBÃã3‚÷3CS“‚Ó#RÓ#ScBÓ ¦¶÷¦Æ÷w6¶•ó##U÷66–VçF–f–5÷&W÷'G2ÆfööE÷v7FU÷—&öÇ—6—5óc2ÃÃCCÃ‚ã33333332Ã’ÃBãSƒ333332Ã3rÆ&–ö6†"ÃcÃRãÃ##2ã#ÃSbãCÃ3cRã3#“c#3CRÇG'VRÂÆW‡W&–ÖVçFÅ÷V&Æ—6†W%÷7WÆVÖVçBÃã3‚÷3CS“‚Ó#RÓ#ScBÓ ¦¶÷¦Æ÷w6¶•ó##U÷66–VçF–f–5÷&W÷'G2ÆfööE÷v7FU÷—&öÇ—6—5óc2Ã"ÃCCÃ‚ã33333332Ã’ÃBãSƒ333332Ã3rÆ&–ö6†"ÃcÃRãÃ#32ã3ÃSbãCÃ3crãcƒ3ƒÇG'VRÂÆW‡W&–ÖVçFÅ÷V&Æ—6†W%÷7WÆVÖVçBÃã3‚÷3CS“‚Ó#RÓ#ScBÓ ¦¶÷¦Æ÷w6¶•ó##U÷66–VçF–f–5÷&W÷'G2ÆfööE÷v7FU÷—&öÇ—6—5óc2Ã2ÃCCÃ‚ã33333332Ã’ÃBãSƒ333332Ã3rÆ&–ö6†"ÃcÃRãÃƒs2ãsÃSbãCÃ3‚ã“S#“ƒ““BÆfÇ6RÆW†6ÇVFVEög&öÕ÷V&Æ—6†W%öÖVã²–æ6öç6—7FVçE÷&u÷6–væÂÆW‡W&–ÖVçFÅ÷V&Æ—6†W%÷7WÆVÖVçBÃã3‚÷3CS“‚Ó#RÓ#ScBÓ ¦¶÷¦Æ÷w6¶•ó##U÷66–VçF–f–5÷&W÷'G2ÆfööE÷v7FUö‡–G&ö6†%ó#C2ÃÃCCÃ‚ã33333332Ã’ÃBãSƒ333332Ã3rÆ‡–G&ö6†"Ã#CÃRãÃ##Rã“ÃSbãCÃ3ƒBãc3ƒs3BÇG'VRÂÆW‡W&–ÖVçFÅ÷V&Æ—6†W%÷7WÆVÖVçBÃã3‚÷3CS“‚Ó#RÓ#ScBÓ ¦¶÷¦Æ÷w6¶•ó##U÷66–VçF–f–5÷&W÷'G2ÆfööE÷v7FUö‡–G&ö6†%ó#C2Ã"ÃCCÃ‚ã33333332Ã’ÃBãSƒ333332Ã3rÆ‡–G&ö6†"Ã#CÃRãÃ#“rã3ÃSbãCÃ3ƒ"ãs3CCcbÇG'VRÂÆW‡W&–ÖVçFÅ÷V&Æ—6†W%÷7WÆVÖVçBÃã3‚÷3CS“‚Ó#RÓ#ScBÓ ¦¶÷¦Æ÷w6¶•ó##U÷66–VçF–f–5÷&W÷'G2ÆfööE÷v7FUö‡–G&ö6†%ó#C2Ã2ÃCCÃ‚ã33333332Ã’ÃBãSƒ333332Ã3rÆ‡–G&ö6†"Ã#CÃRãÃ#“‚ãCÃSbãCÃ3ƒ"ã3#c“ƒ“bÇG'VRÂÆW‡W&–ÖVçFÅ÷V&Æ—6†W%÷7WÆVÖVçBÃã3‚÷3CS“‚Ó#RÓ#ScBÓ ¦¶÷¦Æ÷w6¶•ó##U÷66–VçF–f–5÷&W÷'G2ÆfööE÷v7FRÃÃCCÃ‚ã3sSÃ’ÃBãS“3sSÃ3rÆæöæRÂÃãÃ#ãSÃSbãSÃ33rãƒsƒƒC"ÇG'VRÂÆW‡W&–ÖVçFÅ÷V&Æ—6†W%÷7WÆVÖVçBÃã3‚÷3CS“‚Ó#RÓ#ScBÓ ¦¶÷¦Æ÷w6¶•ó##U÷66–VçF–f–5÷&W÷'G2ÆfööE÷v7FRÃ"ÃCCÃ‚ã3sSÃ’ÃBãS“3sSÃ3rÆæöæRÂÃãÃ#“ãcÃSbãSÃ3Srã“Csƒ#ÇG'VRÂÆW‡W&–ÖVçFÅ÷V&Æ—6†W%÷7WÆVÖVçBÃã3‚÷3CS“‚Ó#RÓ#ScBÓ ¦¶÷¦Æ÷w6¶•ó##U÷66–VçF–f–5÷&W÷'G2ÆfööE÷v7FRÃ2ÃCCÃ‚ã3sSÃ’ÃBãS“3sSÃ3rÆæöæRÂÃãÃ#‚ãsÃSbãSÃ3c"ã3c3bÇG'VRÂÆW‡W&–ÖVçFÅ÷V&Æ—6†W%÷7WÆVÖVçBÃã3‚÷3CS“‚Ó#RÓ#ScBÓ ¦¶÷¦Æ÷w6¶•ó##U÷66–VçF–f–5÷&W÷'G2ÆfööE÷v7FU÷F÷'&Vf7F–öåó#C2ÃÃCCÃ‚ã3sSÃ’ÃBãS“3sSÃ3rÇF÷'&Vf7F–öå÷&öGV7BÃ#CÃRãÃ##SRã#ÃSbãSÃ3“Rã33SC3"ÇG'VRÂÆW‡W&–ÖVçFÅ÷V&Æ—6†W%÷7WÆVÖVçBÃã3‚÷3CS“‚Ó#RÓ#ScBÓ ¦¶÷¦Æ÷w6¶•ó##U÷66–VçF–f–5÷&W÷'G2ÆfööE÷v7FU÷F÷'&Vf7F–öåó#C2Ã"ÃCCÃ‚ã3sSÃ’ÃBãS“3sSÃ3rÇF÷'&Vf7F–öå÷&öGV7BÃ#CÃRãÃCSRã3ÃSbãSÂÓãSc“s#c’ÆfÇ6RÆW†6ÇVFVEög&öÕ÷V&Æ—6†W%öÖVã²–æ6öç6—7FVçE÷&u÷6–væÂÆW‡W&–ÖVçFÅ÷V&Æ—6†W%÷7WÆVÖVçBÃã3‚÷3CS“‚Ó#RÓ#ScBÓ ¦¶÷¦Æ÷w6¶•ó##U÷66–VçF–f–5÷&W÷'G2ÆfööE÷v7FU÷F÷'&Vf7F–öåó#C2Ã2ÃCCÃ‚ã3sSÃ’ÃBãS“3sSÃ3rÇF÷'&Vf7F–öå÷&öGV7BÃ#CÃRãÃ##c2ãsÃSbãSÃ3“rãSCƒ““bÇG'VRÂÆW‡W&–ÖVçFÅ÷V&Æ—6†W%÷7WÆVÖVçBÃã3‚÷3CS“‚Ó#RÓ#ScBÓ ¦¶÷¦Æ÷w6¶•ó##U÷66–VçF–f–5÷&W÷'G2ÆfööE÷v7FU÷—&öÇ—6—5óc2ÃÃCCÃ‚ã3sSÃ’ÃBãS“3sSÃ3rÆ&–ö6†"ÃcÃRãÃ##2ãSÃSbãSÃ3cRã3sCƒSBÇG'VRÂÆW‡W&–ÖVçFÅ÷V&Æ—6†W%÷7WÆVÖVçBÃã3‚÷3CS“‚Ó#RÓ#ScBÓ ¦¶÷¦Æ÷w6¶•ó##U÷66–VçF–f–5÷&W÷'G2ÆfööE÷v7FU÷—&öÇ—6—5óc2Ã"ÃCCÃ‚ã3sSÃ’ÃBãS“3sSÃ3rÆ&–ö6†"ÃcÃRãÃ#32ãsÃSbãSÃ3crãcs“S“3BÇG'VRÂÆW‡W&–ÖVçFÅ÷V&Æ—6†W%÷7WÆVÖVçBÃã3‚÷3CS“‚Ó#RÓ#ScBÓ ¦¶÷¦Æ÷w6¶•ó##U÷66–VçF–f–5÷&W÷'G2ÆfööE÷v7FU÷—&öÇ—6—5óc2Ã2ÃCCÃ‚ã3sSÃ’ÃBãS“3sSÃ3rÆ&–ö6†"ÃcÃRãÃƒsBãÃSbãSÃ3‚ã““ƒƒc2ÆfÇ6RÆW†6ÇVFVEög&öÕ÷V&Æ—6†W%öÖVã²–æ6öç6—7FVçE÷&u÷6–væÂÆW‡W&–ÖVçFÅ÷V&Æ—6†W%÷7WÆVÖVçBÃã3‚÷3CS“‚Ó#RÓ#ScBÓ ¦¶÷¦Æ÷w6¶•ó##U÷66–VçF–f–5÷&W÷'G2ÆfööE÷v7FUö‡–G&ö6†%ó#C2ÃÃCCÃ‚ã3sSÃ’ÃBãS“3sSÃ3rÆ‡–G&ö6†"Ã#CÃRãÃ##bãsÃSbãSÃ3ƒBãsCSSƒ#RÇG'VRÂÆW‡W&–ÖVçFÅ÷V&Æ—6†W%÷7WÆVÖVçBÃã3‚÷3CS“‚Ó#RÓ#ScBÓ ¦¶÷¦Æ÷w6¶•ó##U÷66–VçF–f–5÷&W÷'G2ÆfööE÷v7FUö‡–G&ö6†%ó#C2Ã"ÃCCÃ‚ã3sSÃ’ÃBãS“3sSÃ3rÆ‡–G&ö6†"Ã#CÃRãÃ#“‚ãÃSbãSÃ3ƒ"ã#33SSrÇG'VRÂÆW‡W&–ÖVçFÅ÷V&Æ—6†W%÷7WÆVÖVçBÃã3‚÷3CS“‚Ó#RÓ#ScBÓ ¦¶÷¦Æ÷w6¶•ó##U÷66–VçF–f–5÷&W÷'G2ÆfööE÷v7FUö‡–G&ö6†%ó#C2Ã2ÃCCÃ‚ã3sSÃ’ÃBãS“3sSÃ3rÆ‡–G&ö6†"Ã#CÃRãÃ#“‚ãsÃSbãSÃ3ƒ"ã3ccƒ“cRÇG'VRÂÆW‡W&–ÖVçFÅ÷V&Æ—6†W%÷7WÆVÖVçBÃã3‚÷3CS“‚Ó#RÓ#ScBÓ ¦¶÷¦Æ÷w6¶•ó##U÷66–VçF–f–5÷&W÷'G2ÆfööE÷v7FRÃÃCC"Ã‚ãCcccccrÃ’ÃBãcCcccrÃ3rÆæöæRÂÃãÃ#ãƒÃSbãcÃ33rãƒS3sSƒÇG'VRÂÆW‡W&–ÖVçFÅ÷V&Æ—6†W%÷7WÆVÖVçBÃã3‚÷3CS“‚Ó#RÓ#ScBÓ ¦¶÷¦Æ÷w6¶•ó##U÷66–VçF–f–5÷&W÷'G2ÆfööE÷v7FRÃ"ÃCC"Ã‚ãCcccccrÃ’ÃBãcCcccrÃ3rÆæöæRÂÃãÃ#“ã“ÃSbãcÃ3Srã“ƒS“s3s’ÇG'VRÂÆW‡W&–ÖVçFÅ÷V&Æ—6†W%÷7WÆVÖVçBÃã3‚÷3CS“‚Ó#RÓ#ScBÓ ¦¶÷¦Æ÷w6¶•ó##U÷66–VçF–f–5÷&W÷'G2ÆfööE÷v7FRÃ2ÃCC"Ã‚ãCcccccrÃ’ÃBãcCcccrÃ3rÆæöæRÂÃãÃ#’ãÃSbãcÃ3c"ãsSƒ#sRÇG'VRÂÆW‡W&–ÖVçFÅ÷V&Æ—6†W%÷7WÆVÖVçBÃã3‚÷3CS“‚Ó#RÓ#ScBÓ ¦¶÷¦Æ÷w6¶•ó##U÷66–VçF–f–5÷&W÷'G2ÆfööE÷v7FU÷F÷'&Vf7F–öåó#C2ÃÃCC"Ã‚ãCcccccrÃ’ÃBãcCcccrÃ3rÇF÷'&Vf7F–öå÷&öGV7BÃ#CÃRãÃ##SbãÃSbãcÃ3“Rã#“sCBÇG'VRÂÆW‡W&–ÖVçFÅ÷V&Æ—6†W%÷7WÆVÖVçBÃã3‚÷3CS“‚Ó#RÓ#ScBÓ ¦¶÷¦Æ÷w6¶•ó##U÷66–VçF–f–5÷&W÷'G2ÆfööE÷v7FU÷F÷'&Vf7F–öåó#C2Ã"ÃCC"Ã‚ãCcccccrÃ’ÃBãcCcccrÃ3rÇF÷'&Vf7F–öå÷&öGV7BÃ#CÃRãÃCSbãÃSbãcÂÓãC“srÆfÇ6RÆW†6ÇVFVEög&öÕ÷V&Æ—6†W%öÖVã²–æ6öç6—7FVçE÷&u÷6–væÂÆW‡W&–ÖVçFÅ÷V&Æ—6†W%÷7WÆVÖVçBÃã3‚÷3CS“‚Ó#RÓ#ScBÓ ¦¶÷¦Æ÷w6¶•ó##U÷66–VçF–f–5÷&W÷'G2ÆfööE÷v7FU÷F÷'&Vf7F–öåó#C2Ã2ÃCC"Ã‚ãCcccccrÃ’ÃBãcCcccrÃ3rÇF÷'&Vf7F–öå÷&öGV7BÃ#CÃRãÃ##cBãÃSbãcÃ3“rã#“ssC’ÇG'VRÂÆW‡W&–ÖVçFÅ÷V&Æ—6†W%÷7WÆVÖVçBÃã3‚÷3CS“‚Ó#RÓ#ScBÓ ¦¶÷¦Æ÷w6¶•ó##U÷66–VçF–f–5÷&W÷'G2ÆfööE÷v7FU÷—&öÇ—6—5óc2ÃÃCC"Ã‚ãCcccccrÃ’ÃBãcCcccrÃ3rÆ&–ö6†"ÃcÃRãÃ##2ã“ÃSbãcÃ3cRãCC#c#crÇG'VRÂÆW‡W&–ÖVçFÅ÷V&Æ—6†W%÷7WÆVÖVçBÃã3‚÷3CS“‚Ó#RÓ#ScBÓ ¦¶÷¦Æ÷w6¶•ó##U÷66–VçF–f–5÷&W÷'G2ÆfööE÷v7FU÷—&öÇ—6—5óc2Ã"ÃCC"Ã‚ãCcccccrÃ’ÃBãcCcccrÃ3rÆ&–ö6†"ÃcÃRãÃ#3BãÃSbãcÃ3crãsCs3sƒƒrÇG'VRÂÆW‡W&–ÖVçFÅ÷V&Æ—6†W%÷7WÆVÖVçBÃã3‚÷3CS“‚Ó#RÓ#ScBÓ ¦¶÷¦Æ÷w6¶•ó##U÷66–VçF–f–5÷&W÷'G2ÆfööE÷v7FU÷—&öÇ—6—5óc2Ã2ÃCC"Ã‚ãCcccccrÃ’ÃBãcCcccrÃ3rÆ&–ö6†"ÃcÃRãÃƒsBã#ÃSbãcÃ3’ã#sssC‚ÆfÇ6RÆW†6ÇVFVEög&öÕ÷V&Æ—6†W%öÖVã²–æ6öç6—7FVçE÷&u÷6–væÂÆW‡W&–ÖVçFÅ÷V&Æ—6†W%÷7WÆVÖVçBÃã3‚÷3CS“‚Ó#RÓ#ScBÓ ¦¶÷¦Æ÷w6¶•ó##U÷66–VçF–f–5÷&W÷'G2ÆfööE÷v7FUö‡–G&ö6†%ó#C2ÃÃCC"Ã‚ãCcccccrÃ’ÃBãcCcccrÃ3rÆ‡–G&ö6†"Ã#CÃRãÃ##rãCÃSbãcÃ3ƒBã3333"ÇG'VRÂÆW‡W&–ÖVçFÅ÷V&Æ—6†W%÷7WÆVÖVçBÃã3‚÷3CS“‚Ó#RÓ#ScBÓ ¦¶÷¦Æ÷w6¶•ó##U÷66–VçF–f–5÷&W÷'G2ÆfööE÷v7FUö‡–G&ö6†%ó#C2Ã"ÃCC"Ã‚ãCcccccrÃ’ÃBãcCcccrÃ3rÆ‡–G&ö6†"Ã#CÃRãÃ#“‚ãƒÃSbãcÃ3ƒ"ã3ccƒ“cRÇG'VRÂÆW‡W&–ÖVçFÅ÷V&Æ—6†W%÷7WÆVÖVçBÃã3‚÷3CS“‚Ó#RÓ#ScBÓ ¦¶÷¦Æ÷w6¶•ó##U÷66–VçF–f–5÷&W÷'G2ÆfööE÷v7FUö‡–G&ö6†%ó#C2Ã2ÃCC"Ã‚ãCcccccrÃ’ÃBãcCcccrÃ3rÆ‡–G&ö6†"Ã#CÃRãÃ#“’ãÃSbãcÃ3ƒ"ãC#ƒ#3BÇG'VRÂÆW‡W&–ÖVçFÅ÷V&Æ—6†W%÷7WÆVÖVçBÃã3‚÷3CS“‚Ó#RÓ#ScBÓ ¦¶÷¦Æ÷w6¶•ó##U÷66–VçF–f–5÷&W÷'G2ÆfööE÷v7FRÃÃCC2Ã‚ãCSƒ33332Ã’ÃBãcCSƒ332Ã3rÆæöæRÂÃãÃ#"ãÃSbãsÃ33rãƒ“ƒ#csSÇG'VRÂÆW‡W&–ÖVçFÅ÷V&Æ—6†W%÷7WÆVÖVçBÃã3‚÷3CS“‚Ó#RÓ#ScBÓ ¦¶÷¦Æ÷w6¶•ó##U÷66–VçF–f–5÷&W÷'G2ÆfööE÷v7FRÃ"ÃCC2Ã‚ãCSƒ33332Ã’ÃBãcCSƒ332Ã3rÆæöæRÂÃãÃ#“ã#ÃSbãsÃ3S‚ã3cSC‚ÇG'VRÂÆW‡W&–ÖVçFÅ÷V&Æ—6†W%÷7WÆVÖVçBÃã3‚÷3CS“‚Ó#RÓ#ScBÓ ¦¶÷¦Æ÷w6¶•ó##U÷66–VçF–f–5÷&W÷'G2ÆfööE÷v7FRÃ2ÃCC2Ã‚ãCSƒ33332Ã’ÃBãcCSƒ332Ã3rÆæöæRÂÃãÃ#’ãCÃSbãsÃ3c"ãC3c“#’ÇG'VRÂÆW‡W&–ÖVçFÅ÷V&Æ—6†W%÷7WÆVÖVçBÃã3‚÷3CS“‚Ó#RÓ#ScBÓ ¦¶÷¦Æ÷w6¶•ó##U÷66–VçF–f–5÷&W÷'G2ÆfööE÷v7FU÷F÷'&Vf7F–öåó#C2ÃÃCC2Ã‚ãCSƒ33332Ã’ÃBãcCSƒ332Ã3rÇF÷'&Vf7F–öå÷&öGV7BÃ#CÃRãÃ##SbãƒÃSbãsÃ3“RãCC“ƒƒC“RÇG'VRÂÆW‡W&–ÖVçFÅ÷V&Æ—6†W%÷7WÆVÖVçBÃã3‚÷3CS“‚Ó#RÓ#ScBÓ ¦¶÷¦Æ÷w6¶•ó##U÷66–VçF–f–5÷&W÷'G2ÆfööE÷v7FU÷F÷'&Vf7F–öåó#C2Ã"ÃCC2Ã‚ãCSƒ33332Ã’ÃBãcCSƒ332Ã3rÇF÷'&Vf7F–öå÷&öGV7BÃ#CÃRãÃCSbã“ÃSbãsÂÓã#S#s3ƒbÆfÇ6RÆW†6ÇVFVEög&öÕ÷V&Æ—6†W%öÖVã²–æ6öç6—7FVçE÷&u÷6–væÂÆW‡W&–ÖVçFÅ÷V&Æ—6†W%÷7WÆVÖVçBÃã3‚÷3CS“‚Ó#RÓ#ScBÓ ¦¶÷¦Æ÷w6¶•ó##U÷66–VçF–f–5÷&W÷'G2ÆfööE÷v7FU÷F÷'&Vf7F–öåó#C2Ã2ÃCC2Ã‚ãCSƒ33332Ã’ÃBãcCSƒ332Ã3rÇF÷'&Vf7F–öå÷&öGV7BÃ#CÃRãÃ##cBãSÃSbãsÃ3“rãƒ“scS2ÇG'VRÂÆW‡W&–ÖVçFÅ÷V&Æ—6†W%÷7WÆVÖVçBÃã3‚÷3CS“‚Ó#RÓ#ScBÓ ¦¶÷¦Æ÷w6¶•ó##U÷66–VçF–f–5÷&W÷'G2ÆfööE÷v7FU÷—&öÇ—6—5óc2ÃÃCC2Ã‚ãCSƒ33332Ã’ÃBãcCSƒ332Ã3rÆ&–ö6†"ÃcÃRãÃ##Bã3ÃSbãsÃ3cRãS3“#ÇG'VRÂÆW‡W&–ÖVçFÅ÷V&Æ—6†W%÷7WÆVÖVçBÃã3‚÷3CS“‚Ó#RÓ#ScBÓ ¦¶÷¦Æ÷w6¶•ó##U÷66–VçF–f–5÷&W÷'G2ÆfööE÷v7FU÷—&öÇ—6—5óc2Ã"ÃCC2Ã‚ãCSƒ33332Ã’ÃBãcCSƒ332Ã3rÆ&–ö6†"ÃcÃRãÃ#3BãcÃSbãsÃ3crãƒ3ssc##RÇG'VRÂÆW‡W&–ÖVçFÅ÷V&Æ—6†W%÷7WÆVÖVçBÃã3‚÷3CS“‚Ó#RÓ#ScBÓ ¦¶÷¦Æ÷w6¶•ó##U÷66–VçF–f–5÷&W÷'G2ÆfööE÷v7FU÷—&öÇ—6—5óc2Ã2ÃCC2Ã‚ãCSƒ33332Ã’ÃBãcCSƒ332Ã3rÆ&–ö6†"ÃcÃRãÃƒsBãSÃSbãsÃ3’ãcS“c“rÆfÇ6RÆW†6ÇVFVEög&öÕ÷V&Æ—6†W%öÖVã²–æ6öç6—7FVçE÷&u÷6–væÂÆW‡W&–ÖVçFÅ÷V&Æ—6†W%÷7WÆVÖVçBÃã3‚÷3CS“‚Ó#RÓ#ScBÓ ¦¶÷¦Æ÷w6¶•ó##U÷66–VçF–f–5÷&W÷'G2ÆfööE÷v7FUö‡–G&ö6†%ó#C2ÃÃCC2Ã‚ãCSƒ33332Ã’ÃBãcCSƒ332Ã3rÆ‡–G&ö6†"Ã#CÃRãÃ##‚ãÃSbãsÃ3ƒBãCCSsƒ3’ÇG'VRÂÆW‡W&–ÖVçFÅ÷V&Æ—6†W%÷7WÆVÖVçBÃã3‚÷3CS“‚Ó#RÓ#ScBÓ ¦¶÷¦Æ÷w6¶•ó##U÷66–VçF–f–5÷&W÷'G2ÆfööE÷v7FUö‡–G&ö6†%ó#C2Ã"ÃCC2Ã‚ãCSƒ33332Ã’ÃBãcCSƒ332Ã3rÆ‡–G&ö6†"Ã#CÃRãÃ#“’ãSÃSbãsÃ3ƒ"ãS#CcSs"ÇG'VRÂÆW‡W&–ÖVçFÅ÷V&Æ—6†W%÷7WÆVÖVçBÃã3‚÷3CS“‚Ó#RÓ#ScBÓ ¦¶÷¦Æ÷w6¶•ó##U÷66–VçF–f–5÷&W÷'G2ÆfööE÷v7FUö‡–G&ö6†%ó#C2Ã2ÃCC2Ã‚ãCSƒ33332Ã’ÃBãcCSƒ332Ã3rÆ‡–G&ö6†"Ã#CÃRãÃ#“’ãCÃSbãsÃ3ƒ"ãCs“ƒc“ƒrÇG'VRÂÆW‡W&–ÖVçFÅ÷V&Æ—6†W%÷7WÆVÖVçBÃã3‚÷3CS“‚Ó#RÓ#ScBÓ ¦¶÷¦Æ÷w6¶•ó##U÷66–VçF–f–5÷&W÷'G2ÆfööE÷v7FRÃÃCCBÃ‚ãSÃ’ÃBãc#SÃ3rÆæöæRÂÃãÃ#"ãCÃSbãƒÃ33rã“C3CS“’ÇG'VRÂÆW‡W&–ÖVçFÅ÷V&Æ—6†W%÷7WÆVÖVçBÃã3‚÷3CS“‚Ó#RÓ#ScBÓ ¦¶÷¦Æ÷w6¶•ó##U÷66–VçF–f–5÷&W÷'G2ÆfööE÷v7FRÃ"ÃCCBÃ‚ãSÃ’ÃBãc#SÃ3rÆæöæRÂÃãÃ#“ãSÃSbãƒÃ3S‚ãsc3SsrÇG'VRÂÆW‡W&–ÖVçFÅ÷V&Æ—6†W%÷7WÆVÖVçBÃã3‚÷3CS“‚Ó#RÓ#ScBÓ ¦¶÷¦Æ÷w6¶•ó##U÷66–VçF–f–5÷&W÷'G2ÆfööE÷v7FRÃ2ÃCCBÃ‚ãSÃ’ÃBãc#SÃ3rÆæöæRÂÃãÃ#’ãsÃSbãƒÃ3c"ãƒƒƒ“‚ÇG'VRÂÆW‡W&–ÖVçFÅ÷V&Æ—6†W%÷7WÆVÖVçBÃã3‚÷3CS“‚Ó#RÓ#ScBÓ ¦¶÷¦Æ÷w6¶•ó##U÷66–VçF–f–5÷&W÷'G2ÆfööE÷v7FU÷F÷'&Vf7F–öåó#C2ÃÃCCBÃ‚ãSÃ’ÃBãc#SÃ3rÇF÷'&Vf7F–öå÷&öGV7BÃ#CÃRãÃ##SrãsÃSbãƒÃ3“Rãc3cSsÇG'VRÂÆW‡W&–ÖVçFÅ÷V&Æ—6†W%÷7WÆVÖVçBÃã3‚÷3CS“‚Ó#RÓ#ScBÓ ¦¶÷¦Æ÷w6¶•ó##U÷66–VçF–f–5÷&W÷'G2ÆfööE÷v7FU÷F÷'&Vf7F–öåó#C2Ã"ÃCCBÃ‚ãSÃ’ÃBãc#SÃ3rÇF÷'&Vf7F–öå÷&öGV7BÃ#CÃRãÃCSrãsÃSbãƒÂÓã“CSS““BÆfÇ6RÆW†6ÇVFVEög&öÕ÷V&Æ—6†W%öÖVã²–æ6öç6—7FVçE÷&u÷6–væÂÆW‡W&–ÖVçFÅ÷V&Æ—6†W%÷7WÆVÖVçBÃã3‚÷3CS“‚Ó#RÓ#ScBÓ ¦¶÷¦Æ÷w6¶•ó##U÷66–VçF–f–5÷&W÷'G2ÆfööE÷v7FU÷F÷'&Vf7F–öåó#C2Ã2ÃCCBÃ‚ãSÃ’ÃBãc#SÃ3rÇF÷'&Vf7F–öå÷&öGV7BÃ#CÃRãÃ##cBã“ÃSbãƒÃ3“rã#SsSS#SbÇG'VRÂÆW‡W&–ÖVçFÅ÷V&Æ—6†W%÷7WÆVÖVçBÃã3‚÷3CS“‚Ó#RÓ#ScBÓ ¦¶÷¦Æ÷w6¶•ó##U÷66–VçF–f–5÷&W÷'G2ÆfööE÷v7FU÷—&öÇ—6—5óc2ÃÃCCBÃ‚ãSÃ’ÃBãc#SÃ3rÆ&–ö6†"ÃcÃRãÃ##BãcÃSbãƒÃ3cRãSSSSƒ“ÇG'VRÂÆW‡W&–ÖVçFÅ÷V&Æ—6†W%÷7WÆVÖVçBÃã3‚÷3CS“‚Ó#RÓ#ScBÓ ¦¶÷¦Æ÷w6¶•ó##U÷66–VçF–f–5÷&W÷'G2ÆfööE÷v7FU÷—&öÇ—6—5óc2Ã"ÃCCBÃ‚ãSÃ’ÃBãc#SÃ3rÆ&–ö6†"ÃcÃRãÃ#3RãÃSbãƒÃ3crã“SSC“s’ÇG'VRÂÆW‡W&–ÖVçFÅ÷V&Æ—6†W%÷7WÆVÖVçBÃã3‚÷3CS“‚Ó#RÓ#ScBÓ ¦¶÷¦Æ÷w6¶•ó##U÷66–VçF–f–5÷&W÷'G2ÆfööE÷v7FU÷—&öÇ—6—5óc2Ã2ÃCCBÃ‚ãSÃ’ÃBãc#SÃ3rÆ&–ö6†"ÃcÃRãÃƒsBãƒÃSbãƒÃ3’ãcƒbÆfÇ6RÆW†6ÇVFVEög&öÕ÷V&Æ—6†W%öÖVã²–æ6öç6—7FVçE÷&u÷6–væÂÆW‡W&–ÖVçFÅ÷V&Æ—6†W%÷7WÆVÖVçBÃã3‚÷3CS“‚Ó#RÓ#ScBÓ ¦¶÷¦Æ÷w6¶•ó##U÷66–VçF–f–5÷&W÷'G2ÆfööE÷v7FUö‡–G&ö6†%ó#C2ÃÃCCBÃ‚ãSÃ’ÃBãc#SÃ3rÆ‡–G&ö6†"Ã#CÃRãÃ##‚ã“ÃSbãƒÃ3ƒBãc3ƒs“3ÇG'VRÂÆW‡W&–ÖVçFÅ÷V&Æ—6†W%÷7WÆVÖVçBÃã3‚÷3CS“‚Ó#RÓ#ScBÓ ¦¶÷¦Æ÷w6¶•ó##U÷66–VçF–f–5÷&W÷'G2ÆfööE÷v7FUö‡–G&ö6†%ó#C2Ã"ÃCCBÃ‚ãSÃ’ÃBãc#SÃ3rÆ‡–G&ö6†"Ã#CÃRãÃ##ã3ÃSbãƒÃ3ƒ"ãccc3cc2ÇG'VRÂÆW‡W&–ÖVçFÅ÷V&Æ—6†W%÷7WÆVÖVçBÃã3‚÷3CS“‚Ó#RÓ#ScBÓ ¦¶÷¦Æ÷w6¶•ó##U÷66–VçF–f–5÷&W÷'G2ÆfööE÷v7FUö‡–G&ö6†%ó#C2Ã2ÃCCBÃ‚ãSÃ’ÃBãc#SÃ3rÆ‡–G&ö6†"Ã#CÃRãÃ#“’ãsÃSbãƒÃ3ƒ"ãS#ScSbÇG'VRÂÆW‡W&–ÖVçFÅ÷V&Æ—6†W%÷7WÆVÖVçBÃã3‚÷3CS“‚Ó#RÓ#ScBÓ ¦¶÷¦Æ÷w6¶•ó##U÷66–VçF–f–5÷&W÷'G2ÆfööE÷v7FRÃÃCCRÃ‚ãSCccccrÃ’ÃBãc3SCccrÃ3rÆæöæRÂÃãÃ#"ãsÃSbã“Ã33rã“ƒƒcSƒ‚ÇG'VRÂÆW‡W&–ÖVçFÅ÷V&Æ—6†W%÷7WÆVÖVçBÃã3‚÷3CS“‚Ó#RÓ#ScBÓ ¦¶÷¦Æ÷w6¶•ó##U÷66–VçF–f–5÷&W÷'G2ÆfööE÷v7FRÃ"ÃCCRÃ‚ãSCccccrÃ’ÃBãc3SCccrÃ3rÆæöæRÂÃãÃ#“ãƒÃSbã“Ã3S‚ã#SCƒƒbÇG'VRÂÆW‡W&–ÖVçFÅ÷V&Æ—6†W%÷7WÆVÖVçBÃã3‚÷3CS“‚Ó#RÓ#ScBÓ ¦¶÷¦Æ÷w6¶•ó##U÷66–VçF–f–5÷&W÷'G2ÆfööE÷v7FRÃ2ÃCCRÃ‚ãSCccccrÃ’ÃBãc3SCccrÃ3rÆæöæRÂÃãÃ#ãÃSbã“Ã3c"ã#33““#crÇG'VRÂÆW‡W&–ÖVçFÅ÷V&Æ—6†W%÷7WÆVÖVçBÃã3‚÷3CS“‚Ó#RÓ#ScBÓ ¦¶÷¦Æ÷w6¶•ó##U÷66–VçF–f–5÷&W÷'G2ÆfööE÷v7FU÷F÷'&Vf7F–öåó#C2ÃÃCCRÃ‚ãSCccccrÃ’ÃBãc3SCccrÃ3rÇF÷'&Vf7F–öå÷&öGV7BÃ#CÃRãÃ##S‚ãSÃSbã“Ã3“Rãsƒƒƒ##c2ÇG'VRÂÆW‡W&–ÖVçFÅ÷V&Æ—6†W%÷7WÆVÖVçBÃã3‚÷3CS“‚Ó#RÓ#ScBÓ ¦¶÷¦Æ÷w6¶•ó##U÷66–VçF–f–5÷&W÷'G2ÆfööE÷v7FU÷F÷'&Vf7F–öåó#C2Ã"ÃCCRÃ‚ãSCccccrÃ’ÃBãc3SCccrÃ3rÇF÷'&Vf7F–öå÷&öGV7BÃ#CÃRãÃCS‚ãSÃSbã“ÂÓã“3c3ƒ“"ÆfÇ6RÆW†6ÇVFVEög&öÕ÷V&Æ—6†W%öÖVã²–æ6öç6—7FVçE÷&u÷6–væÂÆW‡W&–ÖVçFÅ÷V&Æ—6†W%÷7WÆVÖVçBÃã3‚÷3CS“‚Ó#RÓ#ScBÓ ¦¶÷¦Æ÷w6¶•ó##U÷66–VçF–f–5÷&W÷'G2ÆfööE÷v7FU÷F÷'&Vf7F–öåó#C2Ã2ÃCCRÃ‚ãSCccccrÃ’ÃBãc3SCccrÃ3rÇF÷'&Vf7F–öå÷&öGV7BÃ#CÃRãÃ##cRã3ÃSbã“Ã3“rã3#S3CÇG'VRÂÆW‡W&–ÖVçFÅ÷V&Æ—6†W%÷7WÆVÖVçBÃã3‚÷3CS“‚Ó#RÓ#ScBÓ ¦¶÷¦Æ÷w6¶•ó##U÷66–VçF–f–5÷&W÷'G2ÆfööE÷v7FU÷—&öÇ—6—5óc2ÃÃCCRÃ‚ãSCccccrÃ’ÃBãc3SCccrÃ3rÆ&–ö6†"ÃcÃRãÃ##RãÃSbã“Ã3cRãc#33c“C2ÇG'VRÂÆW‡W&–ÖVçFÅ÷V&Æ—6†W%÷7WÆVÖVçBÃã3‚÷3CS“‚Ó#RÓ#ScBÓ ¦¶÷¦Æ÷w6¶•ó##U÷66–VçF–f–5÷&W÷'G2ÆfööE÷v7FU÷—&öÇ—6—5óc2Ã"ÃCCRÃ‚ãSCccccrÃ’ÃBãc3SCccrÃ3rÆ&–ö6†"ÃcÃRãÃ#3RãCÃSbã“Ã3crã“s333s3"ÇG'VRÂÆW‡W&–ÖVçFÅ÷V&Æ—6†W%÷7WÆVÖVçBÃã3‚÷3CS“‚Ó#RÓ#ScBÓ ¦¶÷¦Æ÷w6¶•ó##U÷66–VçF–f–5÷&W÷'G2ÆfööE÷v7FU÷—&öÇ—6—5óc2Ã2ÃCCRÃ‚ãSCccccrÃ’ÃBãc3SCccrÃ3rÆ&–ö6†"ÃcÃRãÃƒsRãÃSbã“Ã3’ã33sScsÆfÇ6RÆW†6ÇVFVEög&öÕ÷V&Æ—6†W%öÖVã²–æ6öç6—7FVçE÷&u÷6–væÂÆW‡W&–ÖVçFÅ÷V&Æ—6†W%÷7WÆVÖVçBÃã3‚÷3CS“‚Ó#RÓ#ScBÓ ¦¶÷¦Æ÷w6¶•ó##U÷66–VçF–f–5÷&W÷'G2ÆfööE÷v7FUö‡–G&ö6†%ó#C2ÃÃCCRÃ‚ãSCccccrÃ’ÃBãc3SCccrÃ3rÆ‡–G&ö6†"Ã#CÃRãÃ##’ãcÃSbã“Ã3ƒBãs3“CSC3‚ÇG'VRÂÆW‡W&–ÖVçFÅ÷V&Æ—6†W%÷7WÆVÖVçBÃã3‚÷3CS“‚Ó#RÓ#ScBÓ ¦¶÷¦Æ÷w6¶•ó##U÷66–VçF–f–5÷&W÷'G2ÆfööE÷v7FUö‡–G&ö6†%ó#C2Ã"ÃCCRÃ‚ãSCccccrÃ’ÃBãc3SCccrÃ3rÆ‡–G&ö6†"Ã#CÃRãÃ##ãÃSbã“Ã3ƒ"ãs“c#sÇG'VRÂÆW‡W&–ÖVçFÅ÷V&Æ—6†W%÷7WÆVÖVçBÃã3‚÷3CS“‚Ó#RÓ#ScBÓ ¦¶÷¦Æ÷w6¶•ó##U÷66–VçF–f–5÷&W÷'G2ÆfööE÷v7FUö‡–G&ö6†%ó#C2Ã2ÃCCRÃ‚ãSCccccrÃ’ÃBãc3SCccrÃ3rÆ‡–G&ö6†"Ã#CÃRãÃ##ãÃSbã“Ã3ƒ"ãSs#S3#RÇG'VRÂÆW‡W&–ÖVçFÅ÷V&Æ—6†W%÷7WÆVÖVçBÃã3‚÷3CS“‚Ó#RÓ#ScBÓ ¦¶÷¦Æ÷w6¶•ó##U÷66–VçF–f–5÷&W÷'G2ÆfööE÷v7FRÃÃCCbÃ‚ãSƒ333332Ã’ÃBãcCSƒ3332Ã3rÆæöæRÂÃãÃ#2ãÃSrãÃ33‚ã33ƒC#S‚ÇG'VRÂÆW‡W&–ÖVçFÅ÷V&Æ—6†W%÷7WÆVÖVçBÃã3‚÷3CS“‚Ó#RÓ#ScBÓ ¦¶÷¦Æ÷w6¶•ó##U÷66–VçF–f–5÷&W÷'G2ÆfööE÷v7FRÃ"ÃCCbÃ‚ãSƒ333332Ã’ÃBãcCSƒ3332Ã3rÆæöæRÂÃãÃ#“"ãÃSrãÃ3S‚ãccsCSRÇG'VRÂÆW‡W&–ÖVçFÅ÷V&Æ—6†W%÷7WÆVÖVçBÃã3‚÷3CS“‚Ó#RÓ#ScBÓ ¦¶÷¦Æ÷w6¶•ó##U÷66–VçF–f–5÷&W÷'G2ÆfööE÷v7FRÃ2ÃCCbÃ‚ãSƒ333332Ã’ÃBãcCSƒ3332Ã3rÆæöæRÂÃãÃ#ãCÃSrãÃ3c"ã3sƒ#ÇG'VRÂÆW‡W&–ÖVçFÅ÷V&Æ—6†W%÷7WÆVÖVçBÃã3‚÷3CS“‚Ó#RÓ#ScBÓ ¦¶÷¦Æ÷w6¶•ó##U÷66–VçF–f–5÷&W÷'G2ÆfööE÷v7FU÷F÷'&Vf7F–öåó#C2ÃÃCCbÃ‚ãSƒ333332Ã’ÃBãcCSƒ3332Ã3rÇF÷'&Vf7F–öå÷&öGV7BÃ#CÃRãÃ##S’ã3ÃSrãÃ3“Rã“Cc““3SRÇG'VRÂÆW‡W&–ÖVçFÅ÷V&Æ—6†W%÷7WÆVÖVçBÃã3‚÷3CS“‚Ó#RÓ#ScBÓ ¦¶÷¦Æ÷w6¶•ó##U÷66–VçF–f–5÷&W÷'G2ÆfööE÷v7FU÷F÷'&Vf7F–öåó#C2Ã"ÃCCbÃ‚ãSƒ333332Ã’ÃBãcCSƒ3332Ã3rÇF÷'&Vf7F–öå÷&öGV7BÃ#CÃRãÃCS’ã3ÃSrãÂÓãssƒ#ƒÆfÇ6RÆW†6ÇVFVEög&öÕ÷V&Æ—6†W%öÖVã²–æ6öç6—7FVçE÷&u÷6–væÂÆW‡W&–ÖVçFÅ÷V&Æ—6†W%÷7WÆVÖVçBÃã3‚÷3CS“‚Ó#RÓ#ScBÓ ¦¶÷¦Æ÷w6¶•ó##U÷66–VçF–f–5÷&W÷'G2ÆfööE÷v7FU÷F÷'&Vf7F–öåó#C2Ã2ÃCCbÃ‚ãSƒ333332Ã’ÃBãcCSƒ3332Ã3rÇF÷'&Vf7F–öå÷&öGV7BÃ#CÃRãÃ##cRãsÃSrãÃ3“rã3“3#sc2ÇG'VRÂÆW‡W&–ÖVçFÅ÷V&Æ—6†W%÷7WÆVÖVçBÃã3‚÷3CS“‚Ó#RÓ#ScBÓ ¦¶÷¦Æ÷w6¶•ó##U÷66–VçF–f–5÷&W÷'G2ÆfööE÷v7FU÷—&öÇ—6—5óc2ÃÃCCbÃ‚ãSƒ333332Ã’ÃBãcCSƒ3332Ã3rÆ&–ö6†"ÃcÃRãÃ##RãCÃSrãÃ3cRãc“Sc“rÇG'VRÂÆW‡W&–ÖVçFÅ÷V&Æ—6†W%÷7WÆVÖVçBÃã3‚÷3CS“‚Ó#RÓ#ScBÓ ¦¶÷¦Æ÷w6¶•ó##U÷66–VçF–f–5÷&W÷'G2ÆfööE÷v7FU÷—&öÇ—6—5óc2Ã"ÃCCbÃ‚ãSƒ333332Ã’ÃBãcCSƒ3332Ã3rÆ&–ö6†"ÃcÃRãÃ#3Rã“ÃSrãÃ3c‚ãc3s#sÇG'VRÂÆW‡W&–ÖVçFÅ÷V&Æ—6†W%÷7WÆVÖVçBÃã3‚÷3CS“‚Ó#RÓ#ScBÓ ¦¶÷¦Æ÷w6¶•ó##U÷66–VçF–f–5÷&W÷'G2ÆfööE÷v7FU÷—&öÇ—6—5óc2Ã2ÃCCbÃ‚ãSƒ333332Ã’ÃBãcCSƒ3332Ã3rÆ&–ö6†"ÃcÃRãÃƒsRã3ÃSrãÃ3’ãsƒ“Cƒ3’ÆfÇ6RÆW†6ÇVFVEög&öÕ÷V&Æ—6†W%öÖVã²–æ6öç6—7FVçE÷&u÷6–væÂÆW‡W&–ÖVçFÅ÷V&Æ—6†W%÷7WÆVÖVçBÃã3‚÷3CS“‚Ó#RÓ#ScBÓ ¦¶÷¦Æ÷w6¶•ó##U÷66–VçF–f–5÷&W÷'G2ÆfööE÷v7FUö‡–G&ö6†%ó#C2ÃÃCCbÃ‚ãSƒ333332Ã’ÃBãcCSƒ3332Ã3rÆ‡–G&ö6†"Ã#CÃRãÃ##ã3ÃSrãÃ3ƒBãƒsS#“CRÇG'VRÂÆW‡W&–ÖVçFÅ÷V&Æ—6†W%÷7WÆVÖVçBÃã3‚÷3CS“‚Ó#RÓ#ScBÓ ¦¶÷¦Æ÷w6¶•ó##U÷66–VçF–f–5÷&W÷'G2ÆfööE÷v7FUö‡–G&ö6†%ó#C2Ã"ÃCCbÃ‚ãSƒ333332Ã’ÃBãcCSƒ3332Ã3rÆ‡–G&ö6†"Ã#CÃRãÃ##ãsÃSrãÃ3ƒ"ã“3sƒcsrÇG'VRÂÆW‡W&–ÖVçFÅ÷V&Æ—6†W%÷7WÆVÖVçBÃã3‚÷3CS“‚Ó#RÓ#ScBÓ ¦¶÷¦Æ÷w6¶•ó##U÷66–VçF–f–5÷&W÷'G2ÆfööE÷v7FUö‡–G&ö6†%ó#C2Ã2ÃCCbÃ‚ãSƒ333332Ã’ÃBãcCSƒ3332Ã3rÆ‡–G&ö6†"Ã#CÃRãÃ##ãCÃSrãÃ3ƒ"ãc3ƒCs’ÇG'VRÂÆW‡W&–ÖVçFÅ÷V&Æ—6†W%÷7WÆVÖVçBÃã3‚÷3CS“‚Ó#RÓ#ScBÓ ¦¶÷¦Æ÷w6¶•ó##U÷66–VçF–f–5÷&W÷'G2ÆfööE÷v7FRÃÃCCrÃ‚ãc#SÃ’ÃBãcSc#SÃ3rÆæöæRÂÃãÃ#2ã3ÃSrãÃ33‚ãs“3C#rÇG'VRÂÆW‡W&–ÖVçFÅ÷V&Æ—6†W%÷7WÆVÖVçBÃã3‚÷3CS“‚Ó#RÓ#ScBÓ ¦¶÷¦Æ÷w6¶•ó##U÷66–VçF–f–5÷&W÷'G2ÆfööE÷v7FRÃ"ÃCCrÃ‚ãc#SÃ’ÃBãcSc#SÃ3rÆæöæRÂÃãÃ#“"ãCÃSrãÃ3S‚ã#“3##BÇG'VRÂÆW‡W&–ÖVçFÅ÷V&Æ—6†W%÷7WÆVÖVçBÃã3‚÷3CS“‚Ó#RÓ#ScBÓ ¦¶÷¦Æ÷w6¶•ó##U÷66–VçF–f–5÷&W÷'G2ÆfööE÷v7FRÃ2ÃCCrÃ‚ãc#SÃ’ÃBãcSc#SÃ3rÆæöæRÂÃãÃ#ãsÃSrãÃ3c"ã3Cc“sƒ’ÇG'VRÂÆW‡W&–ÖVçFÅ÷V&Æ—6†W%÷7WÆVÖVçBÃã3‚÷3CS“‚Ó#RÓ#ScBÓ ¦¶÷¦Æ÷w6¶•ó##U÷66–VçF–f–5÷&W÷'G2ÆfööE÷v7FU÷F÷'&Vf7F–öåó#C2ÃÃCCrÃ‚ãc#SÃ’ÃBãcSc#SÃ3rÇF÷'&Vf7F–öå÷&öGV7BÃ#CÃRãÃ##cã#ÃSrãÃ3“bã#ssc3ÇG'VRÂÆW‡W&–ÖVçFÅ÷V&Æ—6†W%÷7WÆVÖVçBÃã3‚÷3CS“‚Ó#RÓ#ScBÓ ¦¶÷¦Æ÷w6¶•ó##U÷66–VçF–f–5÷&W÷'G2ÆfööE÷v7FU÷F÷'&Vf7F–öåó#C2Ã"ÃCCrÃ‚ãc#SÃ’ÃBãcSc#SÃ3rÇF÷'&Vf7F–öå÷&öGV7BÃ#CÃRãÃCcãÃSrãÂÓãc#Cs’ÆfÇ6RÆW†6ÇVFVEög&öÕ÷V&Æ—6†W%öÖVã²–æ6öç6—7FVçE÷&u÷6–væÂÆW‡W&–ÖVçFÅ÷V&Æ—6†W%÷7WÆVÖVçBÃã3‚÷3CS“‚Ó#RÓ#ScBÓ ¦¶÷¦Æ÷w6¶•ó##U÷66–VçF–f–5÷&W÷'G2ÆfööE÷v7FU÷F÷'&Vf7F–öåó#C2Ã2ÃCCrÃ‚ãc#SÃ’ÃBãcSc#SÃ3rÇF÷'&Vf7F–öå÷&öGV7BÃ#CÃRãÃ##cbãÃSrãÃ3“rãCc“SrÇG'VRÂÆW‡W&–ÖVçFÅ÷V&Æ—6†W%÷7WÆVÖVçBÃã3‚÷3CS“‚Ó#RÓ#ScBÓ ¦¶÷¦Æ÷w6¶•ó##U÷66–VçF–f–5÷&W÷'G2ÆfööE÷v7FU÷—&öÇ—6—5óc2ÃÃCCrÃ‚ãc#SÃ’ÃBãcSc#SÃ3rÆ&–ö6†"ÃcÃRãÃ##RãsÃSrãÃ3cRãs3c3CƒcbÇG'VRÂÆW‡W&–ÖVçFÅ÷V&Æ—6†W%÷7WÆVÖVçBÃã3‚÷3CS“‚Ó#RÓ#ScBÓ ¦¶÷¦Æ÷w6¶•ó##U÷66–VçF–f–5÷&W÷'G2ÆfööE÷v7FU÷—&öÇ—6—5óc2Ã"ÃCCrÃ‚ãc#SÃ’ÃBãcSc#SÃ3rÆ&–ö6†"ÃcÃRãÃ#3bã3ÃSrãÃ3c‚ã3Sƒ#BÇG'VRÂÆW‡W&–ÖVçFÅ÷V&Æ—6†W%÷7WÆVÖVçBÃã3‚÷3CS“‚Ó#RÓ#ScBÓ ¦¶÷¦Æ÷w6¶•ó##U÷66–VçF–f–5÷&W÷'G2ÆfööE÷v7FU÷—&öÇ—6—5óc2Ã2ÃCCrÃ‚ãc#SÃ’ÃBãcSc#SÃ3rÆ&–ö6†"ÃcÃRãÃƒsRãcÃSrãÃ3’ã##CC‚ÆfÇ6RÆW†6ÇVFVEög&öÕ÷V&Æ—6†W%öÖVã²–æ6öç6—7FVçE÷&u÷6–væÂÆW‡W&–ÖVçFÅ÷V&Æ—6†W%÷7WÆVÖVçBÃã3‚÷3CS“‚Ó#RÓ#ScBÓ ¦¶÷¦Æ÷w6¶•ó##U÷66–VçF–f–5÷&W÷'G2ÆfööE÷v7FUö‡–G&ö6†%ó#C2ÃÃCCrÃ‚ãc#SÃ’ÃBãcSc#SÃ3rÆ‡–G&ö6†"Ã#CÃRãÃ##ãÃSrãÃ3ƒRã33#3rÇG'VRÂÆW‡W&–ÖVçFÅ÷V&Æ—6†W%÷7WÆVÖVçBÃã3‚÷3CS“‚Ó#RÓ#ScBÓ ¦¶÷¦Æ÷w6¶•ó##U÷66–VçF–f–5÷&W÷'G2ÆfööE÷v7FUö‡–G&ö6†%ó#C2Ã"ÃCCrÃ‚ãc#SÃ’ÃBãcSc#SÃ3rÆ‡–G&ö6†"Ã#CÃRãÃ##"ãSÃSrãÃ3ƒ2ãƒ““Ssc’ÇG'VRÂÆW‡W&–ÖVçFÅ÷V&Æ—6†W%÷7WÆVÖVçBÃã3‚÷3CS“‚Ó#RÓ#ScBÓ ¦¶÷¦Æ÷w6¶•ó##U÷66–VçF–f–5÷&W÷'G2ÆfööE÷v7FUö‡–G&ö6†%ó#C2Ã2ÃCCrÃ‚ãc#SÃ’ÃBãcSc#SÃ3rÆ‡–G&ö6†"Ã#CÃRãÃ##ãsÃSrãÃ3ƒ"ãcƒ3#3#C‚ÇG'VRÂÆW‡W&–ÖVçFÅ÷V&Æ—6†W%÷7WÆVÖVçBÃã3‚÷3CS“‚Ó#RÓ#ScBÓ ¦¶÷¦Æ÷w6¶•ó##U÷66–VçF–f–5÷&W÷'G2ÆfööE÷v7FRÃÃCC‚Ã‚ãcccccccrÃ’ÃBãcccccccrÃ3rÆæöæRÂÃãÃ#2ãcÃSrã#Ã33‚ã#C##S“bÇG'VRÂÆW‡W&–ÖVçFÅ÷V&Æ—6†W%÷7WÆVÖVçBÃã3‚÷3CS“‚Ó#RÓ#ScBÓ ¦¶÷¦Æ÷w6¶•ó##U÷66–VçF–f–5÷&W÷'G2ÆfööE÷v7FRÃ"ÃCC‚Ã‚ãcccccccrÃ’ÃBãcccccccrÃ3rÆæöæRÂÃãÃ#“"ãsÃSrã#Ã3S‚ã#Ss#3“2ÇG'VRÂÆW‡W&–ÖVçFÅ÷V&Æ—6†W%÷7WÆVÖVçBÃã3‚÷3CS“‚Ó#RÓ#ScBÓ ¦¶÷¦Æ÷w6¶•ó##U÷66–VçF–f–5÷&W÷'G2ÆfööE÷v7FRÃ2ÃCC‚Ã‚ãcccccccrÃ’ÃBãcccccccrÃ3rÆæöæRÂÃãÃ#ãÃSrã#Ã3c"ã3“#c3S‚ÇG'VRÂÆW‡W&–ÖVçFÅ÷V&Æ—6†W%÷7WÆVÖVçBÃã3‚÷3CS“‚Ó#RÓ#ScBÓ ¦¶÷¦Æ÷w6¶•ó##U÷66–VçF–f–5÷&W÷'G2ÆfööE÷v7FU÷F÷'&Vf7F–öåó#C2ÃÃCC‚Ã‚ãcccccccrÃ’ÃBãcccccccrÃ3rÇF÷'&Vf7F–öå÷&öGV7BÃ#CÃRãÃ##cãÃSrã#Ã3“bã#ƒS“3#"ÇG'VRÂÆW‡W&–ÖVçFÅ÷V&Æ—6†W%÷7WÆVÖVçBÃã3‚÷3CS“‚Ó#RÓ#ScBÓ ¦¶÷¦Æ÷w6¶•ó##U÷66–VçF–f–5÷&W÷'G2ÆfööE÷v7FU÷F÷'&Vf7F–öåó#C2Ã"ÃCC‚Ã‚ãcccccccrÃ’ÃBãcccccccrÃ3rÇF÷'&Vf7F–öå÷&öGV7BÃ#CÃRãÃCcã“ÃSrã#ÂÓãCcƒsc#‚ÆfÇ6RÆW†6ÇVFVEög&öÕ÷V&Æ—6†W%öÖVã²–æ6öç6—7FVçE÷&u÷6–væÂÆW‡W&–ÖVçFÅ÷V&Æ—6†W%÷7WÆVÖVçBÃã3‚÷3CS“‚Ó#RÓ#ScBÓ ¦¶÷¦Æ÷w6¶•ó##U÷66–VçF–f–5÷&W÷'G2ÆfööE÷v7FU÷F÷'&Vf7F–öåó#C2Ã2ÃCC‚Ã‚ãcccccccrÃ’ÃBãcccccccrÃ3rÇF÷'&Vf7F–öå÷&öGV7BÃ#CÃRãÃ##cbãSÃSrã#Ã3“rãS#ƒs#sÇG'VRÂÆW‡W&–ÖVçFÅ÷V&Æ—6†W%÷7WÆVÖVçBÃã3‚÷3CS“‚Ó#RÓ#ScBÓ ¦¶÷¦Æ÷w6¶•ó##U÷66–VçF–f–5÷&W÷'G2ÆfööE÷v7FU÷—&öÇ—6—5óc2ÃÃCC‚Ã‚ãcccccccrÃ’ÃBãcccccccrÃ3rÆ&–ö6†"ÃcÃRãÃ##bãÃSrã#Ã3cRãƒC3c’ÇG'VRÂÆW‡W&–ÖVçFÅ÷V&Æ—6†W%÷7WÆVÖVçBÃã3‚÷3CS“‚Ó#RÓ#ScBÓ ¦¶÷¦Æ÷w6¶•ó##U÷66–VçF–f–5÷&W÷'G2ÆfööE÷v7FU÷—&öÇ—6—5óc2Ã"ÃCC‚Ã‚ãcccccccrÃ’ÃBãcccccccrÃ3rÆ&–ö6†"ÃcÃRãÃ#3bãsÃSrã#Ã3c‚ã““#“SsrÇG'VRÂÆW‡W&–ÖVçFÅ÷V&Æ—6†W%÷7WÆVÖVçBÃã3‚÷3CS“‚Ó#RÓ#ScBÓ ¦¶÷¦Æ÷w6¶•ó##U÷66–VçF–f–5÷&W÷'G2ÆfööE÷v7FU÷—&öÇ—6—5óc2Ã2ÃCC‚Ã‚ãcccccccrÃ’ÃBãcccccccrÃ3rÆ&–ö6†"ÃcÃRãÃƒsRãƒÃSrã#Ã3’ã#Ccs3S“2ÆfÇ6RÆW†6ÇVFVEög&öÕ÷V&Æ—6†W%öÖVã²–æ6öç6—7FVçE÷&u÷6–væÂÆW‡W&–ÖVçFÅ÷V&Æ—6†W%÷7WÆVÖVçBÃã3‚÷3CS“‚Ó#RÓ#ScBÓ ¦¶÷¦Æ÷w6¶•ó##U÷66–VçF–f–5÷&W÷'G2ÆfööE÷v7FUö‡–G&ö6†%ó#C2ÃÃCC‚Ã‚ãcccccccrÃ’ÃBãcccccccrÃ3rÆ‡–G&ö6†"Ã#CÃRãÃ##ãƒÃSrã#Ã3ƒRãcƒssSCBÇG'VRÂÆW‡W&–ÖVçFÅ÷V&Æ—6†W%÷7WÆVÖVçBÃã3‚÷3CS“‚Ó#RÓ#ScBÓ ¦¶÷¦Æ÷w6¶•ó##U÷66–VçF–f–5÷&W÷'G2ÆfööE÷v7FUö‡–G&ö6†%ó#C2Ã"ÃCC‚Ã‚ãcccccccrÃ’ÃBãcccccccrÃ3rÆ‡–G&ö6†"Ã#CÃRãÃ##2ã#ÃSrã#Ã3ƒ2ã##SS3#sbÇG'VRÂÆW‡W&–ÖVçFÅ÷V&Æ—6†W%÷7WÆVÖVçBÃã3‚÷3CS“‚Ó#RÓ#ScBÓ ¦¶÷¦Æ÷w6¶•ó##U÷66–VçF–f–5÷&W÷'G2ÆfööE÷v7FUö‡–G&ö6†%ó#C2Ã2ÃCC‚Ã‚ãcccccccrÃ’ÃBãcccccccrÃ3rÆ‡–G&ö6†"Ã#CÃRãÃ##ãÃSrã#Ã3ƒ"ãs#ƒC#CrÇG'VRÂÆW‡W&–ÖVçFÅ÷V&Æ—6†W%÷7WÆVÖVçBÃã3‚÷3CS“‚Ó#RÓ#ScBÓ ¦¶÷¦Æ÷w6¶•ó##U÷66–VçF–f–5÷&W÷'G2ÆfööE÷v7FRÃÃCC’Ã‚ãsƒ33332Ã’ÃBãcssƒ332Ã3rÆæöæRÂÃãÃ#2ã“ÃSrã3Ã33‚ãc“CscRÇG'VRÂÆW‡W&–ÖVçFÅ÷V&Æ—6†W%÷7WÆVÖVçBÃã3‚÷3CS“‚Ó#RÓ#ScBÓ ¦¶÷¦Æ÷w6¶•ó##U÷66–VçF–f–5÷&W÷'G2ÆfööE÷v7FRÃ"ÃCC’Ã‚ãsƒ33332Ã’ÃBãcssƒ332Ã3rÆæöæRÂÃãÃ#“2ãÃSrã3Ã3S‚ã3#3Sc"ÇG'VRÂÆW‡W&–ÖVçFÅ÷V&Æ—6†W%÷7WÆVÖVçBÃã3‚÷3CS“‚Ó#RÓ#ScBÓ ¦¶÷¦Æ÷w6¶•ó##U÷66–VçF–f–5÷&W÷'G2ÆfööE÷v7FRÃ2ÃCC’Ã‚ãsƒ33332Ã’ÃBãcssƒ332Ã3rÆæöæRÂÃãÃ#ãCÃSrã3Ã3c"ãCS““S"ÇG'VRÂÆW‡W&–ÖVçFÅ÷V&Æ—6†W%÷7WÆVÖVçBÃã3‚÷3CS“‚Ó#RÓ#ScBÓ ¦¶÷¦Æ÷w6¶•ó##U÷66–VçF–f–5÷&W÷'G2ÆfööE÷v7FU÷F÷'&Vf7F–öåó#C2ÃÃCC’Ã‚ãsƒ33332Ã’ÃBãcssƒ332Ã3rÇF÷'&Vf7F–öå÷&öGV7BÃ#CÃRãÃ##cãƒÃSrã3Ã3“bãCCC#BÇG'VRÂÆW‡W&–ÖVçFÅ÷V&Æ—6†W%÷7WÆVÖVçBÃã3‚÷3CS“‚Ó#RÓ#ScBÓ ¦¶÷¦Æ÷w6¶•ó##U÷66–VçF–f–5÷&W÷'G2ÆfööE÷v7FU÷F÷'&Vf7F–öåó#C2Ã"ÃCC’Ã‚ãsƒ33332Ã’ÃBãcssƒ332Ã3rÇF÷'&Vf7F–öå÷&öGV7BÃ#CÃRãÃCcãsÃSrã3ÂÓã33sS3bÆfÇ6RÆW†6ÇVFVEög&öÕ÷V&Æ—6†W%öÖVã²–æ6öç6—7FVçE÷&u÷6–væÂÆW‡W&–ÖVçFÅ÷V&Æ—6†W%÷7WÆVÖVçBÃã3‚÷3CS“‚Ó#RÓ#ScBÓ ¦¶÷¦Æ÷w6¶•ó##U÷66–VçF–f–5÷&W÷'G2ÆfööE÷v7FU÷F÷'&Vf7F–öåó#C2Ã2ÃCC’Ã‚ãsƒ33332Ã’ÃBãcssƒ332Ã3rÇF÷'&Vf7F–öå÷&öGV7BÃ#CÃRãÃ##cbã“ÃSrã3Ã3“rãS“cC“#BÇG'VRÂÆW‡W&–ÖVçFÅ÷V&Æ—6†W%÷7WÆVÖVçBÃã3‚÷3CS“‚Ó#RÓ#ScBÓ ¦¶÷¦Æ÷w6¶•ó##U÷66–VçF–f–5÷&W÷'G2ÆfööE÷v7FU÷—&öÇ—6—5óc2ÃÃCC’Ã‚ãsƒ33332Ã’ÃBãcssƒ332Ã3rÆ&–ö6†"ÃcÃRãÃ##bãSÃSrã3Ã3cRãƒs“#3s2ÇG'VRÂÆW‡W&–ÖVçFÅ÷V&Æ—6†W%÷7WÆVÖVçBÃã3‚÷3CS“‚Ó#RÓ#ScBÓ ¦¶÷¦Æ÷w6¶•ó##U÷66–VçF–f–5÷&W÷'G2ÆfööE÷v7FU÷—&öÇ—6—5óc2Ã"ÃCC’Ã‚ãsƒ33332Ã’ÃBãcssƒ332Ã3rÆ&–ö6†"ÃcÃRãÃ#3rã#ÃSrã3Ã3c‚ã#ƒ“cs“RÇG'VRÂÆW‡W&–ÖVçFÅ÷V&Æ—6†W%÷7WÆVÖVçBÃã3‚÷3CS“‚Ó#RÓ#ScBÓ ¦¶÷¦Æ÷w6¶•ó##U÷66–VçF–f–5÷&W÷'G2ÆfööE÷v7FU÷—&öÇ—6—5óc2Ã2ÃCC’Ã‚ãsƒ33332Ã’ÃBãcssƒ332Ã3rÆ&–ö6†"ÃcÃRãÃƒsbãÃSrã3Ã3’ã#““#sc"ÆfÇ6RÆW†6ÇVFVEög&öÕ÷V&Æ—6†W%öÖVã²–æ6öç6—7FVçE÷&u÷6–væÂÆW‡W&–ÖVçFÅ÷V&Æ—6†W%÷7WÆVÖVçBÃã3‚÷3CS“‚Ó#RÓ#ScBÓ ¦¶÷¦Æ÷w6¶•ó##U÷66–VçF–f–5÷&W÷'G2ÆfööE÷v7FUö‡–G&ö6†%ó#C2ÃÃCC’Ã‚ãsƒ33332Ã’ÃBãcssƒ332Ã3rÆ‡–G&ö6†"Ã#CÃRãÃ##"ãSÃSrã3Ã3ƒRã3C3SSÇG'VRÂÆW‡W&–ÖVçFÅ÷V&Æ—6†W%÷7WÆVÖVçBÃã3‚÷3CS“‚Ó#RÓ#ScBÓ ¦¶÷¦Æ÷w6¶•ó##U÷66–VçF–f–5÷&W÷'G2ÆfööE÷v7FUö‡–G&ö6†%ó#C2Ã"ÃCC’Ã‚ãsƒ33332Ã’ÃBãcssƒ332Ã3rÆ‡–G&ö6†"Ã#CÃRãÃ##2ã“ÃSrã3Ã3ƒ2ã3csƒ2ÇG'VRÂÆW‡W&–ÖVçFÅ÷V&Æ—6†W%÷7WÆVÖVçBÃã3‚÷3CS“‚Ó#RÓ#ScBÓ ¦¶÷¦Æ÷w6¶•ó##U÷66–VçF–f–5÷&W÷'G2ÆfööE÷v7FUö‡–G&ö6†%ó#C2Ã2ÃCC’Ã‚ãsƒ33332Ã’ÃBãcssƒ332Ã3rÆ‡–G&ö6†"Ã#CÃRãÃ##ãCÃSrã3Ã3ƒ"ãs“c#sÇG'VRÂÆW‡W&–ÖVçFÅ÷V&Æ—6†W%÷7WÆVÖVçBÃã3‚÷3CS“‚Ó#RÓ#ScBÓ ¦¶÷¦Æ÷w6¶•ó##U÷66–VçF–f–5÷&W÷'G2ÆfööE÷v7FRÃÃCSÃ‚ãsSÃ’ÃBãcƒsSÃ3rÆæöæRÂÃãÃ#Bã#ÃSrãCÃ33‚ã#Cc“3BÇG'VRÂÆW‡W&–ÖVçFÅ÷V&Æ—6†W%÷7WÆVÖVçBÃã3‚÷3CS“‚Ó#RÓ#ScBÓ ¦¶÷¦Æ÷w6¶•ó##U÷66–VçF–f–5÷&W÷'G2ÆfööE÷v7FRÃ"ÃCSÃ‚ãsSÃ’ÃBãcƒsSÃ3rÆæöæRÂÃãÃ#“2ã3ÃSrãCÃ3S‚ã3CsSs3ÇG'VRÂÆW‡W&–ÖVçFÅ÷V&Æ—6†W%÷7WÆVÖVçBÃã3‚÷3CS“‚Ó#RÓ#ScBÓ ¦¶÷¦Æ÷w6¶•ó##U÷66–VçF–f–5÷&W÷'G2ÆfööE÷v7FRÃ2ÃCSÃ‚ãsSÃ’ÃBãcƒsSÃ3rÆæöæRÂÃãÃ#ãsÃSrãCÃ3c"ãSSC#ƒÇG'VRÂÆW‡W&–ÖVçFÅ÷V&Æ—6†W%÷7WÆVÖVçBÃã3‚÷3CS“‚Ó#RÓ#ScBÓ ¦¶÷¦Æ÷w6¶•ó##U÷66–VçF–f–5÷&W÷'G2ÆfööE÷v7FU÷F÷'&Vf7F–öåó#C2ÃÃCSÃ‚ãsSÃ’ÃBãcƒsSÃ3rÇF÷'&Vf7F–öå÷&öGV7BÃ#CÃRãÃ##c"ãsÃSrãCÃ3“bãc#Cƒcƒ“ÇG'VRÂÆW‡W&–ÖVçFÅ÷V&Æ—6†W%÷7WÆVÖVçBÃã3‚÷3CS“‚Ó#RÓ#ScBÓ ¦¶÷¦Æ÷w6¶•ó##U÷66–VçF–f–5÷&W÷'G2ÆfööE÷v7FU÷F÷'&Vf7F–öåó#C2Ã"ÃCSÃ‚ãsSÃ’ÃBãcƒsSÃ3rÇF÷'&Vf7F–öå÷&öGV7BÃ#CÃRãÃCc"ãSÃSrãCÂÓãCSS3CCRÆfÇ6RÆW†6ÇVFVEög&öÕ÷V&Æ—6†W%öÖVã²–æ6öç6—7FVçE÷&u÷6–væÂÆW‡W&–ÖVçFÅ÷V&Æ—6†W%÷7WÆVÖVçBÃã3‚÷3CS“‚Ó#RÓ#ScBÓ ¦¶÷¦Æ÷w6¶•ó##U÷66–VçF–f–5÷&W÷'G2ÆfööE÷v7FU÷F÷'&Vf7F–öåó#C2Ã2ÃCSÃ‚ãsSÃ’ÃBãcƒsSÃ3rÇF÷'&Vf7F–öå÷&öGV7BÃ#CÃRãÃ##crã3ÃSrãCÃ3“rãccC#sssrÇG'VRÂÆW‡W&–ÖVçFÅ÷V&Æ—6†W%÷7WÆVÖVçBÃã3‚÷3CS“‚Ó#RÓ#ScBÓ ¦¶÷¦Æ÷w6¶•ó##U÷66–VçF–f–5÷&W÷'G2ÆfööE÷v7FU÷—&öÇ—6—5óc2ÃÃCSÃ‚ãsSÃ’ÃBãcƒsSÃ3rÆ&–ö6†"ÃcÃRãÃ##bãƒÃSrãCÃ3cRã“sSC"ÇG'VRÂÆW‡W&–ÖVçFÅ÷V&Æ—6†W%÷7WÆVÖVçBÃã3‚÷3CS“‚Ó#RÓ#ScBÓ ¦¶÷¦Æ÷w6¶•ó##U÷66–VçF–f–5÷&W÷'G2ÆfööE÷v7FU÷—&öÇ—6—5óc2Ã"ÃCSÃ‚ãsSÃ’ÃBãcƒsSÃ3rÆ&–ö6†"ÃcÃRãÃ#3rãcÃSrãCÃ3c‚ã3SsCccc’ÇG'VRÂÆW‡W&–ÖVçFÅ÷V&Æ—6†W%÷7WÆVÖVçBÃã3‚÷3CS“‚Ó#RÓ#ScBÓ ¦¶÷¦Æ÷w6¶•ó##U÷66–VçF–f–5÷&W÷'G2ÆfööE÷v7FU÷—&öÇ—6—5óc2Ã2ÃCSÃ‚ãsSÃ’ÃBãcƒsSÃ3rÆ&–ö6†"ÃcÃRãÃƒsbãCÃSrãCÃ3’ã33s“3ÆfÇ6RÆW†6ÇVFVEög&öÕ÷V&Æ—6†W%öÖVã²–æ6öç6—7FVçE÷&u÷6–væÂÆW‡W&–ÖVçFÅ÷V&Æ—6†W%÷7WÆVÖVçBÃã3‚÷3CS“‚Ó#RÓ#ScBÓ ¦¶÷¦Æ÷w6¶•ó##U÷66–VçF–f–5÷&W÷'G2ÆfööE÷v7FUö‡–G&ö6†%ó#C2ÃÃCSÃ‚ãsSÃ’ÃBãcƒsSÃ3rÆ‡–G&ö6†"Ã#CÃRãÃ##2ã3ÃSrãCÃ3ƒRãCc#S#C"ÇG'VRÂÆW‡W&–ÖVçFÅ÷V&Æ—6†W%÷7WÆVÖVçBÃã3‚÷3CS“‚Ó#RÓ#ScBÓ ¦¶÷¦Æ÷w6¶•ó##U÷66–VçF–f–5÷&W÷'G2ÆfööE÷v7FUö‡–G&ö6†%ó#C2Ã"ÃCSÃ‚ãsSÃ’ÃBãcƒsSÃ3rÆ‡–G&ö6†"Ã#CÃRãÃ##BãsÃSrãCÃ3ƒ2ãS“#sƒsRÇG'VRÂÆW‡W&–ÖVçFÅ÷V&Æ—6†W%÷7WÆVÖVçBÃã3‚÷3CS“‚Ó#RÓ#ScBÓ ¦¶÷¦Æ÷w6¶•ó##U÷66–VçF–f–5÷&W÷'G2ÆfööE÷v7FUö‡–G&ö6†%ó#C2Ã2ÃCSÃ‚ãsSÃ’ÃBãcƒsSÃ3rÆ‡–G&ö6†"Ã#CÃRãÃ##ãsÃSrãCÃ3ƒ"ãƒCC33’ÇG'VRÂÆW‡W&–ÖVçFÅ÷V&Æ—6†W%÷7WÆVÖVçBÃã3‚÷3CS“‚Ó#RÓ#ScBÓ ¦¶÷¦Æ÷w6¶•ó##U÷66–VçF–f–5÷&W÷'G2ÆfööE÷v7FRÃÃCSÃ‚ãs“ccccrÃ’ÃBãc“s“ccrÃ3rÆæöæRÂÃãÃ#BãSÃSrãSÃ33‚ã#S“ƒ2ÇG'VRÂÆW‡W&–ÖVçFÅ÷V&Æ—6†W%÷7WÆVÖVçBÃã3‚÷3CS“‚Ó#RÓ#ScBÓ ¦¶÷¦Æ÷w6¶•ó##U÷66–VçF–f–5÷&W÷'G2ÆfööE÷v7FRÃ"ÃCSÃ‚ãs“ccccrÃ’ÃBãc“s“ccrÃ3rÆæöæRÂÃãÃ#“2ãcÃSrãSÃ3S‚ã3“#c““ÇG'VRÂÆW‡W&–ÖVçFÅ÷V&Æ—6†W%÷7WÆVÖVçBÃã3‚÷3CS“‚Ó#RÓ#ScBÓ ¦¶÷¦Æ÷w6¶•ó##U÷66–VçF–f–5÷&W÷'G2ÆfööE÷v7FRÃ2ÃCSÃ‚ãs“ccccrÃ’ÃBãc“s“ccrÃ3rÆæöæRÂÃãÃ#"ãÃSrãSÃ3c"ãSS33CSÇG'VRÂÆW‡W&–ÖVçFÅ÷V&Æ—6†W%÷7WÆVÖVçBÃã3‚÷3CS“‚Ó#RÓ#ScBÓ ¦¶÷¦Æ÷w6¶•ó##U÷66–VçF–f–5÷&W÷'G2ÆfööE÷v7FU÷F÷'&Vf7F–öåó#C2ÃÃCSÃ‚ãs“ccccrÃ’ÃBãc“s“ccrÃ3rÇF÷'&Vf7F–öå÷&öGV7BÃ#CÃRãÃ##c2ãSÃSrãSÃ3“bãsƒ33“ƒÇG'VRÂÆW‡W&–ÖVçFÅ÷V&Æ—6†W%÷7WÆVÖVçBÃã3‚÷3CS“‚Ó#RÓ#ScBÓ ¦¶÷¦Æ÷w6¶•ó##U÷66–VçF–f–5÷&W÷'G2ÆfööE÷v7FU÷F÷'&Vf7F–öåó#C2Ã"ÃCSÃ‚ãs“ccccrÃ’ÃBãc“s“ccrÃ3rÇF÷'&Vf7F–öå÷&öGV7BÃ#CÃRãÃCc2ã3ÃSrãSÂÓ’ã“ƒs3c3S2ÆfÇ6RÆW†6ÇVFVEög&öÕ÷V&Æ—6†W%öÖVã²–æ6öç6—7FVçE÷&u÷6–væÂÆW‡W&–ÖVçFÅ÷V&Æ—6†W%÷7WÆVÖVçBÃã3‚÷3CS“‚Ó#RÓ#ScBÓ ¦¶÷¦Æ÷w6¶•ó##U÷66–VçF–f–5÷&W÷'G2ÆfööE÷v7FU÷F÷'&Vf7F–öåó#C2Ã2ÃCSÃ‚ãs“ccccrÃ’ÃBãc“s“ccrÃ3rÇF÷'&Vf7F–öå÷&öGV7BÃ#CÃRãÃ##crãsÃSrãSÃ3“rãs3#cS3ÇG'VRÂÆW‡W&–ÖVçFÅ÷V&Æ—6†W%÷7WÆVÖVçBÃã3‚÷3CS“‚Ó#RÓ#ScBÓ ¦¶÷¦Æ÷w6¶•ó##U÷66–VçF–f–5÷&W÷'G2ÆfööE÷v7FU÷—&öÇ—6—5óc2ÃÃCSÃ‚ãs“ccccrÃ’ÃBãc“s“ccrÃ3rÆ&–ö6†"ÃcÃRãÃ##rã#ÃSrãSÃ3cRã“ƒC“#“RÇG'VRÂÆW‡W&–ÖVçFÅ÷V&Æ—6†W%÷7WÆVÖVçBÃã3‚÷3CS“‚Ó#RÓ#ScBÓ ¦¶÷¦Æ÷w6¶•ó##U÷66–VçF–f–5÷&W÷'G2ÆfööE÷v7FU÷—&öÇ—6—5óc2Ã"ÃCSÃ‚ãs“ccccrÃ’ÃBãc“s“ccrÃ3rÆ&–ö6†"ÃcÃRãÃ#3‚ãÃSrãSÃ3c‚ãC#S#SC#"ÇG'VRÂÆW‡W&–ÖVçFÅ÷V&Æ—6†W%÷7WÆVÖVçBÃã3‚÷3CS“‚Ó#RÓ#ScBÓ ¦¶÷¦Æ÷w6¶•ó##U÷66–VçF–f–5÷&W÷'G2ÆfööE÷v7FU÷—&öÇ—6—5óc2Ã2ÃCSÃ‚ãs“ccccrÃ’ÃBãc“s“ccrÃ3rÆ&–ö6†"ÃcÃRãÃƒsbãcÃSrãSÃ3’ã3S“sSRÆfÇ6RÆW†6ÇVFVEög&öÕ÷V&Æ—6†W%öÖVã²–æ6öç6—7FVçE÷&u÷6–væÂÆW‡W&–ÖVçFÅ÷V&Æ—6†W%÷7WÆVÖVçBÃã3‚÷3CS“‚Ó#RÓ#ScBÓ ¦¶÷¦Æ÷w6¶•ó##U÷66–VçF–f–5÷&W÷'G2ÆfööE÷v7FUö‡–G&ö6†%ó#C2ÃÃCSÃ‚ãs“ccccrÃ’ÃBãc“s“ccrÃ3rÆ‡–G&ö6†"Ã#CÃRãÃ##BãÃSrãSÃ3ƒRãS“ƒ“cC’ÇG'VRÂÆW‡W&–ÖVçFÅ÷V&Æ—6†W%÷7WÆVÖVçBÃã3‚÷3CS“‚Ó#RÓ#ScBÓ ¦¶÷¦Æ÷w6¶•ó##U÷66–VçF–f–5÷&W÷'G2ÆfööE÷v7FUö‡–G&ö6†%ó#C2Ã"ÃCSÃ‚ãs“ccccrÃ’ÃBãc“s“ccrÃ3rÆ‡–G&ö6†"Ã#CÃRãÃ##RãCÃSrãSÃ3ƒ2ãcSCƒS3ƒ"ÇG'VRÂÆW‡W&–ÖVçFÅ÷V&Æ—6†W%÷7WÆVÖVçBÃã3‚÷3CS“‚Ó#RÓ#ScBÓ ¦¶÷¦Æ÷w6¶•ó##U÷66–VçF–f–5÷&W÷'G2ÆfööE÷v7FUö‡–G&ö6†%ó#C2Ã2ÃCSÃ‚ãs“ccccrÃ’ÃBãc“s“ccrÃ3rÆ‡–G&ö6†"Ã#CÃRãÃ##"ãÃSrãSÃ3ƒ"ãƒƒcS“S‚ÇG'VRÂÆW‡W&–ÖVçFÅ÷V&Æ—6†W%÷7WÆVÖVçBÃã3‚÷3CS“‚Ó#RÓ#ScBÓ ¦¶÷¦Æ÷w6¶•ó##U÷66–VçF–f–5÷&W÷'G2ÆfööE÷v7FRÃÃCS"Ã‚ãƒ3333332Ã’ÃBãsƒ33332Ã3rÆæöæRÂÃãÃ#BãƒÃSrãcÃ33‚ã3C““#s"ÇG'VRÂÆW‡W&–ÖVçFÅ÷V&Æ—6†W%÷7WÆVÖVçBÃã3‚÷3CS“‚Ó#RÓ#ScBÓ ¦¶÷¦Æ÷w6¶•ó##U÷66–VçF–f–5÷&W÷'G2ÆfööE÷v7FRÃ"ÃCS"Ã‚ãƒ3333332Ã’ÃBãsƒ33332Ã3rÆæöæRÂÃãÃ#“2ã“ÃSrãcÃ3S‚ãC3sƒ“c’ÇG'VRÂÆW‡W&–ÖVçFÅ÷V&Æ—6†W%÷7WÆVÖVçBÃã3‚÷3CS“‚Ó#RÓ#ScBÓ ¦¶÷¦Æ÷w6¶•ó##U÷66–VçF–f–5÷&W÷'G2ÆfööE÷v7FRÃ2ÃCS"Ã‚ãƒ3333332Ã’ÃBãsƒ33332Ã3rÆæöæRÂÃãÃ#"ãCÃSrãcÃ3c"ãcƒ##BÇG'VRÂÆW‡W&–ÖVçFÅ÷V&Æ—6†W%÷7WÆVÖVçBÃã3‚÷3CS“‚Ó#RÓ#ScBÓ ¦¶÷¦Æ÷w6¶•ó##U÷66–VçF–f–5÷&W÷'G2ÆfööE÷v7FU÷F÷'&Vf7F–öåó#C2ÃÃCS"Ã‚ãƒ3333332Ã’ÃBãsƒ33332Ã3rÇF÷'&Vf7F–öå÷&öGV7BÃ#CÃRãÃ##cBã3ÃSrãcÃ3“bã“C#s2ÇG'VRÂÆW‡W&–ÖVçFÅ÷V&Æ—6†W%÷7WÆVÖVçBÃã3‚÷3CS“‚Ó#RÓ#ScBÓ ¦¶÷¦Æ÷w6¶•ó##U÷66–VçF–f–5÷&W÷'G2ÆfööE÷v7FU÷F÷'&Vf7F–öåó#C2Ã"ÃCS"Ã‚ãƒ3333332Ã’ÃBãsƒ33332Ã3rÇF÷'&Vf7F–öå÷&öGV7BÃ#CÃRãÃCcBãÃSrãcÂÓ’ãƒ#““#cÆfÇ6RÆW†6ÇVFVEög&öÕ÷V&Æ—6†W%öÖVã²–æ6öç6—7FVçE÷&u÷6–væÂÆW‡W&–ÖVçFÅ÷V&Æ—6†W%÷7WÆVÖVçBÃã3‚÷3CS“‚Ó#RÓ#ScBÓ ¦¶÷¦Æ÷w6¶•ó##U÷66–VçF–f–5÷&W÷'G2ÆfööE÷v7FU÷F÷'&Vf7F–öåó#C2Ã2ÃCS"Ã‚ãƒ3333332Ã’ÃBãsƒ33332Ã3rÇF÷'&Vf7F–öå÷&öGV7BÃ#CÃRãÃ##c‚ãÃSrãcÃ3“rãs““ƒS#ƒBÇG'VRÂÆW‡W&–ÖVçFÅ÷V&Æ—6†W%÷7WÆVÖVçBÃã3‚÷3CS“‚Ó#RÓ#ScBÓ ¦¶÷¦Æ÷w6¶•ó##U÷66–VçF–f–5÷&W÷'G2ÆfööE÷v7FU÷—&öÇ—6—5óc2ÃÃCS"Ã‚ãƒ3333332Ã’ÃBãsƒ33332Ã3rÆ&–ö6†"ÃcÃRãÃ##rãcÃSrãcÃ3cbãS#c“C’ÇG'VRÂÆW‡W&–ÖVçFÅ÷V&Æ—6†W%÷7WÆVÖVçBÃã3‚÷3CS“‚Ó#RÓ#ScBÓ ¦¶÷¦Æ÷w6¶•ó##U÷66–VçF–f–5÷&W÷'G2ÆfööE÷v7FU÷—&öÇ—6—5óc2Ã"ÃCS"Ã‚ãƒ3333332Ã’ÃBãsƒ33332Ã3rÆ&–ö6†"ÃcÃRãÃ#3‚ãSÃSrãcÃ3c‚ãSSc3scÇG'VRÂÆW‡W&–ÖVçFÅ÷V&Æ—6†W%÷7WÆVÖVçBÃã3‚÷3CS“‚Ó#RÓ#ScBÓ ¦¶÷¦Æ÷w6¶•ó##U÷66–VçF–f–5÷&W÷'G2ÆfööE÷v7FU÷—&öÇ—6—5óc2Ã2ÃCS"Ã‚ãƒ3333332Ã’ÃBãsƒ33332Ã3rÆ&–ö6†"ÃcÃRãÃƒsbã“ÃSrãcÃ3’ãCC“cƒBÆfÇ6RÆW†6ÇVFVEög&öÕ÷V&Æ—6†W%öÖVã²–æ6öç6—7FVçE÷&u÷6–væÂÆW‡W&–ÖVçFÅ÷V&Æ—6†W%÷7WÆVÖVçBÃã3‚÷3CS“‚Ó#RÓ#ScBÓ ¦¶÷¦Æ÷w6¶•ó##U÷66–VçF–f–5÷&W÷'G2ÆfööE÷v7FUö‡–G&ö6†%ó#C2ÃÃCS"Ã‚ãƒ3333332Ã’ÃBãsƒ33332Ã3rÆ‡–G&ö6†"Ã#CÃRãÃ##BãsÃSrãcÃ3ƒRãs33csSbÇG'VRÂÆW‡W&–ÖVçFÅ÷V&Æ—6†W%÷7WÆVÖVçBÃã3‚÷3CS“‚Ó#RÓ#ScBÓ ¦¶÷¦Æ÷w6¶•ó##U÷66–VçF–f–5÷&W÷'G2ÆfööE÷v7FUö‡–G&ö6†%ó#C2Ã"ÃCS"Ã‚ãƒ3333332Ã’ÃBãsƒ33332Ã3rÆ‡–G&ö6†"Ã#CÃRãÃ##bãÃSrãcÃ3ƒ2ãs“C#ƒƒ’ÇG'VRÂÆW‡W&–ÖVçFÅ÷V&Æ—6†W%÷7WÆVÖVçBÃã3‚÷3CS“‚Ó#RÓ#ScBÓ ¦¶÷¦Æ÷w6¶•ó##U÷66–VçF–f–5÷&W÷'G2ÆfööE÷v7FUö‡–G&ö6†%ó#C2Ã2ÃCS"Ã‚ãƒ3333332Ã’ÃBãsƒ33332Ã3rÆ‡–G&ö6†"Ã#CÃRãÃ##"ãCÃSrãcÃ3ƒ"ã“SC3ƒ#c"ÇG'VRÂÆW‡W&–ÖVçFÅ÷V&Æ—6†W%÷7WÆVÖVçBÃã3‚÷3CS“‚Ó#RÓ#ScBÓ ¦¶÷¦Æ÷w6¶•ó##U÷66–VçF–f–5÷&W÷'G2ÆfööE÷v7FRÃÃCS2Ã‚ãƒsSÃ’ÃBãsƒsSÃ3rÆæöæRÂÃãÃ#RãÃSrãsÃ33‚ã3SƒCCÇG'VRÂÆW‡W&–ÖVçFÅ÷V&Æ—6†W%÷7WÆVÖVçBÃã3‚÷3CS“‚Ó#RÓ#ScBÓ ¦¶÷¦Æ÷w6¶•ó##U÷66–VçF–f–5÷&W÷'G2ÆfööE÷v7FRÃ"ÃCS2Ã‚ãƒsSÃ’ÃBãsƒsSÃ3rÆæöæRÂÃãÃ#“Bã#ÃSrãsÃ3S‚ãCƒ3ƒ#3‚ÇG'VRÂÆW‡W&–ÖVçFÅ÷V&Æ—6†W%÷7WÆVÖVçBÃã3‚÷3CS“‚Ó#RÓ#ScBÓ ¦¶÷¦Æ÷w6¶•ó##U÷66–VçF–f–5÷&W÷'G2ÆfööE÷v7FRÃ2ÃCS2Ã‚ãƒsSÃ’ÃBãsƒsSÃ3rÆæöæRÂÃãÃ#"ãsÃSrãsÃ3c"ãcc333s2ÇG'VRÂÆW‡W&–ÖVçFÅ÷V&Æ—6†W%÷7WÆVÖVçBÃã3‚÷3CS“‚Ó#RÓ#ScBÓ ¦¶÷¦Æ÷w6¶•ó##U÷66–VçF–f–5÷&W÷'G2ÆfööE÷v7FU÷F÷'&Vf7F–öåó#C2ÃÃCS2Ã‚ãƒsSÃ’ÃBãsƒsSÃ3rÇF÷'&Vf7F–öå÷&öGV7BÃ#CÃRãÃ##cRã#ÃSrãsÃ3“rã#“ssC’ÇG'VRÂÆW‡W&–ÖVçFÅ÷V&Æ—6†W%÷7WÆVÖVçBÃã3‚÷3CS“‚Ó#RÓ#ScBÓ ¦¶÷¦Æ÷w6¶•ó##U÷66–VçF–f–5÷&W÷'G2ÆfööE÷v7FU÷F÷'&Vf7F–öåó#C2Ã"ÃCS2Ã‚ãƒsSÃ’ÃBãsƒsSÃ3rÇF÷'&Vf7F–öå÷&öGV7BÃ#CÃRãÃCcBã“ÃSrãsÂÓ’ãcs#sÆfÇ6RÆW†6ÇVFVEög&öÕ÷V&Æ—6†W%öÖVã²–æ6öç6—7FVçE÷&u÷6–væÂÆW‡W&–ÖVçFÅ÷V&Æ—6†W%÷7WÆVÖVçBÃã3‚÷3CS“‚Ó#RÓ#ScBÓ ¦¶÷¦Æ÷w6¶•ó##U÷66–VçF–f–5÷&W÷'G2ÆfööE÷v7FU÷F÷'&Vf7F–öåó#C2Ã2ÃCS2Ã‚ãƒsSÃ’ÃBãsƒsSÃ3rÇF÷'&Vf7F–öå÷&öGV7BÃ#CÃRãÃ##c‚ãSÃSrãsÃ3“rãƒcscC3‚ÇG'VRÂÆW‡W&–ÖVçFÅ÷V&Æ—6†W%÷7WÆVÖVçBÃã3‚÷3CS“‚Ó#RÓ#ScBÓ ¦¶÷¦Æ÷w6¶•ó##U÷66–VçF–f–5÷&W÷'G2ÆfööE÷v7FU÷—&öÇ—6—5óc2ÃÃCS2Ã‚ãƒsSÃ’ÃBãsƒsSÃ3rÆ&–ö6†"ÃcÃRãÃ##rã“ÃSrãsÃ3cbã“sƒƒ#‚ÇG'VRÂÆW‡W&–ÖVçFÅ÷V&Æ—6†W%÷7WÆVÖVçBÃã3‚÷3CS“‚Ó#RÓ#ScBÓ ¦¶÷¦Æ÷w6¶•ó##U÷66–VçF–f–5÷&W÷'G2ÆfööE÷v7FU÷—&öÇ—6—5óc2Ã"ÃCS2Ã‚ãƒsSÃ’ÃBãsƒsSÃ3rÆ&–ö6†"ÃcÃRãÃ#3‚ã“ÃSrãsÃ3c‚ãSƒ3C#SBÇG'VRÂÆW‡W&–ÖVçFÅ÷V&Æ—6†W%÷7WÆVÖVçBÃã3‚÷3CS“‚Ó#RÓ#ScBÓ ¦¶÷¦Æ÷w6¶•ó##U÷66–VçF–f–5÷&W÷'G2ÆfööE÷v7FU÷—&öÇ—6—5óc2Ã2ÃCS2Ã‚ãƒsSÃ’ÃBãsƒsSÃ3rÆ&–ö6†"ÃcÃRãÃƒsrã#ÃSrãsÃ3’ãCS“ƒS2ÆfÇ6RÆW†6ÇVFVEög&öÕ÷V&Æ—6†W%öÖVã²–æ6öç6—7FVçE÷&u÷6–væÂÆW‡W&–ÖVçFÅ÷V&Æ—6†W%÷7WÆVÖVçBÃã3‚÷3CS“‚Ó#RÓ#ScBÓ ¦¶÷¦Æ÷w6¶•ó##U÷66–VçF–f–5÷&W÷'G2ÆfööE÷v7FUö‡–G&ö6†%ó#C2ÃÃCS2Ã‚ãƒsSÃ’ÃBãsƒsSÃ3rÆ‡–G&ö6†"Ã#CÃRãÃ##RãSÃSrãsÃ3ƒRãƒ“ƒC#C‚ÇG'VRÂÆW‡W&–ÖVçFÅ÷V&Æ—6†W%÷7WÆVÖVçBÃã3‚÷3CS“‚Ó#RÓ#ScBÓ ¦¶÷¦Æ÷w6¶•ó##U÷66–VçF–f–5÷&W÷'G2ÆfööE÷v7FUö‡–G&ö6†%ó#C2Ã"ÃCS2Ã‚ãƒsSÃ’ÃBãsƒsSÃ3rÆ‡–G&ö6†"Ã#CÃRãÃ##bã“ÃSrãsÃ3ƒ2ã“CƒS““ƒÇG'VRÂÆW‡W&–ÖVçFÅ÷V&Æ—6†W%÷7WÆVÖVçBÃã3‚÷3CS“‚Ó#RÓ#ScBÓ ¦¶÷¦Æ÷w6¶•ó##U÷66–VçF–f–5÷&W÷'G2ÆfööE÷v7FUö‡–G&ö6†%ó#C2Ã2ÃCS2Ã‚ãƒsSÃ’ÃBãsƒsSÃ3rÆ‡–G&ö6†"Ã#CÃRãÃ##"ãsÃSrãsÃ3ƒ"ã“““SsC3ÇG'VRÂÆW‡W&–ÖVçFÅ÷V&Æ—6†W%÷7WÆVÖVçBÃã3‚÷3CS“‚Ó#RÓ#ScBÓ ¦¶÷¦Æ÷w6¶•ó##U÷66–VçF–f–5÷&W÷'G2ÆfööE÷v7FRÃÃCSBÃ‚ã“cccccrÃ’ÃBãs#“cccrÃ3rÆæöæRÂÃãÃ#RãCÃSrãƒÃ33‚ã3“S3scÇG'VRÂÆW‡W&–ÖVçFÅ÷V&Æ—6†W%÷7WÆVÖVçBÃã3‚÷3CS“‚Ó#RÓ#ScBÓ ¦¶÷¦Æ÷w6¶•ó##U÷66–VçF–f–5÷&W÷'G2ÆfööE÷v7FRÃ"ÃCSBÃ‚ã“cccccrÃ’ÃBãs#“cccrÃ3rÆæöæRÂÃãÃ#“BãSÃSrãƒÃ3S‚ãS#ƒ#sCrÇG'VRÂÆW‡W&–ÖVçFÅ÷V&Æ—6†W%÷7WÆVÖVçBÃã3‚÷3CS“‚Ó#RÓ#ScBÓ ¦¶÷¦Æ÷w6¶•ó##U÷66–VçF–f–5÷&W÷'G2ÆfööE÷v7FRÃ2ÃCSBÃ‚ã“cccccrÃ’ÃBãs#“cccrÃ3rÆæöæRÂÃãÃ#2ãÃSrãƒÃ3c"ãsƒSSC"ÇG'VRÂÆW‡W&–ÖVçFÅ÷V&Æ—6†W%÷7WÆVÖVçBÃã3‚÷3CS“‚Ó#RÓ#ScBÓ ¦¶÷¦Æ÷w6¶•ó##U÷66–VçF–f–5÷&W÷'G2ÆfööE÷v7FU÷F÷'&Vf7F–öåó#C2ÃÃCSBÃ‚ã“cccccrÃ’ÃBãs#“cccrÃ3rÇF÷'&Vf7F–öå÷&öGV7BÃ#CÃRãÃ##cbãÃSrãƒÃ3“rã#ƒCƒCÇG'VRÂÆW‡W&–ÖVçFÅ÷V&Æ—6†W%÷7WÆVÖVçBÃã3‚÷3CS“‚Ó#RÓ#ScBÓ ¦¶÷¦Æ÷w6¶•ó##U÷66–VçF–f–5÷&W÷'G2ÆfööE÷v7FU÷F÷'&Vf7F–öåó#C2Ã"ÃCSBÃ‚ã“cccccrÃ’ÃBãs#“cccrÃ3rÇF÷'&Vf7F–öå÷&öGV7BÃ#CÃRãÃCcRãsÃSrãƒÂÓ’ãS#ƒSs‚ÆfÇ6RÆW†6ÇVFVEög&öÕ÷V&Æ—6†W%öÖVã²–æ6öç6—7FVçE÷&u÷6–væÂÆW‡W&–ÖVçFÅ÷V&Æ—6†W%÷7WÆVÖVçBÃã3‚÷3CS“‚Ó#RÓ#ScBÓ ¦¶÷¦Æ÷w6¶•ó##U÷66–VçF–f–5÷&W÷'G2ÆfööE÷v7FU÷F÷'&Vf7F–öåó#C2Ã2ÃCSBÃ‚ã“cccccrÃ’ÃBãs#“cccrÃ3rÇF÷'&Vf7F–öå÷&öGV7BÃ#CÃRãÃ##c‚ã“ÃSrãƒÃ3“rã“3SC#s“ÇG'VRÂÆW‡W&–ÖVçFÅ÷V&Æ—6†W%÷7WÆVÖVçBÃã3‚÷3CS“‚Ó#RÓ#ScBÓ ¦¶÷¦Æ÷w6¶•ó##U÷66–VçF–f–5÷&W÷'G2ÆfööE÷v7FU÷—&öÇ—6—5óc2ÃÃCSBÃ‚ã“cccccrÃ’ÃBãs#“cccrÃ3rÆ&–ö6†"ÃcÃRãÃ##‚ã3ÃSrãƒÃ3cbãcScc“sÇG'VRÂÆW‡W&–ÖVçFÅ÷V&Æ—6†W%÷7WÆVÖVçBÃã3‚÷3CS“‚Ó#RÓ#ScBÓ ¦¶÷¦Æ÷w6¶•ó##U÷66–VçF–f–5÷&W÷'G2ÆfööE÷v7FU÷—&öÇ—6—5óc2Ã"ÃCSBÃ‚ã“cccccrÃ’ÃBãs#“cccrÃ3rÆ&–ö6†"ÃcÃRãÃ#3’ã3ÃSrãƒÃ3c‚ãcS##crÇG'VRÂÆW‡W&–ÖVçFÅ÷V&Æ—6†W%÷7WÆVÖVçBÃã3‚÷3CS“‚Ó#RÓ#ScBÓ ¦¶÷¦Æ÷w6¶•ó##U÷66–VçF–f–5÷&W÷'G2ÆfööE÷v7FU÷—&öÇ—6—5óc2Ã2ÃCSBÃ‚ã“cccccrÃ’ÃBãs#“cccrÃ3rÆ&–ö6†"ÃcÃRãÃƒsrãCÃSrãƒÃ3’ãCs#c“C3‚ÆfÇ6RÆW†6ÇVFVEög&öÕ÷V&Æ—6†W%öÖVã²–æ6öç6—7FVçE÷&u÷6–væÂÆW‡W&–ÖVçFÅ÷V&Æ—6†W%÷7WÆVÖVçBÃã3‚÷3CS“‚Ó#RÓ#ScBÓ ¦¶÷¦Æ÷w6¶•ó##U÷66–VçF–f–5÷&W÷'G2ÆfööE÷v7FUö‡–G&ö6†%ó#C2ÃÃCSBÃ‚ã“cccccrÃ’ÃBãs#“cccrÃ3rÆ‡–G&ö6†"Ã#CÃRãÃ##bã#ÃSrãƒÃ3ƒbã#sCsSRÇG'VRÂÆW‡W&–ÖVçFÅ÷V&Æ—6†W%÷7WÆVÖVçBÃã3‚÷3CS“‚Ó#RÓ#ScBÓ ¦¶÷¦Æ÷w6¶•ó##U÷66–VçF–f–5÷&W÷'G2ÆfööE÷v7FUö‡–G&ö6†%ó#C2Ã"ÃCSBÃ‚ã“cccccrÃ’ÃBãs#“cccrÃ3rÆ‡–G&ö6†"Ã#CÃRãÃ##rãcÃSrãƒÃ3ƒBãƒCsCƒrÇG'VRÂÆW‡W&–ÖVçFÅ÷V&Æ—6†W%÷7WÆVÖVçBÃã3‚÷3CS“‚Ó#RÓ#ScBÓ ¦¶÷¦Æ÷w6¶•ó##U÷66–VçF–f–5÷&W÷'G2ÆfööE÷v7FUö‡–G&ö6†%ó#C2Ã2ÃCSBÃ‚ã“cccccrÃ’ÃBãs#“cccrÃ3rÆ‡–G&ö6†"Ã#CÃRãÃ##2ãÃSrãƒÃ3ƒ2ãCCsccÇG'VRÂÆW‡W&–ÖVçFÅ÷V&Æ—6†W%÷7WÆVÖVçBÃã3‚÷3CS“‚Ó#RÓ#ScBÓ ¦¶÷¦Æ÷w6¶•ó##U÷66–VçF–f–5÷&W÷'G2ÆfööE÷v7FRÃÃCSRÃ‚ã“Sƒ33332Ã’ÃBãs3“Sƒ332Ã3rÆæöæRÂÃãÃ#RãsÃSrã“Ã33‚ãCCScss’ÇG'VRÂÆW‡W&–ÖVçFÅ÷V&Æ—6†W%÷7WÆVÖVçBÃã3‚÷3CS“‚Ó#RÓ#ScBÓ ¦¶÷¦Æ÷w6¶•ó##U÷66–VçF–f–5÷&W÷'G2ÆfööE÷v7FRÃ"ÃCSRÃ‚ã“Sƒ33332Ã’ÃBãs3“Sƒ332Ã3rÆæöæRÂÃãÃ#“BãƒÃSrã“Ã3S‚ãSs3CcSsbÇG'VRÂÆW‡W&–ÖVçFÅ÷V&Æ—6†W%÷7WÆVÖVçBÃã3‚÷3CS“‚Ó#RÓ#ScBÓ ¦¶÷¦Æ÷w6¶•ó##U÷66–VçF–f–5÷&W÷'G2ÆfööE÷v7FRÃ2ÃCSRÃ‚ã“Sƒ33332Ã’ÃBãs3“Sƒ332Ã3rÆæöæRÂÃãÃ#2ãCÃSrã“Ã3c"ãssc#“#“RÇG'VRÂÆW‡W&–ÖVçFÅ÷V&Æ—6†W%÷7WÆVÖVçBÃã3‚÷3CS“‚Ó#RÓ#ScBÓ ¦¶÷¦Æ÷w6¶•ó##U÷66–VçF–f–5÷&W÷'G2ÆfööE÷v7FU÷F÷'&Vf7F–öåó#C2ÃÃCSRÃ‚ã“Sƒ33332Ã’ÃBãs3“Sƒ332Ã3rÇF÷'&Vf7F–öå÷&öGV7BÃ#CÃRãÃ##cbãƒÃSrã“Ã3“rãC3ƒ3“3"ÇG'VRÂÆW‡W&–ÖVçFÅ÷V&Æ—6†W%÷7WÆVÖVçBÃã3‚÷3CS“‚Ó#RÓ#ScBÓ ¦¶÷¦Æ÷w6¶•ó##U÷66–VçF–f–5÷&W÷'G2ÆfööE÷v7FU÷F÷'&Vf7F–öåó#C2Ã"ÃCSRÃ‚ã“Sƒ33332Ã’ÃBãs3“Sƒ332Ã3rÇF÷'&Vf7F–öå÷&öGV7BÃ#CÃRãÃCcbãSÃSrã“ÂÓ’ã3SCcs“ƒrÆfÇ6RÆW†6ÇVFVEög&öÕ÷V&Æ—6†W%öÖVã²–æ6öç6—7FVçE÷&u÷6–væÂÆW‡W&–ÖVçFÅ÷V&Æ—6†W%÷7WÆVÖVçBÃã3‚÷3CS“‚Ó#RÓ#ScBÓ ¦¶÷¦Æ÷w6¶•ó##U÷66–VçF–f–5÷&W÷'G2ÆfööE÷v7FU÷F÷'&Vf7F–öåó#C2Ã2ÃCSRÃ‚ã“Sƒ33332Ã’ÃBãs3“Sƒ332Ã3rÇF÷'&Vf7F–öå÷&öGV7BÃ#CÃRãÃ##c’ã3ÃSrã“Ã3“‚ã3#SCRÇG'VRÂÆW‡W&–ÖVçFÅ÷V&Æ—6†W%÷7WÆVÖVçBÃã3‚÷3CS“‚Ó#RÓ#ScBÓ ¦¶÷¦Æ÷w6¶•ó##U÷66–VçF–f–5÷&W÷'G2ÆfööE÷v7FU÷—&öÇ—6—5óc2ÃÃCSRÃ‚ã“Sƒ33332Ã’ÃBãs3“Sƒ332Ã3rÆ&–ö6†"ÃcÃRãÃ##‚ãsÃSrã“Ã3cbã#33CSs#RÇG'VRÂÆW‡W&–ÖVçFÅ÷V&Æ—6†W%÷7WÆVÖVçBÃã3‚÷3CS“‚Ó#RÓ#ScBÓ ¦¶÷¦Æ÷w6¶•ó##U÷66–VçF–f–5÷&W÷'G2ÆfööE÷v7FU÷—&öÇ—6—5óc2Ã"ÃCSRÃ‚ã“Sƒ33332Ã’ÃBãs3“Sƒ332Ã3rÆ&–ö6†"ÃcÃRãÃ#3’ãƒÃSrã“Ã3c‚ãsCS“cRÇG'VRÂÆW‡W&–ÖVçFÅ÷V&Æ—6†W%÷7WÆVÖVçBÃã3‚÷3CS“‚Ó#RÓ#ScBÓ ¦¶÷¦Æ÷w6¶•ó##U÷66–VçF–f–5÷&W÷'G2ÆfööE÷v7FU÷—&öÇ—6—5óc2Ã2ÃCSRÃ‚ã“Sƒ33332Ã’ÃBãs3“Sƒ332Ã3rÆ&–ö6†"ÃcÃRãÃƒsrãsÃSrã“Ã3’ãSsƒƒcrÆfÇ6RÆW†6ÇVFVEög&öÕ÷V&Æ—6†W%öÖVã²–æ6öç6—7FVçE÷&u÷6–væÂÆW‡W&–ÖVçFÅ÷V&Æ—6†W%÷7WÆVÖVçBÃã3‚÷3CS“‚Ó#RÓ#ScBÓ ¦¶÷¦Æ÷w6¶•ó##U÷66–VçF–f–5÷&W÷'G2ÆfööE÷v7FUö‡–G&ö6†%ó#C2ÃÃCSRÃ‚ã“Sƒ33332Ã’ÃBãs3“Sƒ332Ã3rÆ‡–G&ö6†"Ã#CÃRãÃ##bã“ÃSrã“Ã3ƒbãc#““#c"ÇG'VRÂÆW‡W&–ÖVçFÅ÷V&Æ—6†W%÷7WÆVÖVçBÃã3‚÷3CS“‚Ó#RÓ#ScBÓ ¦¶÷¦Æ÷w6¶•ó##U÷66–VçF–f–5÷&W÷'G2ÆfööE÷v7FUö‡–G&ö6†%ó#C2Ã"ÃCSRÃ‚ã“Sƒ33332Ã’ÃBãs3“Sƒ332Ã3rÆ‡–G&ö6†"Ã#CÃRãÃ##‚ã3ÃSrã“Ã3ƒBã#“sC““BÇG'VRÂÆW‡W&–ÖVçFÅ÷V&Æ—6†W%÷7WÆVÖVçBÃã3‚÷3CS“‚Ó#RÓ#ScBÓ ¦¶÷¦Æ÷w6¶•ó##U÷66–VçF–f–5÷&W÷'G2ÆfööE÷v7FUö‡–G&ö6†%ó#C2Ã2ÃCSRÃ‚ã“Sƒ33332Ã’ÃBãs3“Sƒ332Ã3rÆ‡–G&ö6†"Ã#CÃRãÃ##2ãCÃSrã“Ã3ƒ2ã#SS3S2ÇG'VRÂÆW‡W&–ÖVçFÅ÷V&Æ—6†W%÷7WÆVÖVçBÃã3‚÷3CS“‚Ó#RÓ#ScBÓ ¦¶÷¦Æ÷w6¶•ó##U÷66–VçF–f–5÷&W÷'G2ÆfööE÷v7FRÃÃCSbÃ’ãÃ’ÃBãsSÃ3rÆæöæRÂÃãÃ#bãÃS‚ãÃ33‚ãCƒSsS“C‚ÇG'VRÂÆW‡W&–ÖVçFÅ÷V&Æ—6†W%÷7WÆVÖVçBÃã3‚÷3CS“‚Ó#RÓ#ScBÓ ¦¶÷¦Æ÷w6¶•ó##U÷66–VçF–f–5÷&W÷'G2ÆfööE÷v7FRÃ"ÃCSbÃ’ãÃ’ÃBãsSÃ3rÆæöæRÂÃãÃ#“RãÃS‚ãÃ3S‚ãcƒcSsCRÇG'VRÂÆW‡W&–ÖVçFÅ÷V&Æ—6†W%÷7WÆVÖVçBÃã3‚÷3CS“‚Ó#RÓ#ScBÓ ¦¶÷¦Æ÷w6¶•ó##U÷66–VçF–f–5÷&W÷'G2ÆfööE÷v7FRÃ2ÃCSbÃ’ãÃ’ÃBãsSÃ3rÆæöæRÂÃãÃ#2ãsÃS‚ãÃ3c"ãƒ#CƒCcBÇG'VRÂÆW‡W&–ÖVçFÅ÷V&Æ—6†W%÷7WÆVÖVçBÃã3‚÷3CS“‚Ó#RÓ#ScBÓ ¦¶÷¦Æ÷w6¶•ó##U÷66–VçF–f–5÷&W÷'G2ÆfööE÷v7FU÷F÷'&Vf7F–öåó#C2ÃÃCSbÃ’ãÃ’ÃBãsSÃ3rÇF÷'&Vf7F–öå÷&öGV7BÃ#CÃRãÃ##crãsÃS‚ãÃ3“rãc“ƒc‚ÇG'VRÂÆW‡W&–ÖVçFÅ÷V&Æ—6†W%÷7WÆVÖVçBÃã3‚÷3CS“‚Ó#RÓ#ScBÓ ¦¶÷¦Æ÷w6¶•ó##U÷66–VçF–f–5÷&W÷'G2ÆfööE÷v7FU÷F÷'&Vf7F–öåó#C2Ã"ÃCSbÃ’ãÃ’ÃBãsSÃ3rÇF÷'&Vf7F–öå÷&öGV7BÃ#CÃRãÃCcrã3ÃS‚ãÂÓ’ã“cSƒ“RÆfÇ6RÆW†6ÇVFVEög&öÕ÷V&Æ—6†W%öÖVã²–æ6öç6—7FVçE÷&u÷6–væÂÆW‡W&–ÖVçFÅ÷V&Æ—6†W%÷7WÆVÖVçBÃã3‚÷3CS“‚Ó#RÓ#ScBÓ ¦¶÷¦Æ÷w6¶•ó##U÷66–VçF–f–5÷&W÷'G2ÆfööE÷v7FU÷F÷'&Vf7F–öåó#C2Ã2ÃCSbÃ’ãÃ’ÃBãsSÃ3rÇF÷'&Vf7F–öå÷&öGV7BÃ#CÃRãÃ##c’ãsÃS‚ãÃ3“‚ãs#“‚ÇG'VRÂÆW‡W&–ÖVçFÅ÷V&Æ—6†W%÷7WÆVÖVçBÃã3‚÷3CS“‚Ó#RÓ#ScBÓ ¦¶÷¦Æ÷w6¶•ó##U÷66–VçF–f–5÷&W÷'G2ÆfööE÷v7FU÷—&öÇ—6—5óc2ÃÃCSbÃ’ãÃ’ÃBãsSÃ3rÆ&–ö6†"ÃcÃRãÃ##’ãÃS‚ãÃ3cbã#sƒcCƒ“BÇG'VRÂÆW‡W&–ÖVçFÅ÷V&Æ—6†W%÷7WÆVÖVçBÃã3‚÷3CS“‚Ó#RÓ#ScBÓ ¦¶÷¦Æ÷w6¶•ó##U÷66–VçF–f–5÷&W÷'G2ÆfööE÷v7FU÷—&öÇ—6—5óc2Ã"ÃCSbÃ’ãÃ’ÃBãsSÃ3rÆ&–ö6†"ÃcÃRãÃ#Cã#ÃS‚ãÃ3c‚ãƒ“3ƒ3S’ÇG'VRÂÆW‡W&–ÖVçFÅ÷V&Æ—6†W%÷7WÆVÖVçBÃã3‚÷3CS“‚Ó#RÓ#ScBÓ ¦¶÷¦Æ÷w6¶•ó##U÷66–VçF–f–5÷&W÷'G2ÆfööE÷v7FU÷—&öÇ—6—5óc2Ã2ÃCSbÃ’ãÃ’ÃBãsSÃ3rÆ&–ö6†"ÃcÃRãÃƒs‚ãÃS‚ãÃ3’ãSc3sssbÆfÇ6RÆW†6ÇVFVEög&öÕ÷V&Æ—6†W%öÖVã²–æ6öç6—7FVçE÷&u÷6–væÂÆW‡W&–ÖVçFÅ÷V&Æ—6†W%÷7WÆVÖVçBÃã3‚÷3CS“‚Ó#RÓ#ScBÓ ¦¶÷¦Æ÷w6¶•ó##U÷66–VçF–f–5÷&W÷'G2ÆfööE÷v7FUö‡–G&ö6†%ó#C2ÃÃCSbÃ’ãÃ’ÃBãsSÃ3rÆ‡–G&ö6†"Ã#CÃRãÃ##rãsÃS‚ãÃ3ƒbã3#c3SBÇG'VRÂÆW‡W&–ÖVçFÅ÷V&Æ—6†W%÷7WÆVÖVçBÃã3‚÷3CS“‚Ó#RÓ#ScBÓ ¦¶÷¦Æ÷w6¶•ó##U÷66–VçF–f–5÷&W÷'G2ÆfööE÷v7FUö‡–G&ö6†%ó#C2Ã"ÃCSbÃ’ãÃ’ÃBãsSÃ3rÆ‡–G&ö6†"Ã#CÃRãÃ##’ãÃS‚ãÃ3ƒBã3ss“#ƒbÇG'VRÂÆW‡W&–ÖVçFÅ÷V&Æ—6†W%÷7WÆVÖVçBÃã3‚÷3CS“‚Ó#RÓ#ScBÓ ¦¶÷¦Æ÷w6¶•ó##U÷66–VçF–f–5÷&W÷'G2ÆfööE÷v7FUö‡–G&ö6†%ó#C2Ã2ÃCSbÃ’ãÃ’ÃBãsSÃ3rÆ‡–G&ö6†"Ã#CÃRãÃ##2ãsÃS‚ãÃ3ƒ2ãSssCS#"ÇG'VRÂÆW‡W&–ÖVçFÅ÷V&Æ—6†W%÷7WÆVÖVçBÃã3‚÷3CS“‚Ó#RÓ#ScBÓ ¦¶÷¦Æ÷w6¶•ó##U÷66–VçF–f–5÷&W÷'G2ÆfööE÷v7FRÃÃCSrÃ’ãCccccrÃ’ÃBãscCccrÃ3rÆæöæRÂÃãÃ#bã3ÃS‚ãÃ33‚ãS3“SrÇG'VRÂÆW‡W&–ÖVçFÅ÷V&Æ—6†W%÷7WÆVÖVçBÃã3‚÷3CS“‚Ó#RÓ#ScBÓ ¦¶÷¦Æ÷w6¶•ó##U÷66–VçF–f–5÷&W÷'G2ÆfööE÷v7FRÃ"ÃCSrÃ’ãCccccrÃ’ÃBãscCccrÃ3rÆæöæRÂÃãÃ#“RãCÃS‚ãÃ3S‚ãcc3ƒC“BÇG'VRÂÆW‡W&–ÖVçFÅ÷V&Æ—6†W%÷7WÆVÖVçBÃã3‚÷3CS“‚Ó#RÓ#ScBÓ ¦¶÷¦Æ÷w6¶•ó##U÷66–VçF–f–5÷&W÷'G2ÆfööE÷v7FRÃ2ÃCSrÃ’ãCccccrÃ’ÃBãscCccrÃ3rÆæöæRÂÃãÃ#BãÃS‚ãÃ3c"ãƒcccsc32ÇG'VRÂÆW‡W&–ÖVçFÅ÷V&Æ—6†W%÷7WÆVÖVçBÃã3‚÷3CS“‚Ó#RÓ#ScBÓ ¦¶÷¦Æ÷w6¶•ó##U÷66–VçF–f–5÷&W÷'G2ÆfööE÷v7FU÷F÷'&Vf7F–öåó#C2ÃÃCSrÃ’ãCccccrÃ’ÃBãscCccrÃ3rÇF÷'&Vf7F–öå÷&öGV7BÃ#CÃRãÃ##c‚ãSÃS‚ãÃ3“rãsss#SsÇG'VRÂÆW‡W&–ÖVçFÅ÷V&Æ—6†W%÷7WÆVÖVçBÃã3‚÷3CS“‚Ó#RÓ#ScBÓ ¦¶÷¦Æ÷w6¶•ó##U÷66–VçF–f–5÷&W÷'G2ÆfööE÷v7FU÷F÷'&Vf7F–öåó#C2Ã"ÃCSrÃ’ãCccccrÃ’ÃBãscCccrÃ3rÇF÷'&Vf7F–öå÷&öGV7BÃ#CÃRãÃCc‚ãÃS‚ãÂÓ’ã3ƒ33ƒBÆfÇ6RÆW†6ÇVFVEög&öÕ÷V&Æ—6†W%öÖVã²–æ6öç6—7FVçE÷&u÷6–væÂÆW‡W&–ÖVçFÅ÷V&Æ—6†W%÷7WÆVÖVçBÃã3‚÷3CS“‚Ó#RÓ#ScBÓ ¦¶÷¦Æ÷w6¶•ó##U÷66–VçF–f–5÷&W÷'G2ÆfööE÷v7FU÷F÷'&Vf7F–öåó#C2Ã2ÃCSrÃ’ãCccccrÃ’ÃBãscCccrÃ3rÇF÷'&Vf7F–öå÷&öGV7BÃ#CÃRãÃ##sãÃS‚ãÃ3“‚ã3ƒs“S"ÇG'VRÂÆW‡W&–ÖVçFÅ÷V&Æ—6†W%÷7WÆVÖVçBÃã3‚÷3CS“‚Ó#RÓ#ScBÓ ¦¶÷¦Æ÷w6¶•ó##U÷66–VçF–f–5÷&W÷'G2ÆfööE÷v7FU÷—&öÇ—6—5óc2ÃÃCSrÃ’ãCccccrÃ’ÃBãscCccrÃ3rÆ&–ö6†"ÃcÃRãÃ##’ãCÃS‚ãÃ3cbã3CcC3cC‚ÇG'VRÂÆW‡W&–ÖVçFÅ÷V&Æ—6†W%÷7WÆVÖVçBÃã3‚÷3CS“‚Ó#RÓ#ScBÓ ¦¶÷¦Æ÷w6¶•ó##U÷66–VçF–f–5÷&W÷'G2ÆfööE÷v7FU÷—&öÇ—6—5óc2Ã"ÃCSrÃ’ãCccccrÃ’ÃBãscCccrÃ3rÆ&–ö6†"ÃcÃRãÃ#CãcÃS‚ãÃ3c‚ãƒsss2ÇG'VRÂÆW‡W&–ÖVçFÅ÷V&Æ—6†W%÷7WÆVÖVçBÃã3‚÷3CS“‚Ó#RÓ#ScBÓ ¦¶÷¦Æ÷w6¶•ó##U÷66–VçF–f–5÷&W÷'G2ÆfööE÷v7FU÷—&öÇ—6—5óc2Ã2ÃCSrÃ’ãCccccrÃ’ÃBãscCccrÃ3rÆ&–ö6†"ÃcÃRãÃƒs‚ã#ÃS‚ãÃ3’ãSƒScs3cÆfÇ6RÆW†6ÇVFVEög&öÕ÷V&Æ—6†W%öÖVã²–æ6öç6—7FVçE÷&u÷6–væÂÆW‡W&–ÖVçFÅ÷V&Æ—6†W%÷7WÆVÖVçBÃã3‚÷3CS“‚Ó#RÓ#ScBÓ ¦¶÷¦Æ÷w6¶•ó##U÷66–VçF–f–5÷&W÷'G2ÆfööE÷v7FUö‡–G&ö6†%ó#C2ÃÃCSrÃ’ãCccccrÃ’ÃBãscCccrÃ3rÆ‡–G&ö6†"Ã#CÃRãÃ##‚ãCÃS‚ãÃ3ƒbãCScs3ƒcÇG'VRÂÆW‡W&–ÖVçFÅ÷V&Æ—6†W%÷7WÆVÖVçBÃã3‚÷3CS“‚Ó#RÓ#ScBÓ ¦¶÷¦Æ÷w6¶•ó##U÷66–VçF–f–5÷&W÷'G2ÆfööE÷v7FUö‡–G&ö6†%ó#C2Ã"ÃCSrÃ’ãCccccrÃ’ÃBãscCccrÃ3rÆ‡–G&ö6†"Ã#CÃRãÃ##’ãƒÃS‚ãÃ3ƒBãS3C“S“2ÇG'VRÂÆW‡W&–ÖVçFÅ÷V&Æ—6†W%÷7WÆVÖVçBÃã3‚÷3CS“‚Ó#RÓ#ScBÓ ¦¶÷¦Æ÷w6¶•ó##U÷66–VçF–f–5÷&W÷'G2ÆfööE÷v7FUö‡–G&ö6†%ó#C2Ã2ÃCSrÃ’ãCccccrÃ’ÃBãscCccrÃ3rÆ‡–G&ö6†"Ã#CÃRãÃ##BãÃS‚ãÃ3ƒ2ã##“3c“ÇG'VRÂÆW‡W&–ÖVçFÅ÷V&Æ—6†W%÷7WÆVÖVçBÃã3‚÷3CS“‚Ó#RÓ#ScBÓ ¦¶÷¦Æ÷w6¶•ó##U÷66–VçF–f–5÷&W÷'G2ÆfööE÷v7FRÃÃCS‚Ã’ãƒ333332Ã’ÃBãssƒ3332Ã3rÆæöæRÂÃãÃ#bãcÃS‚ã#Ã33‚ãSscC#ƒbÇG'VRÂÆW‡W&–ÖVçFÅ÷V&Æ—6†W%÷7WÆVÖVçBÃã3‚÷3CS“‚Ó#RÓ#ScBÓ ¦¶÷¦Æ÷w6¶•ó##U÷66–VçF–f–5÷&W÷'G2ÆfööE÷v7FRÃ"ÃCS‚Ã’ãƒ333332Ã’ÃBãssƒ3332Ã3rÆæöæRÂÃãÃ#“RãsÃS‚ã#Ã3S‚ãs“Cƒ2ÇG'VRÂÆW‡W&–ÖVçFÅ÷V&Æ—6†W%÷7WÆVÖVçBÃã3‚÷3CS“‚Ó#RÓ#ScBÓ ¦¶÷¦Æ÷w6¶•ó##U÷66–VçF–f–5÷&W÷'G2ÆfööE÷v7FRÃ2ÃCS‚Ã’ãƒ333332Ã’ÃBãssƒ3332Ã3rÆæöæRÂÃãÃ#BãCÃS‚ã#Ã3c"ã“3CCc3ƒrÇG'VRÂÆW‡W&–ÖVçFÅ÷V&Æ—6†W%÷7WÆVÖVçBÃã3‚÷3CS“‚Ó#RÓ#ScBÓ ¦¶÷¦Æ÷w6¶•ó##U÷66–VçF–f–5÷&W÷'G2ÆfööE÷v7FU÷F÷'&Vf7F–öåó#C2ÃÃCS‚Ã’ãƒ333332Ã’ÃBãssƒ3332Ã3rÇF÷'&Vf7F–öå÷&öGV7BÃ#CÃRãÃ##c’ã3ÃS‚ã#Ã3“rã“3SC#s“ÇG'VRÂÆW‡W&–ÖVçFÅ÷V&Æ—6†W%÷7WÆVÖVçBÃã3‚÷3CS“‚Ó#RÓ#ScBÓ ¦¶÷¦Æ÷w6¶•ó##U÷66–VçF–f–5÷&W÷'G2ÆfööE÷v7FU÷F÷'&Vf7F–öåó#C2Ã"ÃCS‚Ã’ãƒ333332Ã’ÃBãssƒ3332Ã3rÇF÷'&Vf7F–öå÷&öGV7BÃ#CÃRãÃCc‚ã“ÃS‚ã#ÂÓ‚ãƒƒcs"ÆfÇ6RÆW†6ÇVFVEög&öÕ÷V&Æ—6†W%öÖVã²–æ6öç6—7FVçE÷&u÷6–væÂÆW‡W&–ÖVçFÅ÷V&Æ—6†W%÷7WÆVÖVçBÃã3‚÷3CS“‚Ó#RÓ#ScBÓ ¦¶÷¦Æ÷w6¶•ó##U÷66–VçF–f–5÷&W÷'G2ÆfööE÷v7FU÷F÷'&Vf7F–öåó#C2Ã2ÃCS‚Ã’ãƒ333332Ã’ÃBãssƒ3332Ã3rÇF÷'&Vf7F–öå÷&öGV7BÃ#CÃRãÃ##sãSÃS‚ã#Ã3“‚ã#cSsƒRÇG'VRÂÆW‡W&–ÖVçFÅ÷V&Æ—6†W%÷7WÆVÖVçBÃã3‚÷3CS“‚Ó#RÓ#ScBÓ ¦¶÷¦Æ÷w6¶•ó##U÷66–VçF–f–5÷&W÷'G2ÆfööE÷v7FU÷—&öÇ—6—5óc2ÃÃCS‚Ã’ãƒ333332Ã’ÃBãssƒ3332Ã3rÆ&–ö6†"ÃcÃRãÃ##’ãƒÃS‚ã#Ã3cbãCC##CÇG'VRÂÆW‡W&–ÖVçFÅ÷V&Æ—6†W%÷7WÆVÖVçBÃã3‚÷3CS“‚Ó#RÓ#ScBÓ ¦¶÷¦Æ÷w6¶•ó##U÷66–VçF–f–5÷&W÷'G2ÆfööE÷v7FU÷—&öÇ—6—5óc2Ã"ÃCS‚Ã’ãƒ333332Ã’ÃBãssƒ3332Ã3rÆ&–ö6†"ÃcÃRãÃ#CãÃS‚ã#Ã3c‚ã“csSSCSÇG'VRÂÆW‡W&–ÖVçFÅ÷V&Æ—6†W%÷7WÆVÖVçBÃã3‚÷3CS“‚Ó#RÓ#ScBÓ ¦¶÷¦Æ÷w6¶•ó##U÷66–VçF–f–5÷&W÷'G2ÆfööE÷v7FU÷—&öÇ—6—5óc2Ã2ÃCS‚Ã’ãƒ333332Ã’ÃBãssƒ3332Ã3rÆ&–ö6†"ÃcÃRãÃƒs‚ãSÃS‚ã#Ã3’ãc3ƒcS#’ÆfÇ6RÆW†6ÇVFVEög&öÕ÷V&Æ—6†W%öÖVã²–æ6öç6—7FVçE÷&u÷6–væÂÆW‡W&–ÖVçFÅ÷V&Æ—6†W%÷7WÆVÖVçBÃã3‚÷3CS“‚Ó#RÓ#ScBÓ ¦¶÷¦Æ÷w6¶•ó##U÷66–VçF–f–5÷&W÷'G2ÆfööE÷v7FUö‡–G&ö6†%ó#C2ÃÃCS‚Ã’ãƒ333332Ã’ÃBãssƒ3332Ã3rÆ‡–G&ö6†"Ã#CÃRãÃ##’ãÃS‚ã#Ã3ƒbãS“#33c‚ÇG'VRÂÆW‡W&–ÖVçFÅ÷V&Æ—6†W%÷7WÆVÖVçBÃã3‚÷3CS“‚Ó#RÓ#ScBÓ ¦¶÷¦Æ÷w6¶•ó##U÷66–VçF–f–5÷&W÷'G2ÆfööE÷v7FUö‡–G&ö6†%ó#C2Ã"ÃCS‚Ã’ãƒ333332Ã’ÃBãssƒ3332Ã3rÆ‡–G&ö6†"Ã#CÃRãÃ##ãSÃS‚ã#Ã3ƒBãcC“sÇG'VRÂÆW‡W&–ÖVçFÅ÷V&Æ—6†W%÷7WÆVÖVçBÃã3‚÷3CS“‚Ó#RÓ#ScBÓ ¦¶÷¦Æ÷w6¶•ó##U÷66–VçF–f–5÷&W÷'G2ÆfööE÷v7FUö‡–G&ö6†%ó#C2Ã2ÃCS‚Ã’ãƒ333332Ã’ÃBãssƒ3332Ã3rÆ‡–G&ö6†"Ã#CÃRãÃ##BãCÃS‚ã#Ã3ƒ2ã#ss#CCRÇG'VRÂÆW‡W&–ÖVçFÅ÷V&Æ—6†W%÷7WÆVÖVçBÃã3‚÷3CS“‚Ó#RÓ#ScBÓ ¦¶÷¦Æ÷w6¶•ó##U÷66–VçF–f–5÷&W÷'G2ÆfööE÷v7FRÃÃCS’Ã’ã#SÃ’ÃBãsƒ#SÃ3rÆæöæRÂÃãÃ#bã“ÃS‚ã3Ã33‚ãc#33CSRÇG'VRÂÆW‡W&–ÖVçFÅ÷V&Æ—6†W%÷7WÆVÖVçBÃã3‚÷3CS“‚Ó#RÓ#ScBÓ ¦¶÷¦Æ÷w6¶•ó##U÷66–VçF–f–5÷&W÷'G2ÆfööE÷v7FRÃ"ÃCS’Ã’ã#SÃ’ÃBãsƒ#SÃ3rÆæöæRÂÃãÃ#“bãÃS‚ã3Ã3S‚ãsSC#3#S"ÇG'VRÂÆW‡W&–ÖVçFÅ÷V&Æ—6†W%÷7WÆVÖVçBÃã3‚÷3CS“‚Ó#RÓ#ScBÓ ¦¶÷¦Æ÷w6¶•ó##U÷66–VçF–f–5÷&W÷'G2ÆfööE÷v7FRÃ2ÃCS’Ã’ã#SÃ’ÃBãsƒ#SÃ3rÆæöæRÂÃãÃ#BãsÃS‚ã3Ã3c"ã“s“cSSSbÇG'VRÂÆW‡W&–ÖVçFÅ÷V&Æ—6†W%÷7WÆVÖVçBÃã3‚÷3CS“‚Ó#RÓ#ScBÓ ¦¶÷¦Æ÷w6¶•ó##U÷66–VçF–f–5÷&W÷'G2ÆfööE÷v7FU÷F÷'&Vf7F–öåó#C2ÃÃCS’Ã’ã#SÃ’ÃBãsƒ#SÃ3rÇF÷'&Vf7F–öå÷&öGV7BÃ#CÃRãÃ##sã#ÃS‚ã3Ã3“‚ãc“CcrÇG'VRÂÆW‡W&–ÖVçFÅ÷V&Æ—6†W%÷7WÆVÖVçBÃã3‚÷3CS“‚Ó#RÓ#ScBÓ ¦¶÷¦Æ÷w6¶•ó##U÷66–VçF–f–5÷&W÷'G2ÆfööE÷v7FU÷F÷'&Vf7F–öåó#C2Ã"ÃCS’Ã’ã#SÃ’ÃBãsƒ#SÃ3rÇF÷'&Vf7F–öå÷&öGV7BÃ#CÃRãÃCc’ãsÃS‚ã3ÂÓ‚ãs#““c#ÆfÇ6RÆW†6ÇVFVEög&öÕ÷V&Æ—6†W%öÖVã²–æ6öç6—7FVçE÷&u÷6–væÂÆW‡W&–ÖVçFÅ÷V&Æ—6†W%÷7WÆVÖVçBÃã3‚÷3CS“‚Ó#RÓ#ScBÓ ¦¶÷¦Æ÷w6¶•ó##U÷66–VçF–f–5÷&W÷'G2ÆfööE÷v7FU÷F÷'&Vf7F–öåó#C2Ã2ÃCS’Ã’ã#SÃ’ÃBãsƒ#SÃ3rÇF÷'&Vf7F–öå÷&öGV7BÃ#CÃRãÃ##sã“ÃS‚ã3Ã3“‚ã#sC3cSS’ÇG'VRÂÆW‡W&–ÖVçFÅ÷V&Æ—6†W%÷7WÆVÖVçBÃã3‚÷3CS“‚Ó#RÓ#ScBÓ ¦¶÷¦Æ÷w6¶•ó##U÷66–VçF–f–5÷&W÷'G2ÆfööE÷v7FU÷—&öÇ—6—5óc2ÃÃCS’Ã’ã#SÃ’ÃBãsƒ#SÃ3rÆ&–ö6†"ÃcÃRãÃ#3ãÃS‚ã3Ã3cbãCS“CSsÇG'VRÂÆW‡W&–ÖVçFÅ÷V&Æ—6†W%÷7WÆVÖVçBÃã3‚÷3CS“‚Ó#RÓ#ScBÓ ¦¶÷¦Æ÷w6¶•ó##U÷66–VçF–f–5÷&W÷'G2ÆfööE÷v7FU÷—&öÇ—6—5óc2Ã"ÃCS’Ã’ã#SÃ’ÃBãsƒ#SÃ3rÆ&–ö6†"ÃcÃRãÃ#CãSÃS‚ã3Ã3c’ã3S3C#BÇG'VRÂÆW‡W&–ÖVçFÅ÷V&Æ—6†W%÷7WÆVÖVçBÃã3‚÷3CS“‚Ó#RÓ#ScBÓ ¦¶÷¦Æ÷w6¶•ó##U÷66–VçF–f–5÷&W÷'G2ÆfööE÷v7FU÷—&öÇ—6—5óc2Ã2ÃCS’Ã’ã#SÃ’ÃBãsƒ#SÃ3rÆ&–ö6†"ÃcÃRãÃƒs‚ãƒÃS‚ã3Ã3’ãcscSc“‚ÆfÇ6RÆW†6ÇVFVEög&öÕ÷V&Æ—6†W%öÖVã²–æ6öç6—7FVçE÷&u÷6–væÂÆW‡W&–ÖVçFÅ÷V&Æ—6†W%÷7WÆVÖVçBÃã3‚÷3CS“‚Ó#RÓ#ScBÓ ¦¶÷¦Æ÷w6¶•ó##U÷66–VçF–f–5÷&W÷'G2ÆfööE÷v7FUö‡–G&ö6†%ó#C2ÃÃCS’Ã’ã#SÃ’ÃBãsƒ#SÃ3rÆ‡–G&ö6†"Ã#CÃRãÃ##’ã“ÃS‚ã3Ã3ƒbãsSCƒCS’ÇG'VRÂÆW‡W&–ÖVçFÅ÷V&Æ—6†W%÷7WÆVÖVçBÃã3‚÷3CS“‚Ó#RÓ#ScBÓ ¦¶÷¦Æ÷w6¶•ó##U÷66–VçF–f–5÷&W÷'G2ÆfööE÷v7FUö‡–G&ö6†%ó#C2Ã"ÃCS’Ã’ã#SÃ’ÃBãsƒ#SÃ3rÆ‡–G&ö6†"Ã#CÃRãÃ##ã3ÃS‚ã3Ã3ƒBãƒs#C“"ÇG'VRÂÆW‡W&–ÖVçFÅ÷V&Æ—6†W%÷7WÆVÖVçBÃã3‚÷3CS“‚Ó#RÓ#ScBÓ ¦¶÷¦Æ÷w6¶•ó##U÷66–VçF–f–5÷&W÷'G2ÆfööE÷v7FUö‡–G&ö6†%ó#C2Ã2ÃCS’Ã’ã#SÃ’ÃBãsƒ#SÃ3rÆ‡–G&ö6†"Ã#CÃRãÃ##BãsÃS‚ã3Ã3ƒ2ã3S“cBÇG'VRÂÆW‡W&–ÖVçFÅ÷V&Æ—6†W%÷7WÆVÖVçBÃã3‚÷3CS“‚Ó#RÓ#ScBÓ ¦¶÷¦Æ÷w6¶•ó##U÷66–VçF–f–5÷&W÷'G2ÆfööE÷v7FRÃÃCcÃ’ãccccccrÃ’ÃBãs“ccccrÃ3rÆæöæRÂÃãÃ#rã#ÃS‚ãCÃ33‚ãcccS#c#BÇG'VRÂÆW‡W&–ÖVçFÅ÷V&Æ—6†W%÷7WÆVÖVçBÃã3‚÷3CS“‚Ó#RÓ#ScBÓ ¦¶÷¦Æ÷w6¶•ó##U÷66–VçF–f–5÷&W÷'G2ÆfööE÷v7FRÃ"ÃCcÃ’ãccccccrÃ’ÃBãs“ccccrÃ3rÆæöæRÂÃãÃ#“bã3ÃS‚ãCÃ3S‚ãs““C#C#ÇG'VRÂÆW‡W&–ÖVçFÅ÷V&Æ—6†W%÷7WÆVÖVçBÃã3‚÷3CS“‚Ó#RÓ#ScBÓ ¦¶÷¦Æ÷w6¶•ó##U÷66–VçF–f–5÷&W÷'G2ÆfööE÷v7FRÃ2ÃCcÃ’ãccccccrÃ’ÃBãs“ccccrÃ3rÆæöæRÂÃãÃ#RãÃS‚ãCÃ3c2ã#CƒCs#RÇG'VRÂÆW‡W&–ÖVçFÅ÷V&Æ—6†W%÷7WÆVÖVçBÃã3‚÷3CS“‚Ó#RÓ#ScBÓ ¦¶÷¦Æ÷w6¶•ó##U÷66–VçF–f–5÷&W÷'G2ÆfööE÷v7FU÷F÷'&Vf7F–öåó#C2ÃÃCcÃ’ãccccccrÃ’ÃBãs“ccccrÃ3rÇF÷'&Vf7F–öå÷&öGV7BÃ#CÃRãÃ##sãÃS‚ãCÃ3“‚ã#sC3cSS’ÇG'VRÂÆW‡W&–ÖVçFÅ÷V&Æ—6†W%÷7WÆVÖVçBÃã3‚÷3CS“‚Ó#RÓ#ScBÓ ¦¶÷¦Æ÷w6¶•ó##U÷66–VçF–f–5÷&W÷'G2ÆfööE÷v7FU÷F÷'&Vf7F–öåó#C2Ã"ÃCcÃ’ãccccccrÃ’ÃBãs“ccccrÃ3rÇF÷'&Vf7F–öå÷&öGV7BÃ#CÃRãÃCsãSÃS‚ãCÂÓ‚ãSc3ƒ#S#’ÆfÇ6RÆW†6ÇVFVEög&öÕ÷V&Æ—6†W%öÖVã²–æ6öç6—7FVçE÷&u÷6–væÂÆW‡W&–ÖVçFÅ÷V&Æ—6†W%÷7WÆVÖVçBÃã3‚÷3CS“‚Ó#RÓ#ScBÓ ¦¶÷¦Æ÷w6¶•ó##U÷66–VçF–f–5÷&W÷'G2ÆfööE÷v7FU÷F÷'&Vf7F–öåó#C2Ã2ÃCcÃ’ãccccccrÃ’ÃBãs“ccccrÃ3rÇF÷'&Vf7F–öå÷&öGV7BÃ#CÃRãÃ##sã3ÃS‚ãCÃ3“‚ã3C#S32ÇG'VRÂÆW‡W&–ÖVçFÅ÷V&Æ—6†W%÷7WÆVÖVçBÃã3‚÷3CS“‚Ó#RÓ#ScBÓ ¦¶÷¦Æ÷w6¶•ó##U÷66–VçF–f–5÷&W÷'G2ÆfööE÷v7FU÷—&öÇ—6—5óc2ÃÃCcÃ’ãccccccrÃ’ÃBãs“ccccrÃ3rÆ&–ö6†"ÃcÃRãÃ#3ãSÃS‚ãCÃ3cbãS#s#3#BÇG'VRÂÆW‡W&–ÖVçFÅ÷V&Æ—6†W%÷7WÆVÖVçBÃã3‚÷3CS“‚Ó#RÓ#ScBÓ ¦¶÷¦Æ÷w6¶•ó##U÷66–VçF–f–5÷&W÷'G2ÆfööE÷v7FU÷—&öÇ—6—5óc2Ã"ÃCcÃ’ãccccccrÃ’ÃBãs“ccccrÃ3rÆ&–ö6†"ÃcÃRãÃ#Cã“ÃS‚ãCÃ3c’ã3#“S‚ÇG'VRÂÆW‡W&–ÖVçFÅ÷V&Æ—6†W%÷7WÆVÖVçBÃã3‚÷3CS“‚Ó#RÓ#ScBÓ ¦¶÷¦Æ÷w6¶•ó##U÷66–VçF–f–5÷&W÷'G2ÆfööE÷v7FU÷—&öÇ—6—5óc2Ã2ÃCcÃ’ãccccccrÃ’ÃBãs“ccccrÃ3rÆ&–ö6†"ÃcÃRãÃƒs’ãÃS‚ãCÃ3’ãc“ƒcS#ƒ2ÆfÇ6RÆW†6ÇVFVEög&öÕ÷V&Æ—6†W%öÖVã²–æ6öç6—7FVçE÷&u÷6–væÂÆW‡W&–ÖVçFÅ÷V&Æ—6†W%÷7WÆVÖVçBÃã3‚÷3CS“‚Ó#RÓ#ScBÓ ¦¶÷¦Æ÷w6¶•ó##U÷66–VçF–f–5÷&W÷'G2ÆfööE÷v7FUö‡–G&ö6†%ó#C2ÃÃCcÃ’ãccccccrÃ’ÃBãs“ccccrÃ3rÆ‡–G&ö6†"Ã#CÃRãÃ###ãcÃS‚ãCÃ3ƒbãƒƒcS“cbÇG'VRÂÆW‡W&–ÖVçFÅ÷V&Æ—6†W%÷7WÆVÖVçBÃã3‚÷3CS“‚Ó#RÓ#ScBÓ ¦¶÷¦Æ÷w6¶•ó##U÷66–VçF–f–5÷&W÷'G2ÆfööE÷v7FUö‡–G&ö6†%ó#C2Ã"ÃCcÃ’ãccccccrÃ’ÃBãs“ccccrÃ3rÆ‡–G&ö6†"Ã#CÃRãÃ##"ãÃS‚ãCÃ3ƒBã“C#ƒc“’ÇG'VRÂÆW‡W&–ÖVçFÅ÷V&Æ—6†W%÷7WÆVÖVçBÃã3‚÷3CS“‚Ó#RÓ#ScBÓ ¦¶÷¦Æ÷w6¶•ó##U÷66–VçF–f–5÷&W÷'G2ÆfööE÷v7FUö‡–G&ö6†%ó#C2Ã2ÃCcÃ’ãccccccrÃ’ÃBãs“ccccrÃ3rÆ‡–G&ö6†"Ã#CÃRãÃ##RãÃS‚ãCÃ3ƒ2ã3csƒ2ÇG'VRÂÆW‡W&–ÖVçFÅ÷V&Æ—6†W%÷7WÆVÖVçBÃã3‚÷3CS“‚Ó#RÓ#ScBÓ ¦¶÷¦Æ÷w6¶•ó##U÷66–VçF–f–5÷&W÷'G2ÆfööE÷v7FRÃÃCcÃ’ã#ƒ33332Ã’ÃBãƒ#ƒ332Ã3rÆæöæRÂÃãÃ#rãSÃS‚ãSÃ33‚ãsss“2ÇG'VRÂÆW‡W&–ÖVçFÅ÷V&Æ—6†W%÷7WÆVÖVçBÃã3‚÷3CS“‚Ó#RÓ#ScBÓ ¦¶÷¦Æ÷w6¶•ó##U÷66–VçF–f–5÷&W÷'G2ÆfööE÷v7FRÃ"ÃCcÃ’ã#ƒ33332Ã’ÃBãƒ#ƒ332Ã3rÆæöæRÂÃãÃ#“bãcÃS‚ãSÃ3S‚ãƒCCcS“ÇG'VRÂÆW‡W&–ÖVçFÅ÷V&Æ—6†W%÷7WÆVÖVçBÃã3‚÷3CS“‚Ó#RÓ#ScBÓ ¦¶÷¦Æ÷w6¶•ó##U÷66–VçF–f–5÷&W÷'G2ÆfööE÷v7FRÃ2ÃCcÃ’ã#ƒ33332Ã’ÃBãƒ#ƒ332Ã3rÆæöæRÂÃãÃ#RãCÃS‚ãSÃ3c2ã“#c3Cs‚ÇG'VRÂÆW‡W&–ÖVçFÅ÷V&Æ—6†W%÷7WÆVÖVçBÃã3‚÷3CS“‚Ó#RÓ#ScBÓ ¦¶÷¦Æ÷w6¶•ó##U÷66–VçF–f–5÷&W÷'G2ÆfööE÷v7FU÷F÷'&Vf7F–öåó#C2ÃÃCcÃ’ã#ƒ33332Ã’ÃBãƒ#ƒ332Ã3rÇF÷'&Vf7F–öå÷&öGV7BÃ#CÃRãÃ##sãƒÃS‚ãSÃ3“‚ãC3#S3cSÇG'VRÂÆW‡W&–ÖVçFÅ÷V&Æ—6†W%÷7WÆVÖVçBÃã3‚÷3CS“‚Ó#RÓ#ScBÓ ¦¶÷¦Æ÷w6¶•ó##U÷66–VçF–f–5÷&W÷'G2ÆfööE÷v7FU÷F÷'&Vf7F–öåó#C2Ã"ÃCcÃ’ã#ƒ33332Ã’ÃBãƒ#ƒ332Ã3rÇF÷'&Vf7F–öå÷&öGV7BÃ#CÃRãÃCsã3ÃS‚ãSÂÓ‚ãCScSC3rÆfÇ6RÆW†6ÇVFVEög&öÕ÷V&Æ—6†W%öÖVã²–æ6öç6—7FVçE÷&u÷6–væÂÆW‡W&–ÖVçFÅ÷V&Æ—6†W%÷7WÆVÖVçBÃã3‚÷3CS“‚Ó#RÓ#ScBÓ ¦¶÷¦Æ÷w6¶•ó##U÷66–VçF–f–5÷&W÷'G2ÆfööE÷v7FU÷F÷'&Vf7F–öåó#C2Ã2ÃCcÃ’ã#ƒ33332Ã’ÃBãƒ#ƒ332Ã3rÇF÷'&Vf7F–öå÷&öGV7BÃ#CÃRãÃ##sãsÃS‚ãSÃ3“‚ãC““CcbÇG'VRÂÆW‡W&–ÖVçFÅ÷V&Æ—6†W%÷7WÆVÖVçBÃã3‚÷3CS“‚Ó#RÓ#ScBÓ ¦¶÷¦Æ÷w6¶•ó##U÷66–VçF–f–5÷&W÷'G2ÆfööE÷v7FU÷—&öÇ—6—5óc2ÃÃCcÃ’ã#ƒ33332Ã’ÃBãƒ#ƒ332Ã3rÆ&–ö6†"ÃcÃRãÃ#3ã“ÃS‚ãSÃ3cbãS“C““srÇG'VRÂÆW‡W&–ÖVçFÅ÷V&Æ—6†W%÷7WÆVÖVçBÃã3‚÷3CS“‚Ó#RÓ#ScBÓ ¦¶÷¦Æ÷w6¶•ó##U÷66–VçF–f–5÷&W÷'G2ÆfööE÷v7FU÷—&öÇ—6—5óc2Ã"ÃCcÃ’ã#ƒ33332Ã’ÃBãƒ#ƒ332Ã3rÆ&–ö6†"ÃcÃRãÃ#C"ãCÃS‚ãSÃ3c’ã“3S#“bÇG'VRÂÆW‡W&–ÖVçFÅ÷V&Æ—6†W%÷7WÆVÖVçBÃã3‚÷3CS“‚Ó#RÓ#ScBÓ ¦¶÷¦Æ÷w6¶•ó##U÷66–VçF–f–5÷&W÷'G2ÆfööE÷v7FU÷—&öÇ—6—5óc2Ã2ÃCcÃ’ã#ƒ33332Ã’ÃBãƒ#ƒ332Ã3rÆ&–ö6†"ÃcÃRãÃƒs’ã3ÃS‚ãSÃ3’ãsC3ƒCCS"ÆfÇ6RÆW†6ÇVFVEög&öÕ÷V&Æ—6†W%öÖVã²–æ6öç6—7FVçE÷&u÷6–væÂÆW‡W&–ÖVçFÅ÷V&Æ—6†W%÷7WÆVÖVçBÃã3‚÷3CS“‚Ó#RÓ#ScBÓ ¦¶÷¦Æ÷w6¶•ó##U÷66–VçF–f–5÷&W÷'G2ÆfööE÷v7FUö‡–G&ö6†%ó#C2ÃÃCcÃ’ã#ƒ33332Ã’ÃBãƒ#ƒ332Ã3rÆ‡–G&ö6†"Ã#CÃRãÃ###ã3ÃS‚ãSÃ3ƒrã#c3Cs2ÇG'VRÂÆW‡W&–ÖVçFÅ÷V&Æ—6†W%÷7WÆVÖVçBÃã3‚÷3CS“‚Ó#RÓ#ScBÓ ¦¶÷¦Æ÷w6¶•ó##U÷66–VçF–f–5÷&W÷'G2ÆfööE÷v7FUö‡–G&ö6†%ó#C2Ã"ÃCcÃ’ã#ƒ33332Ã’ÃBãƒ#ƒ332Ã3rÆ‡–G&ö6†"Ã#CÃRãÃ##"ãsÃS‚ãSÃ3ƒRãsƒ3“#bÇG'VRÂÆW‡W&–ÖVçFÅ÷V&Æ—6†W%÷7WÆVÖVçBÃã3‚÷3CS“‚Ó#RÓ#ScBÓ ¦¶÷¦Æ÷w6¶•ó##U÷66–VçF–f–5÷&W÷'G2ÆfööE÷v7FUö‡–G&ö6†%ó#C2Ã2ÃCcÃ’ã#ƒ33332Ã’ÃBãƒ#ƒ332Ã3rÆ‡–G&ö6†"Ã#CÃRãÃ##RãCÃS‚ãSÃ3ƒ2ãC#ƒƒ“S3bÇG'VRÂÆW‡W&–ÖVçFÅ÷V&Æ—6†W%÷7WÆVÖVçBÃã3‚÷3CS“‚Ó#RÓ#ScBÓ ¦¶÷¦Æ÷w6¶•ó##U÷66–VçF–f–5÷&W÷'G2ÆfööE÷v7FRÃÃCc"Ã’ã#SÃ’ÃBãƒ#SÃ3rÆæöæRÂÃãÃ#rãƒÃS‚ãcÃ33‚ãsSc““c"ÇG'VRÂÆW‡W&–ÖVçFÅ÷V&Æ—6†W%÷7WÆVÖVçBÃã3‚÷3CS“‚Ó#RÓ#ScBÓ ¦¶÷¦Æ÷w6¶•ó##U÷66–VçF–f–5÷&W÷'G2ÆfööE÷v7FRÃ"ÃCc"Ã’ã#SÃ’ÃBãƒ#SÃ3rÆæöæRÂÃãÃ#“bã“ÃS‚ãcÃ3S‚ãƒƒ“ƒsS’ÇG'VRÂÆW‡W&–ÖVçFÅ÷V&Æ—6†W%÷7WÆVÖVçBÃã3‚÷3CS“‚Ó#RÓ#ScBÓ ¦¶÷¦Æ÷w6¶•ó##U÷66–VçF–f–5÷&W÷'G2ÆfööE÷v7FRÃ2ÃCc"Ã’ã#SÃ’ÃBãƒ#SÃ3rÆæöæRÂÃãÃ#RãsÃS‚ãcÃ3c2ã3sƒ#cCrÇG'VRÂÆW‡W&–ÖVçFÅ÷V&Æ—6†W%÷7WÆVÖVçBÃã3‚÷3CS“‚Ó#RÓ#ScBÓ ¦¶÷¦Æ÷w6¶•ó##U÷66–VçF–f–5÷&W÷'G2ÆfööE÷v7FU÷F÷'&Vf7F–öåó#C2ÃÃCc"Ã’ã#SÃ’ÃBãƒ#SÃ3rÇF÷'&Vf7F–öå÷&öGV7BÃ#CÃRãÃ##s"ãsÃS‚ãcÃ3“‚ãc333#rÇG'VRÂÆW‡W&–ÖVçFÅ÷V&Æ—6†W%÷7WÆVÖVçBÃã3‚÷3CS“‚Ó#RÓ#ScBÓ ¦¶÷¦Æ÷w6¶•ó##U÷66–VçF–f–5÷&W÷'G2ÆfööE÷v7FU÷F÷'&Vf7F–öåó#C2Ã"ÃCc"Ã’ã#SÃ’ÃBãƒ#SÃ3rÇF÷'&Vf7F–öå÷&öGV7BÃ#CÃRãÃCs"ãÃS‚ãcÂÓ‚ã#CsCƒ3CbÆfÇ6RÆW†6ÇVFVEög&öÕ÷V&Æ—6†W%öÖVã²–æ6öç6—7FVçE÷&u÷6–væÂÆW‡W&–ÖVçFÅ÷V&Æ—6†W%÷7WÆVÖVçBÃã3‚÷3CS“‚Ó#RÓ#ScBÓ ¦¶÷¦Æ÷w6¶•ó##U÷66–VçF–f–5÷&W÷'G2ÆfööE÷v7FU÷F÷'&Vf7F–öåó#C2Ã2ÃCc"Ã’ã#SÃ’ÃBãƒ#SÃ3rÇF÷'&Vf7F–öå÷&öGV7BÃ#CÃRãÃ##s"ãÃS‚ãcÃ3“‚ãCsss#ƒ#ÇG'VRÂÆW‡W&–ÖVçFÅ÷V&Æ—6†W%÷7WÆVÖVçBÃã3‚÷3CS“‚Ó#RÓ#ScBÓ ¦¶÷¦Æ÷w6¶•ó##U÷66–VçF–f–5÷&W÷'G2ÆfööE÷v7FU÷—&öÇ—6—5óc2ÃÃCc"Ã’ã#SÃ’ÃBãƒ#SÃ3rÆ&–ö6†"ÃcÃRãÃ#3ã#ÃS‚ãcÃ3cbãcCƒ#CbÇG'VRÂÆW‡W&–ÖVçFÅ÷V&Æ—6†W%÷7WÆVÖVçBÃã3‚÷3CS“‚Ó#RÓ#ScBÓ ¦¶÷¦Æ÷w6¶•ó##U÷66–VçF–f–5÷&W÷'G2ÆfööE÷v7FU÷—&öÇ—6—5óc2Ã"ÃCc"Ã’ã#SÃ’ÃBãƒ#SÃ3rÆ&–ö6†"ÃcÃRãÃ#C"ãƒÃS‚ãcÃ3c’ã#c3C’ÇG'VRÂÆW‡W&–ÖVçFÅ÷V&Æ—6†W%÷7WÆVÖVçBÃã3‚÷3CS“‚Ó#RÓ#ScBÓ ¦¶÷¦Æ÷w6¶•ó##U÷66–VçF–f–5÷&W÷'G2ÆfööE÷v7FU÷—&öÇ—6—5óc2Ã2ÃCc"Ã’ã#SÃ’ÃBãƒ#SÃ3rÆ&–ö6†"ÃcÃRãÃƒs’ãcÃS‚ãcÃ3’ãsƒ“3c#ÆfÇ6RÆW†6ÇVFVEög&öÕ÷V&Æ—6†W%öÖVã²–æ6öç6—7FVçE÷&u÷6–væÂÆW‡W&–ÖVçFÅ÷V&Æ—6†W%÷7WÆVÖVçBÃã3‚÷3CS“‚Ó#RÓ#ScBÓ ¦¶÷¦Æ÷w6¶•ó##U÷66–VçF–f–5÷&W÷'G2ÆfööE÷v7FUö‡–G&ö6†%ó#C2ÃÃCc"Ã’ã#SÃ’ÃBãƒ#SÃ3rÆ‡–G&ö6†"Ã#CÃRãÃ###"ãÃS‚ãcÃ3ƒrãs“ƒScRÇG'VRÂÆW‡W&–ÖVçFÅ÷V&Æ—6†W%÷7WÆVÖVçBÃã3‚÷3CS“‚Ó#RÓ#ScBÓ ¦¶÷¦Æ÷w6¶•ó##U÷66–VçF–f–5÷&W÷'G2ÆfööE÷v7FUö‡–G&ö6†%ó#C2Ã"ÃCc"Ã’ã#SÃ’ÃBãƒ#SÃ3rÆ‡–G&ö6†"Ã#CÃRãÃ##2ãSÃS‚ãcÃ3ƒRã#3cSc#“rÇG'VRÂÆW‡W&–ÖVçFÅ÷V&Æ—6†W%÷7WÆVÖVçBÃã3‚÷3CS“‚Ó#RÓ#ScBÓ ¦¶÷¦Æ÷w6¶•ó##U÷66–VçF–f–5÷&W÷'G2ÆfööE÷v7FUö‡–G&ö6†%ó#C2Ã2ÃCc"Ã’ã#SÃ’ÃBãƒ#SÃ3rÆ‡–G&ö6†"Ã#CÃRãÃ##RãsÃS‚ãcÃ3ƒ2ãCsCƒsRÇG'VRÂÆW‡W&–ÖVçFÅ÷V&Æ—6†W%÷7WÆVÖVçBÃã3‚÷3CS“‚Ó#RÓ#ScBÓ ¦¶÷¦Æ÷w6¶•ó##U÷66–VçF–f–5÷&W÷'G2ÆfööE÷v7FRÃÃCc2Ã’ã#“ccccrÃ#ÃBãƒ##“ccrÃ3rÆæöæRÂÃãÃ#‚ãÃS‚ãsÃ33‚ãƒ#3ÇG'VRÂÆW‡W&–ÖVçFÅ÷V&Æ—6†W%÷7WÆVÖVçBÃã3‚÷3CS“‚Ó#RÓ#ScBÓ ¦¶÷¦Æ÷w6¶•ó##U÷66–VçF–f–5÷&W÷'G2ÆfööE÷v7FRÃ"ÃCc2Ã’ã#“ccccrÃ#ÃBãƒ##“ccrÃ3rÆæöæRÂÃãÃ#“rã#ÃS‚ãsÃ3S‚ã“3C“““#’ÇG'VRÂÆW‡W&–ÖVçFÅ÷V&Æ—6†W%÷7WÆVÖVçBÃã3‚÷3CS“‚Ó#RÓ#ScBÓ ¦¶÷¦Æ÷w6¶•ó##U÷66–VçF–f–5÷&W÷'G2ÆfööE÷v7FRÃ2ÃCc2Ã’ã#“ccccrÃ#ÃBãƒ##“ccrÃ3rÆæöæRÂÃãÃ#bãÃS‚ãsÃ3c2ãƒ3ƒbÇG'VRÂÆW‡W&–ÖVçFÅ÷V&Æ—6†W%÷7WÆVÖVçBÃã3‚÷3CS“‚Ó#RÓ#ScBÓ ¦¶÷¦Æ÷w6¶•ó##U÷66–VçF–f–5÷&W÷'G2ÆfööE÷v7FU÷F÷'&Vf7F–öåó#C2ÃÃCc2Ã’ã#“ccccrÃ#ÃBãƒ##“ccrÃ3rÇF÷'&Vf7F–öå÷&öGV7BÃ#CÃRãÃ##s2ãSÃS‚ãsÃ3“‚ãssCsC‚ÇG'VRÂÆW‡W&–ÖVçFÅ÷V&Æ—6†W%÷7WÆVÖVçBÃã3‚÷3CS“‚Ó#RÓ#ScBÓ ¦¶÷¦Æ÷w6¶•ó##U÷66–VçF–f–5÷&W÷'G2ÆfööE÷v7FU÷F÷'&Vf7F–öåó#C2Ã"ÃCc2Ã’ã#“ccccrÃ#ÃBãƒ##“ccrÃ3rÇF÷'&Vf7F–öå÷&öGV7BÃ#CÃRãÃCs"ã“ÃS‚ãsÂÓ‚ãƒ“3#SBÆfÇ6RÆW†6ÇVFVEög&öÕ÷V&Æ—6†W%öÖVã²–æ6öç6—7FVçE÷&u÷6–væÂÆW‡W&–ÖVçFÅ÷V&Æ—6†W%÷7WÆVÖVçBÃã3‚÷3CS“‚Ó#RÓ#ScBÓ ¦¶÷¦Æ÷w6¶•ó##U÷66–VçF–f–5÷&W÷'G2ÆfööE÷v7FU÷F÷'&Vf7F–öåó#C2Ã2ÃCc2Ã’ã#“ccccrÃ#ÃBãƒ##“ccrÃ3rÇF÷'&Vf7F–öå÷&öGV7BÃ#CÃRãÃ##s"ãSÃS‚ãsÃ3“‚ãSCSSSs2ÇG'VRÂÆW‡W&–ÖVçFÅ÷V&Æ—6†W%÷7WÆVÖVçBÃã3‚÷3CS“‚Ó#RÓ#ScBÓ ¦¶÷¦Æ÷w6¶•ó##U÷66–VçF–f–5÷&W÷'G2ÆfööE÷v7FU÷—&öÇ—6—5óc2ÃÃCc2Ã’ã#“ccccrÃ#ÃBãƒ##“ccrÃ3rÆ&–ö6†"ÃcÃRãÃ#3ãcÃS‚ãsÃ3cbãss“sÇG'VRÂÆW‡W&–ÖVçFÅ÷V&Æ—6†W%÷7WÆVÖVçBÃã3‚÷3CS“‚Ó#RÓ#ScBÓ ¦¶÷¦Æ÷w6¶•ó##U÷66–VçF–f–5÷&W÷'G2ÆfööE÷v7FU÷—&öÇ—6—5óc2Ã"ÃCc2Ã’ã#“ccccrÃ#ÃBãƒ##“ccrÃ3rÆ&–ö6†"ÃcÃRãÃ#C2ã#ÃS‚ãsÃ3c’ã3#“ƒƒ2ÇG'VRÂÆW‡W&–ÖVçFÅ÷V&Æ—6†W%÷7WÆVÖVçBÃã3‚÷3CS“‚Ó#RÓ#ScBÓ ¦¶÷¦Æ÷w6¶•ó##U÷66–VçF–f–5÷&W÷'G2ÆfööE÷v7FU÷—&öÇ—6—5óc2Ã2ÃCc2Ã’ã#“ccccrÃ#ÃBãƒ##“ccrÃ3rÆ&–ö6†"ÃcÃRãÃƒs’ãƒÃS‚ãsÃ3’ãƒc3#bÆfÇ6RÆW†6ÇVFVEög&öÕ÷V&Æ—6†W%öÖVã²–æ6öç6—7FVçE÷&u÷6–væÂÆW‡W&–ÖVçFÅ÷V&Æ—6†W%÷7WÆVÖVçBÃã3‚÷3CS“‚Ó#RÓ#ScBÓ ¦¶÷¦Æ÷w6¶•ó##U÷66–VçF–f–5÷&W÷'G2ÆfööE÷v7FUö‡–G&ö6†%ó#C2ÃÃCc2Ã’ã#“ccccrÃ#ÃBãƒ##“ccrÃ3rÆ‡–G&ö6†"Ã#CÃRãÃ###"ãƒÃS‚ãsÃ3ƒrã3S3ƒs"ÇG'VRÂÆW‡W&–ÖVçFÅ÷V&Æ—6†W%÷7WÆVÖVçBÃã3‚÷3CS“‚Ó#RÓ#ScBÓ ¦¶÷¦Æ÷w6¶•ó##U÷66–VçF–f–5÷&W÷'G2ÆfööE÷v7FUö‡–G&ö6†%ó#C2Ã"ÃCc2Ã’ã#“ccccrÃ#ÃBãƒ##“ccrÃ3rÆ‡–G&ö6†"Ã#CÃRãÃ##Bã#ÃS‚ãsÃ3ƒRã3s#3ƒBÇG'VRÂÆW‡W&–ÖVçFÅ÷V&Æ—6†W%÷7WÆVÖVçBÃã3‚÷3CS“‚Ó#RÓ#ScBÓ ¦¶÷¦Æ÷w6¶•ó##U÷66–VçF–f–5÷&W÷'G2ÆfööE÷v7FUö‡–G&ö6†%ó#C2Ã2ÃCc2Ã’ã#“ccccrÃ#ÃBãƒ##“ccrÃ3rÆ‡–G&ö6†"Ã#CÃRãÃ##bãÃS‚ãsÃ3ƒ2ãS“#sƒsRÇG'VRÂÆW‡W&–ÖVçFÅ÷V&Æ—6†W%÷7WÆVÖVçBÃã3‚÷3CS“‚Ó#RÓ#ScBÓ ¦¶÷¦Æ÷w6¶•ó##U÷66–VçF–f–5÷&W÷'G2ÆfööE÷v7FRÃÃCcBÃ’ã33333332Ã#ÃBãƒ3333332Ã3rÆæöæRÂÃãÃ#‚ãCÃS‚ãƒÃ33‚ãƒCs#“3ÇG'VRÂÆW‡W&–ÖVçFÅ÷V&Æ—6†W%÷7WÆVÖVçBÃã3‚÷3CS“‚Ó#RÓ#ScBÓ ¦¶÷¦Æ÷w6¶•ó##U÷66–VçF–f–5÷&W÷'G2ÆfööE÷v7FRÃ"ÃCcBÃ’ã33333332Ã#ÃBãƒ3333332Ã3rÆæöæRÂÃãÃ#“rãSÃS‚ãƒÃ3S‚ã“ƒ““‚ÇG'VRÂÆW‡W&–ÖVçFÅ÷V&Æ—6†W%÷7WÆVÖVçBÃã3‚÷3CS“‚Ó#RÓ#ScBÓ ¦¶÷¦Æ÷w6¶•ó##U÷66–VçF–f–5÷&W÷'G2ÆfööE÷v7FRÃ2ÃCcBÃ’ã33333332Ã#ÃBãƒ3333332Ã3rÆæöæRÂÃãÃ#bãCÃS‚ãƒÃ3c2ã#SƒSsÇG'VRÂÆW‡W&–ÖVçFÅ÷V&Æ—6†W%÷7WÆVÖVçBÃã3‚÷3CS“‚Ó#RÓ#ScBÓ ¦¶÷¦Æ÷w6¶•ó##U÷66–VçF–f–5÷&W÷'G2ÆfööE÷v7FU÷F÷'&Vf7F–öåó#C2ÃÃCcBÃ’ã33333332Ã#ÃBãƒ3333332Ã3rÇF÷'&Vf7F–öå÷&öGV7BÃ#CÃRãÃ##sBã3ÃS‚ãƒÃ3“‚ã“#“cCSÇG'VRÂÆW‡W&–ÖVçFÅ÷V&Æ—6†W%÷7WÆVÖVçBÃã3‚÷3CS“‚Ó#RÓ#ScBÓ ¦¶÷¦Æ÷w6¶•ó##U÷66–VçF–f–5÷&W÷'G2ÆfööE÷v7FU÷F÷'&Vf7F–öåó#C2Ã"ÃCcBÃ’ã33333332Ã#ÃBãƒ3333332Ã3rÇF÷'&Vf7F–öå÷&öGV7BÃ#CÃRãÃCs2ãsÃS‚ãƒÂÓrã“3Cc2ÆfÇ6RÆW†6ÇVFVEög&öÕ÷V&Æ—6†W%öÖVã²–æ6öç6—7FVçE÷&u÷6–væÂÆW‡W&–ÖVçFÅ÷V&Æ—6†W%÷7WÆVÖVçBÃã3‚÷3CS“‚Ó#RÓ#ScBÓ ¦¶÷¦Æ÷w6¶•ó##U÷66–VçF–f–5÷&W÷'G2ÆfööE÷v7FU÷F÷'&Vf7F–öåó#C2Ã2ÃCcBÃ’ã33333332Ã#ÃBãƒ3333332Ã3rÇF÷'&Vf7F–öå÷&öGV7BÃ#CÃRãÃ##s"ã“ÃS‚ãƒÃ3“‚ãc333#rÇG'VRÂÆW‡W&–ÖVçFÅ÷V&Æ—6†W%÷7WÆVÖVçBÃã3‚÷3CS“‚Ó#RÓ#ScBÓ ¦¶÷¦Æ÷w6¶•ó##U÷66–VçF–f–5÷&W÷'G2ÆfööE÷v7FU÷—&öÇ—6—5óc2ÃÃCcBÃ’ã33333332Ã#ÃBãƒ3333332Ã3rÆ&–ö6†"ÃcÃRãÃ#3"ãÃS‚ãƒÃ3cbãssSsSsS2ÇG'VRÂÆW‡W&–ÖVçFÅ÷V&Æ—6†W%÷7WÆVÖVçBÃã3‚÷3CS“‚Ó#RÓ#ScBÓ ¦¶÷¦Æ÷w6¶•ó##U÷66–VçF–f–5÷&W÷'G2ÆfööE÷v7FU÷—&öÇ—6—5óc2Ã"ÃCcBÃ’ã33333332Ã#ÃBãƒ3333332Ã3rÆ&–ö6†"ÃcÃRãÃ#C2ãsÃS‚ãƒÃ3c’ãC“CsCÇG'VRÂÆW‡W&–ÖVçFÅ÷V&Æ—6†W%÷7WÆVÖVçBÃã3‚÷3CS“‚Ó#RÓ#ScBÓ ¦¶÷¦Æ÷w6¶•ó##U÷66–VçF–f–5÷&W÷'G2ÆfööE÷v7FU÷—&öÇ—6—5óc2Ã2ÃCcBÃ’ã33333332Ã#ÃBãƒ3333332Ã3rÆ&–ö6†"ÃcÃRãÃƒƒãÃS‚ãƒÃ3’ãƒScƒ#3sRÆfÇ6RÆW†6ÇVFVEög&öÕ÷V&Æ—6†W%öÖVã²–æ6öç6—7FVçE÷&u÷6–væÂÆW‡W&–ÖVçFÅ÷V&Æ—6†W%÷7WÆVÖVçBÃã3‚÷3CS“‚Ó#RÓ#ScBÓ ¦¶÷¦Æ÷w6¶•ó##U÷66–VçF–f–5÷&W÷'G2ÆfööE÷v7FUö‡–G&ö6†%ó#C2ÃÃCcBÃ’ã33333332Ã#ÃBãƒ3333332Ã3rÆ‡–G&ö6†"Ã#CÃRãÃ###2ãSÃS‚ãƒÃ3ƒrãCS“SSs’ÇG'VRÂÆW‡W&–ÖVçFÅ÷V&Æ—6†W%÷7WÆVÖVçBÃã3‚÷3CS“‚Ó#RÓ#ScBÓ ¦¶÷¦Æ÷w6¶•ó##U÷66–VçF–f–5÷&W÷'G2ÆfööE÷v7FUö‡–G&ö6†%ó#C2Ã"ÃCcBÃ’ã33333332Ã#ÃBãƒ3333332Ã3rÆ‡–G&ö6†"Ã#CÃRãÃ##Bã“ÃS‚ãƒÃ3ƒRãSss3ÇG'VRÂÆW‡W&–ÖVçFÅ÷V&Æ—6†W%÷7WÆVÖVçBÃã3‚÷3CS“‚Ó#RÓ#ScBÓ ¦¶÷¦Æ÷w6¶•ó##U÷66–VçF–f–5÷&W÷'G2ÆfööE÷v7FUö‡–G&ö6†%ó#C2Ã2ÃCcBÃ’ã33333332Ã#ÃBãƒ3333332Ã3rÆ‡–G&ö6†"Ã#CÃRãÃ##bãCÃS‚ãƒÃ3ƒ2ãSƒscc#‚ÇG'VRÂÆW‡W&–ÖVçFÅ÷V&Æ—6†W%÷7WÆVÖVçBÃã3‚÷3CS“‚Ó#RÓ#ScBÓ ¦¶÷¦Æ÷w6¶•ó##U÷66–VçF–f–5÷&W÷'G2ÆfööE÷v7FRÃÃCcRÃ’ã3sSÃ#ÃBãƒC3sSÃ3rÆæöæRÂÃãÃ#‚ãsÃS‚ã“Ã33‚ãƒ“#CƒCc’ÇG'VRÂÆW‡W&–ÖVçFÅ÷V&Æ—6†W%÷7WÆVÖVçBÃã3‚÷3CS“‚Ó#RÓ#ScBÓ ¦¶÷¦Æ÷w6¶•ó##U÷66–VçF–f–5÷&W÷'G2ÆfööE÷v7FRÃ"ÃCcRÃ’ã3sSÃ#ÃBãƒC3sSÃ3rÆæöæRÂÃãÃ#“rãƒÃS‚ã“Ã3S’ã#S3ƒ#crÇG'VRÂÆW‡W&–ÖVçFÅ÷V&Æ—6†W%÷7WÆVÖVçBÃã3‚÷3CS“‚Ó#RÓ#ScBÓ ¦¶÷¦Æ÷w6¶•ó##U÷66–VçF–f–5÷&W÷'G2ÆfööE÷v7FRÃ2ÃCcRÃ’ã3sSÃ#ÃBãƒC3sSÃ3rÆæöæRÂÃãÃ#bãsÃS‚ã“Ã3c2ã#“S““s3’ÇG'VRÂÆW‡W&–ÖVçFÅ÷V&Æ—6†W%÷7WÆVÖVçBÃã3‚÷3CS“‚Ó#RÓ#ScBÓ ¦¶÷¦Æ÷w6¶•ó##U÷66–VçF–f–5÷&W÷'G2ÆfööE÷v7FU÷F÷'&Vf7F–öåó#C2ÃÃCcRÃ’ã3sSÃ#ÃBãƒC3sSÃ3rÇF÷'&Vf7F–öå÷&öGV7BÃ#CÃRãÃ##sRã#ÃS‚ã“Ã3“’ãCƒbÇG'VRÂÆW‡W&–ÖVçFÅ÷V&Æ—6†W%÷7WÆVÖVçBÃã3‚÷3CS“‚Ó#RÓ#ScBÓ ¦¶÷¦Æ÷w6¶•ó##U÷66–VçF–f–5÷&W÷'G2ÆfööE÷v7FU÷F÷'&Vf7F–öåó#C2Ã"ÃCcRÃ’ã3sSÃ#ÃBãƒC3sSÃ3rÇF÷'&Vf7F–öå÷&öGV7BÃ#CÃRãÃCsBãSÃS‚ã“ÂÓrãss#“ssÆfÇ6RÆW†6ÇVFVEög&öÕ÷V&Æ—6†W%öÖVã²–æ6öç6—7FVçE÷&u÷6–væÂÆW‡W&–ÖVçFÅ÷V&Æ—6†W%÷7WÆVÖVçBÃã3‚÷3CS“‚Ó#RÓ#ScBÓ ¦¶÷¦Æ÷w6¶•ó##U÷66–VçF–f–5÷&W÷'G2ÆfööE÷v7FU÷F÷'&Vf7F–öåó#C2Ã2ÃCcRÃ’ã3sSÃ#ÃBãƒC3sSÃ3rÇF÷'&Vf7F–öå÷&öGV7BÃ#CÃRãÃ##s2ã3ÃS‚ã“Ã3“‚ãcƒ“ƒÇG'VRÂÆW‡W&–ÖVçFÅ÷V&Æ—6†W%÷7WÆVÖVçBÃã3‚÷3CS“‚Ó#RÓ#ScBÓ ¦¶÷¦Æ÷w6¶•ó##U÷66–VçF–f–5÷&W÷'G2ÆfööE÷v7FU÷—&öÇ—6—5óc2ÃÃCcRÃ’ã3sSÃ#ÃBãƒC3sSÃ3rÆ&–ö6†"ÃcÃRãÃ#3"ã3ÃS‚ã“Ã3cbãƒ#“C“#"ÇG'VRÂÆW‡W&–ÖVçFÅ÷V&Æ—6†W%÷7WÆVÖVçBÃã3‚÷3CS“‚Ó#RÓ#ScBÓ ¦¶÷¦Æ÷w6¶•ó##U÷66–VçF–f–5÷&W÷'G2ÆfööE÷v7FU÷—&öÇ—6—5óc2Ã"ÃCcRÃ’ã3sSÃ#ÃBãƒC3sSÃ3rÆ&–ö6†"ÃcÃRãÃ#CBãÃS‚ã“Ã3c’ãCƒs#Sƒ“BÇG'VRÂÆW‡W&–ÖVçFÅ÷V&Æ—6†W%÷7WÆVÖVçBÃã3‚÷3CS“‚Ó#RÓ#ScBÓ ¦¶÷¦Æ÷w6¶•ó##U÷66–VçF–f–5÷&W÷'G2ÆfööE÷v7FU÷—&öÇ—6—5óc2Ã2ÃCcRÃ’ã3sSÃ#ÃBãƒC3sSÃ3rÆ&–ö6†"ÃcÃRãÃƒƒãCÃS‚ã“Ã3’ã“#SCBÆfÇ6RÆW†6ÇVFVEög&öÕ÷V&Æ—6†W%öÖVã²–æ6öç6—7FVçE÷&u÷6–væÂÆW‡W&–ÖVçFÅ÷V&Æ—6†W%÷7WÆVÖVçBÃã3‚÷3CS“‚Ó#RÓ#ScBÓ ¦¶÷¦Æ÷w6¶•ó##U÷66–VçF–f–5÷&W÷'G2ÆfööE÷v7FUö‡–G&ö6†%ó#C2ÃÃCcRÃ’ã3sSÃ#ÃBãƒC3sSÃ3rÆ‡–G&ö6†"Ã#CÃRãÃ###Bã3ÃS‚ã“Ã3ƒrãc“#csÇG'VRÂÆW‡W&–ÖVçFÅ÷V&Æ—6†W%÷7WÆVÖVçBÃã3‚÷3CS“‚Ó#RÓ#ScBÓ ¦¶÷¦Æ÷w6¶•ó##U÷66–VçF–f–5÷&W÷'G2ÆfööE÷v7FUö‡–G&ö6†%ó#C2Ã"ÃCcRÃ’ã3sSÃ#ÃBãƒC3sSÃ3rÆ‡–G&ö6†"Ã#CÃRãÃ##RãsÃS‚ã“Ã3ƒRãccSƒƒC2ÇG'VRÂÆW‡W&–ÖVçFÅ÷V&Æ—6†W%÷7WÆVÖVçBÃã3‚÷3CS“‚Ó#RÓ#ScBÓ ¦¶÷¦Æ÷w6¶•ó##U÷66–VçF–f–5÷&W÷'G2ÆfööE÷v7FUö‡–G&ö6†%ó#C2Ã2ÃCcRÃ’ã3sSÃ#ÃBãƒC3sSÃ3rÆ‡–G&ö6†"Ã#CÃRãÃ##bãsÃS‚ã“Ã3ƒ2ãc3##Ss“rÇG'VRÂÆW‡W&–ÖVçFÅ÷V&Æ—6†W%÷7WÆVÖVçBÃã3‚÷3CS“‚Ó#RÓ#ScBÓ ¦¶÷¦Æ÷w6¶•ó##U÷66–VçF–f–5÷&W÷'G2ÆfööE÷v7FRÃÃCcbÃ’ãCcccccrÃ#ÃBãƒSCcccrÃ3rÆæöæRÂÃãÃ#’ãÃS’ãÃ33‚ã“3scsc3‚ÇG'VRÂÆW‡W&–ÖVçFÅ÷V&Æ—6†W%÷7WÆVÖVçBÃã3‚÷3CS“‚Ó#RÓ#ScBÓ ¦¶÷¦Æ÷w6¶•ó##U÷66–VçF–f–5÷&W÷'G2ÆfööE÷v7FRÃ"ÃCcbÃ’ãCcccccrÃ#ÃBãƒSCcccrÃ3rÆæöæRÂÃãÃ#“‚ãÃS’ãÃ3S’ãsSsC3bÇG'VRÂÆW‡W&–ÖVçFÅ÷V&Æ—6†W%÷7WÆVÖVçBÃã3‚÷3CS“‚Ó#RÓ#ScBÓ ¦¶÷¦Æ÷w6¶•ó##U÷66–VçF–f–5÷&W÷'G2ÆfööE÷v7FRÃ2ÃCcbÃ’ãCcccccrÃ#ÃBãƒSCcccrÃ3rÆæöæRÂÃãÃ#rãÃS’ãÃ3c2ã3Cƒ“‚ÇG'VRÂÆW‡W&–ÖVçFÅ÷V&Æ—6†W%÷7WÆVÖVçBÃã3‚÷3CS“‚Ó#RÓ#ScBÓ ¦¶÷¦Æ÷w6¶•ó##U÷66–VçF–f–5÷&W÷'G2ÆfööE÷v7FU÷F÷'&Vf7F–öåó#C2ÃÃCcbÃ’ãCcccccrÃ#ÃBãƒSCcccrÃ3rÇF÷'&Vf7F–öå÷&öGV7BÃ#CÃRãÃ##sbãÃS’ãÃ3“’ã#cƒSƒ#srÇG'VRÂÆW‡W&–ÖVçFÅ÷V&Æ—6†W%÷7WÆVÖVçBÃã3‚÷3CS“‚Ó#RÓ#ScBÓ ¦¶÷¦Æ÷w6¶•ó##U÷66–VçF–f–5÷&W÷'G2ÆfööE÷v7FU÷F÷'&Vf7F–öåó#C2Ã"ÃCcbÃ’ãCcccccrÃ#ÃBãƒSCcccrÃ3rÇF÷'&Vf7F–öå÷&öGV7BÃ#CÃRãÃCsRã3ÃS’ãÂÓrãcCs““ƒÆfÇ6RÆW†6ÇVFVEög&öÕ÷V&Æ—6†W%öÖVã²–æ6öç6—7FVçE÷&u÷6–væÂÆW‡W&–ÖVçFÅ÷V&Æ—6†W%÷7WÆVÖVçBÃã3‚÷3CS“‚Ó#RÓ#ScBÓ ¦¶÷¦Æ÷w6¶•ó##U÷66–VçF–f–5÷&W÷'G2ÆfööE÷v7FU÷F÷'&Vf7F–öåó#C2Ã2ÃCcbÃ’ãCcccccrÃ#ÃBãƒSCcccrÃ3rÇF÷'&Vf7F–öå÷&öGV7BÃ#CÃRãÃ##s2ãsÃS’ãÃ3“‚ãsCƒƒsƒ3BÇG'VRÂÆW‡W&–ÖVçFÅ÷V&Æ—6†W%÷7WÆVÖVçBÃã3‚÷3CS“‚Ó#RÓ#ScBÓ ¦¶÷¦Æ÷w6¶•ó##U÷66–VçF–f–5÷&W÷'G2ÆfööE÷v7FU÷—&öÇ—6—5óc2ÃÃCcbÃ’ãCcccccrÃ#ÃBãƒSCcccrÃ3rÆ&–ö6†"ÃcÃRãÃ#3"ãsÃS’ãÃ3cbãƒƒƒs3csbÇG'VRÂÆW‡W&–ÖVçFÅ÷V&Æ—6†W%÷7WÆVÖVçBÃã3‚÷3CS“‚Ó#RÓ#ScBÓ ¦¶÷¦Æ÷w6¶•ó##U÷66–VçF–f–5÷&W÷'G2ÆfööE÷v7FU÷—&öÇ—6—5óc2Ã"ÃCcbÃ’ãCcccccrÃ#ÃBãƒSCcccrÃ3rÆ&–ö6†"ÃcÃRãÃ#CBãSÃS’ãÃ3c’ãSSSCcC‚ÇG'VRÂÆW‡W&–ÖVçFÅ÷V&Æ—6†W%÷7WÆVÖVçBÃã3‚÷3CS“‚Ó#RÓ#ScBÓ ¦¶÷¦Æ÷w6¶•ó##U÷66–VçF–f–5÷&W÷'G2ÆfööE÷v7FU÷—&öÇ—6—5óc2Ã2ÃCcbÃ’ãCcccccrÃ#ÃBãƒSCcccrÃ3rÆ&–ö6†"ÃcÃRãÃƒƒãcÃS’ãÃ3’ã“#Cc#‚ÆfÇ6RÆW†6ÇVFVEög&öÕ÷V&Æ—6†W%öÖVã²–æ6öç6—7FVçE÷&u÷6–væÂÆW‡W&–ÖVçFÅ÷V&Æ—6†W%÷7WÆVÖVçBÃã3‚÷3CS“‚Ó#RÓ#ScBÓ ¦¶÷¦Æ÷w6¶•ó##U÷66–VçF–f–5÷&W÷'G2ÆfööE÷v7FUö‡–G&ö6†%ó#C2ÃÃCcbÃ’ãCcccccrÃ#ÃBãƒSCcccrÃ3rÆ‡–G&ö6†"Ã#CÃRãÃ###RãÃS’ãÃ3ƒrãsCCss‚ÇG'VRÂÆW‡W&–ÖVçFÅ÷V&Æ—6†W%÷7WÆVÖVçBÃã3‚÷3CS“‚Ó#RÓ#ScBÓ ¦¶÷¦Æ÷w6¶•ó##U÷66–VçF–f–5÷&W÷'G2ÆfööE÷v7FUö‡–G&ö6†%ó#C2Ã"ÃCcbÃ’ãCcccccrÃ#ÃBãƒSCcccrÃ3rÆ‡–G&ö6†"Ã#CÃRãÃ##bãCÃS’ãÃ3ƒRãƒCS“ÇG'VRÂÆW‡W&–ÖVçFÅ÷V&Æ—6†W%÷7WÆVÖVçBÃã3‚÷3CS“‚Ó#RÓ#ScBÓ ¦¶÷¦Æ÷w6¶•ó##U÷66–VçF–f–5÷&W÷'G2ÆfööE÷v7FUö‡–G&ö6†%ó#C2Ã2ÃCcbÃ’ãCcccccrÃ#ÃBãƒSCcccrÃ3rÆ‡–G&ö6†"Ã#CÃRãÃ##rãÃS’ãÃ3ƒ2ãcssCC“cbÇG'VRÂÆW‡W&–ÖVçFÅ÷V&Æ—6†W%÷7WÆVÖVçBÃã3‚÷3CS“‚Ó#RÓ#ScBÓ ¦¶÷¦Æ÷w6¶•ó##U÷66–VçF–f–5÷&W÷'G2ÆfööE÷v7FRÃÃCcrÃ’ãCSƒ33332Ã#ÃBãƒcCSƒ332Ã3rÆæöæRÂÃãÃ#’ã3ÃS’ãÃ33‚ã“ƒ#ƒcƒrÇG'VRÂÆW‡W&–ÖVçFÅ÷V&Æ—6†W%÷7WÆVÖVçBÃã3‚÷3CS“‚Ó#RÓ#ScBÓ ¦¶÷¦Æ÷w6¶•ó##U÷66–VçF–f–5÷&W÷'G2ÆfööE÷v7FRÃ"ÃCcrÃ’ãCSƒ33332Ã#ÃBãƒcCSƒ332Ã3rÆæöæRÂÃãÃ#“‚ãCÃS’ãÃ3S’ãSsccRÇG'VRÂÆW‡W&–ÖVçFÅ÷V&Æ—6†W%÷7WÆVÖVçBÃã3‚÷3CS“‚Ó#RÓ#ScBÓ ¦¶÷¦Æ÷w6¶•ó##U÷66–VçF–f–5÷&W÷'G2ÆfööE÷v7FRÃ2ÃCcrÃ’ãCSƒ33332Ã#ÃBãƒcCSƒ332Ã3rÆæöæRÂÃãÃ#rãCÃS’ãÃ3c2ãCƒ“sccÇG'VRÂÆW‡W&–ÖVçFÅ÷V&Æ—6†W%÷7WÆVÖVçBÃã3‚÷3CS“‚Ó#RÓ#ScBÓ ¦¶÷¦Æ÷w6¶•ó##U÷66–VçF–f–5÷&W÷'G2ÆfööE÷v7FU÷F÷'&Vf7F–öåó#C2ÃÃCcrÃ’ãCSƒ33332Ã#ÃBãƒcCSƒ332Ã3rÇF÷'&Vf7F–öå÷&öGV7BÃ#CÃRãÃ##sbãƒÃS’ãÃ3“’ãC#csS3c’ÇG'VRÂÆW‡W&–ÖVçFÅ÷V&Æ—6†W%÷7WÆVÖVçBÃã3‚÷3CS“‚Ó#RÓ#ScBÓ ¦¶÷¦Æ÷w6¶•ó##U÷66–VçF–f–5÷&W÷'G2ÆfööE÷v7FU÷F÷'&Vf7F–öåó#C2Ã"ÃCcrÃ’ãCSƒ33332Ã#ÃBãƒcCSƒ332Ã3rÇF÷'&Vf7F–öå÷&öGV7BÃ#CÃRãÃCsbãÃS’ãÂÓrãCScc#ƒƒ‚ÆfÇ6RÆW†6ÇVFVEög&öÕ÷V&Æ—6†W%öÖVã²–æ6öç6—7FVçE÷&u÷6–væÂÆW‡W&–ÖVçFÅ÷V&Æ—6†W%÷7WÆVÖVçBÃã3‚÷3CS“‚Ó#RÓ#ScBÓ ¦¶÷¦Æ÷w6¶•ó##U÷66–VçF–f–5÷&W÷'G2ÆfööE÷v7FU÷F÷'&Vf7F–öåó#C2Ã2ÃCcrÃ’ãCSƒ33332Ã#ÃBãƒcCSƒ332Ã3rÇF÷'&Vf7F–öå÷&öGV7BÃ#CÃRãÃ##sBãÃS’ãÃ3“‚ãƒcccSƒrÇG'VRÂÆW‡W&–ÖVçFÅ÷V&Æ—6†W%÷7WÆVÖVçBÃã3‚÷3CS“‚Ó#RÓ#ScBÓ ¦¶÷¦Æ÷w6¶•ó##U÷66–VçF–f–5÷&W÷'G2ÆfööE÷v7FU÷—&öÇ—6—5óc2ÃÃCcrÃ’ãCSƒ33332Ã#ÃBãƒcCSƒ332Ã3rÆ&–ö6†"ÃcÃRãÃ#32ãÃS’ãÃ3cbã“ScS#C#’ÇG'VRÂÆW‡W&–ÖVçFÅ÷V&Æ—6†W%÷7WÆVÖVçBÃã3‚÷3CS“‚Ó#RÓ#ScBÓ ¦¶÷¦Æ÷w6¶•ó##U÷66–VçF–f–5÷&W÷'G2ÆfööE÷v7FU÷—&öÇ—6—5óc2Ã"ÃCcrÃ’ãCSƒ33332Ã#ÃBãƒcCSƒ332Ã3rÆ&–ö6†"ÃcÃRãÃ#CRãÃS’ãÃ3c’ãcCSC#“ƒbÇG'VRÂÆW‡W&–ÖVçFÅ÷V&Æ—6†W%÷7WÆVÖVçBÃã3‚÷3CS“‚Ó#RÓ#ScBÓ ¦¶÷¦Æ÷w6¶•ó##U÷66–VçF–f–5÷&W÷'G2ÆfööE÷v7FU÷—&öÇ—6—5óc2Ã2ÃCcrÃ’ãCSƒ33332Ã#ÃBãƒcCSƒ332Ã3rÆ&–ö6†"ÃcÃRãÃƒƒã“ÃS’ãÃ3’ã“c“ƒ#“rÆfÇ6RÆW†6ÇVFVEög&öÕ÷V&Æ—6†W%öÖVã²–æ6öç6—7FVçE÷&u÷6–væÂÆW‡W&–ÖVçFÅ÷V&Æ—6†W%÷7WÆVÖVçBÃã3‚÷3CS“‚Ó#RÓ#ScBÓ ¦¶÷¦Æ÷w6¶•ó##U÷66–VçF–f–5÷&W÷'G2ÆfööE÷v7FUö‡–G&ö6†%ó#C2ÃÃCcrÃ’ãCSƒ33332Ã#ÃBãƒcCSƒ332Ã3rÆ‡–G&ö6†"Ã#CÃRãÃ###RãsÃS’ãÃ3ƒrãƒƒ#scƒRÇG'VRÂÆW‡W&–ÖVçFÅ÷V&Æ—6†W%÷7WÆVÖVçBÃã3‚÷3CS“‚Ó#RÓ#ScBÓ ¦¶÷¦Æ÷w6¶•ó##U÷66–VçF–f–5÷&W÷'G2ÆfööE÷v7FUö‡–G&ö6†%ó#C2Ã"ÃCcrÃ’ãCSƒ33332Ã#ÃBãƒcCSƒ332Ã3rÆ‡–G&ö6†"Ã#CÃRãÃ##rãÃS’ãÃ3ƒRã“3s3CrÇG'VRÂÆW‡W&–ÖVçFÅ÷V&Æ—6†W%÷7WÆVÖVçBÃã3‚÷3CS“‚Ó#RÓ#ScBÓ ¦¶÷¦Æ÷w6¶•ó##U÷66–VçF–f–5÷&W÷'G2ÆfööE÷v7FUö‡–G&ö6†%ó#C2Ã2ÃCcrÃ’ãCSƒ33332Ã#ÃBãƒcCSƒ332Ã3rÆ‡–G&ö6†"Ã#CÃRãÃ##rãCÃS’ãÃ3ƒ2ãsCS#3s#ÇG'VRÂÆW‡W&–ÖVçFÅ÷V&Æ—6†W%÷7WÆVÖVçBÃã3‚÷3CS“‚Ó#RÓ#ScBÓ ¦¶÷¦Æ÷w6¶•ó##U÷66–VçF–f–5÷&W÷'G2ÆfööE÷v7FRÃÃCc‚Ã’ãSÃ#ÃBãƒsSÃ3rÆæöæRÂÃãÃ#’ãcÃS’ã#Ã33’ã#ƒS“sbÇG'VRÂÆW‡W&–ÖVçFÅ÷V&Æ—6†W%÷7WÆVÖVçBÃã3‚÷3CS“‚Ó#RÓ#ScBÓ ¦¶÷¦Æ÷w6¶•ó##U÷66–VçF–f–5÷&W÷'G2ÆfööE÷v7FRÃ"ÃCc‚Ã’ãSÃ#ÃBãƒsSÃ3rÆæöæRÂÃãÃ#“‚ãsÃS’ã#Ã3S’ãc“SssBÇG'VRÂÆW‡W&–ÖVçFÅ÷V&Æ—6†W%÷7WÆVÖVçBÃã3‚÷3CS“‚Ó#RÓ#ScBÓ ¦¶÷¦Æ÷w6¶•ó##U÷66–VçF–f–5÷&W÷'G2ÆfööE÷v7FRÃ2ÃCc‚Ã’ãSÃ#ÃBãƒsSÃ3rÆæöæRÂÃãÃ#rãsÃS’ã#Ã3c2ãCSCcƒ3ÇG'VRÂÆW‡W&–ÖVçFÅ÷V&Æ—6†W%÷7WÆVÖVçBÃã3‚÷3CS“‚Ó#RÓ#ScBÓ ¦¶÷¦Æ÷w6¶•ó##U÷66–VçF–f–5÷&W÷'G2ÆfööE÷v7FU÷F÷'&Vf7F–öåó#C2ÃÃCc‚Ã’ãSÃ#ÃBãƒsSÃ3rÇF÷'&Vf7F–öå÷&öGV7BÃ#CÃRãÃ##srãsÃS’ã#Ã3“’ãcsS#CRÇG'VRÂÆW‡W&–ÖVçFÅ÷V&Æ—6†W%÷7WÆVÖVçBÃã3‚÷3CS“‚Ó#RÓ#ScBÓ ¦¶÷¦Æ÷w6¶•ó##U÷66–VçF–f–5÷&W÷'G2ÆfööE÷v7FU÷F÷'&Vf7F–öåó#C2Ã"ÃCc‚Ã’ãSÃ#ÃBãƒsSÃ3rÇF÷'&Vf7F–öå÷&öGV7BÃ#CÃRãÃCsbã“ÃS’ã#ÂÓrã#“ƒCSs“bÆfÇ6RÆW†6ÇVFVEög&öÕ÷V&Æ—6†W%öÖVã²–æ6öç6—7FVçE÷&u÷6–væÂÆW‡W&–ÖVçFÅ÷V&Æ—6†W%÷7WÆVÖVçBÃã3‚÷3CS“‚Ó#RÓ#ScBÓ ¦¶÷¦Æ÷w6¶•ó##U÷66–VçF–f–5÷&W÷'G2ÆfööE÷v7FU÷F÷'&Vf7F–öåó#C2Ã2ÃCc‚Ã’ãSÃ#ÃBãƒsSÃ3rÇF÷'&Vf7F–öå÷&öGV7BÃ#CÃRãÃ##sBãSÃS’ã#Ã3“‚ãƒƒCCS3CÇG'VRÂÆW‡W&–ÖVçFÅ÷V&Æ—6†W%÷7WÆVÖVçBÃã3‚÷3CS“‚Ó#RÓ#ScBÓ ¦¶÷¦Æ÷w6¶•ó##U÷66–VçF–f–5÷&W÷'G2ÆfööE÷v7FU÷—&öÇ—6—5óc2ÃÃCc‚Ã’ãSÃ#ÃBãƒsSÃ3rÆ&–ö6†"ÃcÃRãÃ#32ãCÃS’ã#Ã3crãsS“‚ÇG'VRÂÆW‡W&–ÖVçFÅ÷V&Æ—6†W%÷7WÆVÖVçBÃã3‚÷3CS“‚Ó#RÓ#ScBÓ ¦¶÷¦Æ÷w6¶•ó##U÷66–VçF–f–5÷&W÷'G2ÆfööE÷v7FU÷—&öÇ—6—5óc2Ã"ÃCc‚Ã’ãSÃ#ÃBãƒsSÃ3rÆ&–ö6†"ÃcÃRãÃ#CRãCÃS’ã#Ã3c’ãs3#s3’ÇG'VRÂÆW‡W&–ÖVçFÅ÷V&Æ—6†W%÷7WÆVÖVçBÃã3‚÷3CS“‚Ó#RÓ#ScBÓ ¦¶÷¦Æ÷w6¶•ó##U÷66–VçF–f–5÷&W÷'G2ÆfööE÷v7FU÷—&öÇ—6—5óc2Ã2ÃCc‚Ã’ãSÃ#ÃBãƒsSÃ3rÆ&–ö6†"ÃcÃRãÃƒƒã#ÃS’ã#Ã3ãC““CcbÆfÇ6RÆW†6ÇVFVEög&öÕ÷V&Æ—6†W%öÖVã²–æ6öç6—7FVçE÷&u÷6–væÂÆW‡W&–ÖVçFÅ÷V&Æ—6†W%÷7WÆVÖVçBÃã3‚÷3CS“‚Ó#RÓ#ScBÓ ¦¶÷¦Æ÷w6¶•ó##U÷66–VçF–f–5÷&W÷'G2ÆfööE÷v7FUö‡–G&ö6†%ó#C2ÃÃCc‚Ã’ãSÃ#ÃBãƒsSÃ3rÆ‡–G&ö6†"Ã#CÃRãÃ###bãSÃS’ã#Ã3ƒ‚ã3ƒCCssbÇG'VRÂÆW‡W&–ÖVçFÅ÷V&Æ—6†W%÷7WÆVÖVçBÃã3‚÷3CS“‚Ó#RÓ#ScBÓ ¦¶÷¦Æ÷w6¶•ó##U÷66–VçF–f–5÷&W÷'G2ÆfööE÷v7FUö‡–G&ö6†%ó#C2Ã"ÃCc‚Ã’ãSÃ#ÃBãƒsSÃ3rÆ‡–G&ö6†"Ã#CÃRãÃ##rã“ÃS’ã#Ã3ƒbã“S#S’ÇG'VRÂÆW‡W&–ÖVçFÅ÷V&Æ—6†W%÷7WÆVÖVçBÃã3‚÷3CS“‚Ó#RÓ#ScBÓ ¦¶÷¦Æ÷w6¶•ó##U÷66–VçF–f–5÷&W÷'G2ÆfööE÷v7FUö‡–G&ö6†%ó#C2Ã2ÃCc‚Ã’ãSÃ#ÃBãƒsSÃ3rÆ‡–G&ö6†"Ã#CÃRãÃ##rãsÃS’ã#Ã3ƒ2ãs“C#ƒƒ’ÇG'VRÂÆW‡W&–ÖVçFÅ÷V&Æ—6†W%÷7WÆVÖVçBÃã3‚÷3CS“‚Ó#RÓ#ScBÓ ¦¶÷¦Æ÷w6¶•ó##U÷66–VçF–f–5÷&W÷'G2ÆfööE÷v7FRÃÃCc’Ã’ãSCccccrÃ#ÃBãƒƒSCccrÃ3rÆæöæRÂÃãÃ#’ã“ÃS‚ã3Ã33’ã#““#““ÇG'VRÂÆW‡W&–ÖVçFÅ÷V&Æ—6†W%÷7WÆVÖVçBÃã3‚÷3CS“‚Ó#RÓ#ScBÓ ¦¶÷¦Æ÷w6¶•ó##U÷66–VçF–f–5÷&W÷'G2ÆfööE÷v7FRÃ"ÃCc’Ã’ãSCccccrÃ#ÃBãƒƒSCccrÃ3rÆæöæRÂÃãÃ#“’ãÃS‚ã3Ã3S’ãC3#sƒ‚ÇG'VRÂÆW‡W&–ÖVçFÅ÷V&Æ—6†W%÷7WÆVÖVçBÃã3‚÷3CS“‚Ó#RÓ#ScBÓ ¦¶÷¦Æ÷w6¶•ó##U÷66–VçF–f–5÷&W÷'G2ÆfööE÷v7FRÃ2ÃCc’Ã’ãSCccccrÃ#ÃBãƒƒSCccrÃ3rÆæöæRÂÃãÃ#‚ãÃS‚ã3Ã3c2ãs#S3ƒCBÇG'VRÂÆW‡W&–ÖVçFÅ÷V&Æ—6†W%÷7WÆVÖVçBÃã3‚÷3CS“‚Ó#RÓ#ScBÓ ¦¶÷¦Æ÷w6¶•ó##U÷66–VçF–f–5÷&W÷'G2ÆfööE÷v7FU÷F÷'&Vf7F–öåó#C2ÃÃCc’Ã’ãSCccccrÃ#ÃBãƒƒSCccrÃ3rÇF÷'&Vf7F–öå÷&öGV7BÃ#CÃRãÃ##s‚ãSÃS‚ã3Ã3“’ã““cC“ƒ"ÇG'VRÂÆW‡W&–ÖVçFÅ÷V&Æ—6†W%÷7WÆVÖVçBÃã3‚÷3CS“‚Ó#RÓ#ScBÓ ¦¶÷¦Æ÷w6¶•ó##U÷66–VçF–f–5÷&W÷'G2ÆfööE÷v7FU÷F÷'&Vf7F–öåó#C2Ã"ÃCc’Ã’ãSCccccrÃ#ÃBãƒƒSCccrÃ3rÇF÷'&Vf7F–öå÷&öGV7BÃ#CÃRãÃCsrãsÃS‚ã3ÂÓbã“C3#ƒcÆfÇ6RÆW†6ÇVFVEög&öÕ÷V&Æ—6†W%öÖVã²–æ6öç6—7FVçE÷&u÷6–væÂÆW‡W&–ÖVçFÅ÷V&Æ—6†W%÷7WÆVÖVçBÃã3‚÷3CS“‚Ó#RÓ#ScBÓ ¦¶÷¦Æ÷w6¶•ó##U÷66–VçF–f–5÷&W÷'G2ÆfööE÷v7FU÷F÷'&Vf7F–öåó#C2Ã2ÃCc’Ã’ãSCccccrÃ#ÃBãƒƒSCccrÃ3rÇF÷'&Vf7F–öå÷&öGV7BÃ#CÃRãÃ##sBã“ÃS‚ã3Ã3“’ãsƒ““3’ÇG'VRÂÆW‡W&–ÖVçFÅ÷V&Æ—6†W%÷7WÆVÖVçBÃã3‚÷3CS“‚Ó#RÓ#ScBÓ ¦¶÷¦Æ÷w6¶•ó##U÷66–VçF–f–5÷&W÷'G2ÆfööE÷v7FU÷—&öÇ—6—5óc2ÃÃCc’Ã’ãSCccccrÃ#ÃBãƒƒSCccrÃ3rÆ&–ö6†"ÃcÃRãÃ#32ãƒÃS‚ã3Ã3crã#“SCc“rÇG'VRÂÆW‡W&–ÖVçFÅ÷V&Æ—6†W%÷7WÆVÖVçBÃã3‚÷3CS“‚Ó#RÓ#ScBÓ ¦¶÷¦Æ÷w6¶•ó##U÷66–VçF–f–5÷&W÷'G2ÆfööE÷v7FU÷—&öÇ—6—5óc2Ã"ÃCc’Ã’ãSCccccrÃ#ÃBãƒƒSCccrÃ3rÆ&–ö6†"ÃcÃRãÃ#CRãƒÃS‚ã3Ã3sãc“c33‚ÇG'VRÂÆW‡W&–ÖVçFÅ÷V&Æ—6†W%÷7WÆVÖVçBÃã3‚÷3CS“‚Ó#RÓ#ScBÓ ¦¶÷¦Æ÷w6¶•ó##U÷66–VçF–f–5÷&W÷'G2ÆfööE÷v7FU÷—&öÇ—6—5óc2Ã2ÃCc’Ã’ãSCccccrÃ#ÃBãƒƒSCccrÃ3rÆ&–ö6†"ÃcÃRãÃƒƒãCÃS‚ã3Ã3ã#c3SCƒ“bÆfÇ6RÆW†6ÇVFVEög&öÕ÷V&Æ—6†W%öÖVã²–æ6öç6—7FVçE÷&u÷6–væÂÆW‡W&–ÖVçFÅ÷V&Æ—6†W%÷7WÆVÖVçBÃã3‚÷3CS“‚Ó#RÓ#ScBÓ ¦¶÷¦Æ÷w6¶•ó##U÷66–VçF–f–5÷&W÷'G2ÆfööE÷v7FUö‡–G&ö6†%ó#C2ÃÃCc’Ã’ãSCccccrÃ#ÃBãƒƒSCccrÃ3rÆ‡–G&ö6†"Ã#CÃRãÃ###rã#ÃS‚ã3Ã3ƒ‚ã3“““ƒ#‚ÇG'VRÂÆW‡W&–ÖVçFÅ÷V&Æ—6†W%÷7WÆVÖVçBÃã3‚÷3CS“‚Ó#RÓ#ScBÓ ¦¶÷¦Æ÷w6¶•ó##U÷66–VçF–f–5÷&W÷'G2ÆfööE÷v7FUö‡–G&ö6†%ó#C2Ã"ÃCc’Ã’ãSCccccrÃ#ÃBãƒƒSCccrÃ3rÆ‡–G&ö6†"Ã#CÃRãÃ##‚ãcÃS‚ã3Ã3ƒbãCScs3ƒcÇG'VRÂÆW‡W&–ÖVçFÅ÷V&Æ—6†W%÷7WÆVÖVçBÃã3‚÷3CS“‚Ó#RÓ#ScBÓ ¦¶÷¦Æ÷w6¶•ó##U÷66–VçF–f–5÷&W÷'G2ÆfööE÷v7FUö‡–G&ö6†%ó#C2Ã2ÃCc’Ã’ãSCccccrÃ#ÃBãƒƒSCccrÃ3rÆ‡–G&ö6†"Ã#CÃRãÃ##‚ãÃS‚ã3Ã3ƒBãcSs“2ÇG'VRÂÆW‡W&–ÖVçFÅ÷V&Æ—6†W%÷7WÆVÖVçBÃã3‚÷3CS“‚Ó#RÓ#ScBÓ ¦¶÷¦Æ÷w6¶•ó##U÷66–VçF–f–5÷&W÷'G2ÆfööE÷v7FRÃÃCsÃ’ãSƒ333332Ã#ÃBãƒ“Sƒ3332Ã3rÆæöæRÂÃãÃ#ã#ÃS’ãCÃ33’ãƒCC3BÇG'VRÂÆW‡W&–ÖVçFÅ÷V&Æ—6†W%÷7WÆVÖVçBÃã3‚÷3CS“‚Ó#RÓ#ScBÓ ¦¶÷¦Æ÷w6¶•ó##U÷66–VçF–f–5÷&W÷'G2ÆfööE÷v7FRÃ"ÃCsÃ’ãSƒ333332Ã#ÃBãƒ“Sƒ3332Ã3rÆæöæRÂÃãÃ#“’ã3ÃS’ãCÃ3S’ã#S3C"ÇG'VRÂÆW‡W&–ÖVçFÅ÷V&Æ—6†W%÷7WÆVÖVçBÃã3‚÷3CS“‚Ó#RÓ#ScBÓ ¦¶÷¦Æ÷w6¶•ó##U÷66–VçF–f–5÷&W÷'G2ÆfööE÷v7FRÃ2ÃCsÃ’ãSƒ333332Ã#ÃBãƒ“Sƒ3332Ã3rÆæöæRÂÃãÃ#‚ãCÃS’ãCÃ3c2ãScsCsS2ÇG'VRÂÆW‡W&–ÖVçFÅ÷V&Æ—6†W%÷7WÆVÖVçBÃã3‚÷3CS“‚Ó#RÓ#ScBÓ ¦¶÷¦Æ÷w6¶•ó##U÷66–VçF–f–5÷&W÷'G2ÆfööE÷v7FU÷F÷'&Vf7F–öåó#C2ÃÃCsÃ’ãSƒ333332Ã#ÃBãƒ“Sƒ3332Ã3rÇF÷'&Vf7F–öå÷&öGV7BÃ#CÃRãÃ##s’ã3ÃS’ãCÃ3“’ã“#3ƒc##‚ÇG'VRÂÆW‡W&–ÖVçFÅ÷V&Æ—6†W%÷7WÆVÖVçBÃã3‚÷3CS“‚Ó#RÓ#ScBÓ ¦¶÷¦Æ÷w6¶•ó##U÷66–VçF–f–5÷&W÷'G2ÆfööE÷v7FU÷F÷'&Vf7F–öåó#C2Ã"ÃCsÃ’ãSƒ333332Ã#ÃBãƒ“Sƒ3332Ã3rÇF÷'&Vf7F–öå÷&öGV7BÃ#CÃRãÃCs‚ãSÃS’ãCÂÓbã“ƒ#c2ÆfÇ6RÆW†6ÇVFVEög&öÕ÷V&Æ—6†W%öÖVã²–æ6öç6—7FVçE÷&u÷6–væÂÆW‡W&–ÖVçFÅ÷V&Æ—6†W%÷7WÆVÖVçBÃã3‚÷3CS“‚Ó#RÓ#ScBÓ ¦¶÷¦Æ÷w6¶•ó##U÷66–VçF–f–5÷&W÷'G2ÆfööE÷v7FU÷F÷'&Vf7F–öåó#C2Ã2ÃCsÃ’ãSƒ333332Ã#ÃBãƒ“Sƒ3332Ã3rÇF÷'&Vf7F–öå÷&öGV7BÃ#CÃRãÃ##sRã3ÃS’ãCÃ3“’ã##ƒC‚ÇG'VRÂÆW‡W&–ÖVçFÅ÷V&Æ—6†W%÷7WÆVÖVçBÃã3‚÷3CS“‚Ó#RÓ#ScBÓ ¦¶÷¦Æ÷w6¶•ó##U÷66–VçF–f–5÷&W÷'G2ÆfööE÷v7FU÷—&öÇ—6—5óc2ÃÃCsÃ’ãSƒ333332Ã#ÃBãƒ“Sƒ3332Ã3rÆ&–ö6†"ÃcÃRãÃ#3Bã#ÃS’ãCÃ3crã3s#“RÇG'VRÂÆW‡W&–ÖVçFÅ÷V&Æ—6†W%÷7WÆVÖVçBÃã3‚÷3CS“‚Ó#RÓ#ScBÓ ¦¶÷¦Æ÷w6¶•ó##U÷66–VçF–f–5÷&W÷'G2ÆfööE÷v7FU÷—&öÇ—6—5óc2Ã"ÃCsÃ’ãSƒ333332Ã#ÃBãƒ“Sƒ3332Ã3rÆ&–ö6†"ÃcÃRãÃ#Cbã3ÃS’ãCÃ3c’ãƒs3ƒƒ3ÇG'VRÂÆW‡W&–ÖVçFÅ÷V&Æ—6†W%÷7WÆVÖVçBÃã3‚÷3CS“‚Ó#RÓ#ScBÓ ¦¶÷¦Æ÷w6¶•ó##U÷66–VçF–f–5÷&W÷'G2ÆfööE÷v7FU÷—&öÇ—6—5óc2Ã2ÃCsÃ’ãSƒ333332Ã#ÃBãƒ“Sƒ3332Ã3rÆ&–ö6†"ÃcÃRãÃƒƒãsÃS’ãCÃ3ãƒ#sƒ##ÆfÇ6RÆW†6ÇVFVEög&öÕ÷V&Æ—6†W%öÖVã²–æ6öç6—7FVçE÷&u÷6–væÂÆW‡W&–ÖVçFÅ÷V&Æ—6†W%÷7WÆVÖVçBÃã3‚÷3CS“‚Ó#RÓ#ScBÓ ¦¶÷¦Æ÷w6¶•ó##U÷66–VçF–f–5÷&W÷'G2ÆfööE÷v7FUö‡–G&ö6†%ó#C2ÃÃCsÃ’ãSƒ333332Ã#ÃBãƒ“Sƒ3332Ã3rÆ‡–G&ö6†"Ã#CÃRãÃ###rã“ÃS’ãCÃ3ƒ‚ã3“S“s“ÇG'VRÂÆW‡W&–ÖVçFÅ÷V&Æ—6†W%÷7WÆVÖVçBÃã3‚÷3CS“‚Ó#RÓ#ScBÓ ¦¶÷¦Æ÷w6¶•ó##U÷66–VçF–f–5÷&W÷'G2ÆfööE÷v7FUö‡–G&ö6†%ó#C2Ã"ÃCsÃ’ãSƒ333332Ã#ÃBãƒ“Sƒ3332Ã3rÆ‡–G&ö6†"Ã#CÃRãÃ##’ã3ÃS’ãCÃ3ƒbã3cc3SS#2ÇG'VRÂÆW‡W&–ÖVçFÅ÷V&Æ—6†W%÷7WÆVÖVçBÃã3‚÷3CS“‚Ó#RÓ#ScBÓ ¦¶÷¦Æ÷w6¶•ó##U÷66–VçF–f–5÷&W÷'G2ÆfööE÷v7FUö‡–G&ö6†%ó#C2Ã2ÃCsÃ’ãSƒ333332Ã#ÃBãƒ“Sƒ3332Ã3rÆ‡–G&ö6†"Ã#CÃRãÃ##‚ãCÃS’ãCÃ3ƒ2ã“3CƒÇG'VRÂÆW‡W&–ÖVçFÅ÷V&Æ—6†W%÷7WÆVÖVçBÃã3‚÷3CS“‚Ó#RÓ#ScBÓ ¦¶÷¦Æ÷w6¶•ó##U÷66–VçF–f–5÷&W÷'G2ÆfööE÷v7FRÃÃCsÃ’ãc#SÃ#ÃBã“c#SÃ3rÆæöæRÂÃãÃ#ãSÃS’ãSÃ33’ãc3c3Cƒ2ÇG'VRÂÆW‡W&–ÖVçFÅ÷V&Æ—6†W%÷7WÆVÖVçBÃã3‚÷3CS“‚Ó#RÓ#ScBÓ ¦¶÷¦Æ÷w6¶•ó##U÷66–VçF–f–5÷&W÷'G2ÆfööE÷v7FRÃ"ÃCsÃ’ãc#SÃ#ÃBã“c#SÃ3rÆæöæRÂÃãÃ#“’ãcÃS’ãSÃ3S’ã#“cS3#ƒÇG'VRÂÆW‡W&–ÖVçFÅ÷V&Æ—6†W%÷7WÆVÖVçBÃã3‚÷3CS“‚Ó#RÓ#ScBÓ ¦¶÷¦Æ÷w6¶•ó##U÷66–VçF–f–5÷&W÷'G2ÆfööE÷v7FRÃ2ÃCsÃ’ãc#SÃ#ÃBã“c#SÃ3rÆæöæRÂÃãÃ#‚ãsÃS’ãSÃ3c2ãc#33“#"ÇG'VRÂÆW‡W&–ÖVçFÅ÷V&Æ—6†W%÷7WÆVÖVçBÃã3‚÷3CS“‚Ó#RÓ#ScBÓ ¦¶÷¦Æ÷w6¶•ó##U÷66–VçF–f–5÷&W÷'G2ÆfööE÷v7FU÷F÷'&Vf7F–öåó#C2ÃÃCsÃ’ãc#SÃ#ÃBã“c#SÃ3rÇF÷'&Vf7F–öå÷&öGV7BÃ#CÃRãÃ##ƒã#ÃS’ãSÃCãCc#“BÇG'VRÂÆW‡W&–ÖVçFÅ÷V&Æ—6†W%÷7WÆVÖVçBÃã3‚÷3CS“‚Ó#RÓ#ScBÓ ¦¶÷¦Æ÷w6¶•ó##U÷66–VçF–f–5÷&W÷'G2ÆfööE÷v7FU÷F÷'&Vf7F–öåó#C2Ã"ÃCsÃ’ãc#SÃ#ÃBã“c#SÃ3rÇF÷'&Vf7F–öå÷&öGV7BÃ#CÃRãÃCs’ã3ÃS’ãSÂÓbãƒ#3“CS#"ÆfÇ6RÆW†6ÇVFVEög&öÕ÷V&Æ—6†W%öÖVã²–æ6öç6—7FVçE÷&u÷6–væÂÆW‡W&–ÖVçFÅ÷V&Æ—6†W%÷7WÆVÖVçBÃã3‚÷3CS“‚Ó#RÓ#ScBÓ ¦¶÷¦Æ÷w6¶•ó##U÷66–VçF–f–5÷&W÷'G2ÆfööE÷v7FU÷F÷'&Vf7F–öåó#C2Ã2ÃCsÃ’ãc#SÃ#ÃBã“c#SÃ3rÇF÷'&Vf7F–öå÷&öGV7BÃ#CÃRãÃ##sRãsÃS’ãSÃ3“’ãƒsƒcÇG'VRÂÆW‡W&–ÖVçFÅ÷V&Æ—6†W%÷7WÆVÖVçBÃã3‚÷3CS“‚Ó#RÓ#ScBÓ ¦¶÷¦Æ÷w6¶•ó##U÷66–VçF–f–5÷&W÷'G2ÆfööE÷v7FU÷—&öÇ—6—5óc2ÃÃCsÃ’ãc#SÃ#ÃBã“c#SÃ3rÆ&–ö6†"ÃcÃRãÃ#3BãSÃS’ãSÃ3crãƒ#Cƒ#sBÇG'VRÂÆW‡W&–ÖVçFÅ÷V&Æ—6†W%÷7WÆVÖVçBÃã3‚÷3CS“‚Ó#RÓ#ScBÓ ¦¶÷¦Æ÷w6¶•ó##U÷66–VçF–f–5÷&W÷'G2ÆfööE÷v7FU÷—&öÇ—6—5óc2Ã"ÃCsÃ’ãc#SÃ#ÃBã“c#SÃ3rÆ&–ö6†"ÃcÃRãÃ#CbãsÃS’ãSÃ3c’ã“3“sSƒBÇG'VRÂÆW‡W&–ÖVçFÅ÷V&Æ—6†W%÷7WÆVÖVçBÃã3‚÷3CS“‚Ó#RÓ#ScBÓ ¦¶÷¦Æ÷w6¶•ó##U÷66–VçF–f–5÷&W÷'G2ÆfööE÷v7FU÷—&öÇ—6—5óc2Ã2ÃCsÃ’ãc#SÃ#ÃBã“c#SÃ3rÆ&–ö6†"ÃcÃRãÃƒƒ"ãÃS’ãSÃ3ã#s“s3ƒ’ÆfÇ6RÆW†6ÇVFVEög&öÕ÷V&Æ—6†W%öÖVã²–æ6öç6—7FVçE÷&u÷6–væÂÆW‡W&–ÖVçFÅ÷V&Æ—6†W%÷7WÆVÖVçBÃã3‚÷3CS“‚Ó#RÓ#ScBÓ ¦¶÷¦Æ÷w6¶•ó##U÷66–VçF–f–5÷&W÷'G2ÆfööE÷v7FUö‡–G&ö6†%ó#C2ÃÃCsÃ’ãc#SÃ#ÃBã“c#SÃ3rÆ‡–G&ö6†"Ã#CÃRãÃ###‚ãsÃS’ãSÃ3ƒ‚ãCcsscƒƒ"ÇG'VRÂÆW‡W&–ÖVçFÅ÷V&Æ—6†W%÷7WÆVÖVçBÃã3‚÷3CS“‚Ó#RÓ#ScBÓ ¦¶÷¦Æ÷w6¶•ó##U÷66–VçF–f–5÷&W÷'G2ÆfööE÷v7FUö‡–G&ö6†%ó#C2Ã"ÃCsÃ’ãc#SÃ#ÃBã“c#SÃ3rÆ‡–G&ö6†"Ã#CÃRãÃ###ãÃS’ãSÃ3ƒbãS#CS#cBÇG'VRÂÆW‡W&–ÖVçFÅ÷V&Æ—6†W%÷7WÆVÖVçBÃã3‚÷3CS“‚Ó#RÓ#ScBÓ ¦¶÷¦Æ÷w6¶•ó##U÷66–VçF–f–5÷&W÷'G2ÆfööE÷v7FUö‡–G&ö6†%ó#C2Ã2ÃCsÃ’ãc#SÃ#ÃBã“c#SÃ3rÆ‡–G&ö6†"Ã#CÃRãÃ##‚ãsÃS’ãSÃ3ƒ2ã“CƒS““ƒÇG'VRÂÆW‡W&–ÖVçFÅ÷V&Æ—6†W%÷7WÆVÖVçBÃã3‚÷3CS“‚Ó#RÓ#ScBÓ ¦¶÷¦Æ÷w6¶•ó##U÷66–VçF–f–5÷&W÷'G2ÆfööE÷v7FRÃÃCs"Ã’ãcccccccrÃ#ÃBã“cccccrÃ3rÆæöæRÂÃãÃ#ãƒÃS’ãcÃ33’ã#ƒƒ#cS"ÇG'VRÂÆW‡W&–ÖVçFÅ÷V&Æ—6†W%÷7WÆVÖVçBÃã3‚÷3CS“‚Ó#RÓ#ScBÓ ¦¶÷¦Æ÷w6¶•ó##U÷66–VçF–f–5÷&W÷'G2ÆfööE÷v7FRÃ"ÃCs"Ã’ãcccccccrÃ#ÃBã“cccccrÃ3rÆæöæRÂÃãÃ#“’ã“ÃS’ãcÃ3S’ã3Cs#CSÇG'VRÂÆW‡W&–ÖVçFÅ÷V&Æ—6†W%÷7WÆVÖVçBÃã3‚÷3CS“‚Ó#RÓ#ScBÓ ¦¶÷¦Æ÷w6¶•ó##U÷66–VçF–f–5÷&W÷'G2ÆfööE÷v7FRÃ2ÃCs"Ã’ãcccccccrÃ#ÃBã“cccccrÃ3rÆæöæRÂÃãÃ#’ãÃS’ãcÃ3c2ãcSsS3“ÇG'VRÂÆW‡W&–ÖVçFÅ÷V&Æ—6†W%÷7WÆVÖVçBÃã3‚÷3CS“‚Ó#RÓ#ScBÓ ¦¶÷¦Æ÷w6¶•ó##U÷66–VçF–f–5÷&W÷'G2ÆfööE÷v7FU÷F÷'&Vf7F–öåó#C2ÃÃCs"Ã’ãcccccccrÃ#ÃBã“cccccrÃ3rÇF÷'&Vf7F–öå÷&öGV7BÃ#CÃRãÃ##ƒãÃS’ãcÃCã#c#s“““bÇG'VRÂÆW‡W&–ÖVçFÅ÷V&Æ—6†W%÷7WÆVÖVçBÃã3‚÷3CS“‚Ó#RÓ#ScBÓ ¦¶÷¦Æ÷w6¶•ó##U÷66–VçF–f–5÷&W÷'G2ÆfööE÷v7FU÷F÷'&Vf7F–öåó#C2Ã"ÃCs"Ã’ãcccccccrÃ#ÃBã“cccccrÃ3rÇF÷'&Vf7F–öå÷&öGV7BÃ#CÃRãÃCƒãÃS’ãcÂÓbãccSssC3ÆfÇ6RÆW†6ÇVFVEög&öÕ÷V&Æ—6†W%öÖVã²–æ6öç6—7FVçE÷&u÷6–væÂÆW‡W&–ÖVçFÅ÷V&Æ—6†W%÷7WÆVÖVçBÃã3‚÷3CS“‚Ó#RÓ#ScBÓ ¦¶÷¦Æ÷w6¶•ó##U÷66–VçF–f–5÷&W÷'G2ÆfööE÷v7FU÷F÷'&Vf7F–öåó#C2Ã2ÃCs"Ã’ãcccccccrÃ#ÃBã“cccccrÃ3rÇF÷'&Vf7F–öå÷&öGV7BÃ#CÃRãÃ##sbãÃS’ãcÃ3“’ãSSc3SRÇG'VRÂÆW‡W&–ÖVçFÅ÷V&Æ—6†W%÷7WÆVÖVçBÃã3‚÷3CS“‚Ó#RÓ#ScBÓ ¦¶÷¦Æ÷w6¶•ó##U÷66–VçF–f–5÷&W÷'G2ÆfööE÷v7FU÷—&öÇ—6—5óc2ÃÃCs"Ã’ãcccccccrÃ#ÃBã“cccccrÃ3rÆ&–ö6†"ÃcÃRãÃ#3Bã“ÃS’ãcÃ3crã#S#s#‚ÇG'VRÂÆW‡W&–ÖVçFÅ÷V&Æ—6†W%÷7WÆVÖVçBÃã3‚÷3CS“‚Ó#RÓ#ScBÓ ¦¶÷¦Æ÷w6¶•ó##U÷66–VçF–f–5÷&W÷'G2ÆfööE÷v7FU÷—&öÇ—6—5óc2Ã"ÃCs"Ã’ãcccccccrÃ#ÃBã“cccccrÃ3rÆ&–ö6†"ÃcÃRãÃ#CrãÃS’ãcÃ3sãc“c33‚ÇG'VRÂÆW‡W&–ÖVçFÅ÷V&Æ—6†W%÷7WÆVÖVçBÃã3‚÷3CS“‚Ó#RÓ#ScBÓ ¦¶÷¦Æ÷w6¶•ó##U÷66–VçF–f–5÷&W÷'G2ÆfööE÷v7FU÷—&öÇ—6—5óc2Ã2ÃCs"Ã’ãcccccccrÃ#ÃBã“cccccrÃ3rÆ&–ö6†"ÃcÃRãÃƒƒ"ã#ÃS’ãcÃ3ãSSc“s2ÆfÇ6RÆW†6ÇVFVEög&öÕ÷V&Æ—6†W%öÖVã²–æ6öç6—7FVçE÷&u÷6–væÂÆW‡W&–ÖVçFÅ÷V&Æ—6†W%÷7WÆVÖVçBÃã3‚÷3CS“‚Ó#RÓ#ScBÓ ¦¶÷¦Æ÷w6¶•ó##U÷66–VçF–f–5÷&W÷'G2ÆfööE÷v7FUö‡–G&ö6†%ó#C2ÃÃCs"Ã’ãcccccccrÃ#ÃBã“cccccrÃ3rÆ‡–G&ö6†"Ã#CÃRãÃ###’ãCÃS’ãcÃ3ƒ‚ãc33C3ƒ’ÇG'VRÂÆW‡W&–ÖVçFÅ÷V&Æ—6†W%÷7WÆVÖVçBÃã3‚÷3CS“‚Ó#RÓ#ScBÓ ¦¶÷¦Æ÷w6¶•ó##U÷66–VçF–f–5÷&W÷'G2ÆfööE÷v7FUö‡–G&ö6†%ó#C2Ã"ÃCs"Ã’ãcccccccrÃ#ÃBã“cccccrÃ3rÆ‡–G&ö6†"Ã#CÃRãÃ###ãƒÃS’ãcÃ3ƒbãcc#ÇG'VRÂÆW‡W&–ÖVçFÅ÷V&Æ—6†W%÷7WÆVÖVçBÃã3‚÷3CS“‚Ó#RÓ#ScBÓ ¦¶÷¦Æ÷w6¶•ó##U÷66–VçF–f–5÷&W÷'G2ÆfööE÷v7FUö‡–G&ö6†%ó#C2Ã2ÃCs"Ã’ãcccccccrÃ#ÃBã“cccccrÃ3rÆ‡–G&ö6†"Ã#CÃRãÃ##’ãÃS’ãcÃ3ƒ2ã““3s“C’ÇG'VRÂÆW‡W&–ÖVçFÅ÷V&Æ—6†W%÷7WÆVÖVçBÃã3‚÷3CS“‚Ó#RÓ#ScBÓ ¦¶÷¦Æ÷w6¶•ó##U÷66–VçF–f–5÷&W÷'G2ÆfööE÷v7FRÃÃCs2Ã’ãsƒ33332Ã#ÃBã“#sƒ332Ã3rÆæöæRÂÃãÃ#ãÃS’ãsÃ33’ã#SCƒ#ÇG'VRÂÆW‡W&–ÖVçFÅ÷V&Æ—6†W%÷7WÆVÖVçBÃã3‚÷3CS“‚Ó#RÓ#ScBÓ ¦¶÷¦Æ÷w6¶•ó##U÷66–VçF–f–5÷&W÷'G2ÆfööE÷v7FRÃ"ÃCs2Ã’ãsƒ33332Ã#ÃBã“#sƒ332Ã3rÆæöæRÂÃãÃ#ã#ÃS’ãsÃ3S’ã3ƒc“c’ÇG'VRÂÆW‡W&–ÖVçFÅ÷V&Æ—6†W%÷7WÆVÖVçBÃã3‚÷3CS“‚Ó#RÓ#ScBÓ ¦¶÷¦Æ÷w6¶•ó##U÷66–VçF–f–5÷&W÷'G2ÆfööE÷v7FRÃ2ÃCs2Ã’ãsƒ33332Ã#ÃBã“#sƒ332Ã3rÆæöæRÂÃãÃ#’ãCÃS’ãsÃ3c2ãs#S3ƒCBÇG'VRÂÆW‡W&–ÖVçFÅ÷V&Æ—6†W%÷7WÆVÖVçBÃã3‚÷3CS“‚Ó#RÓ#ScBÓ ¦¶÷¦Æ÷w6¶•ó##U÷66–VçF–f–5÷&W÷'G2ÆfööE÷v7FU÷F÷'&Vf7F–öåó#C2ÃÃCs2Ã’ãsƒ33332Ã#ÃBã“#sƒ332Ã3rÇF÷'&Vf7F–öå÷&öGV7BÃ#CÃRãÃ##ƒãƒÃS’ãsÃCãC#“sƒrÇG'VRÂÆW‡W&–ÖVçFÅ÷V&Æ—6†W%÷7WÆVÖVçBÃã3‚÷3CS“‚Ó#RÓ#ScBÓ ¦¶÷¦Æ÷w6¶•ó##U÷66–VçF–f–5÷&W÷'G2ÆfööE÷v7FU÷F÷'&Vf7F–öåó#C2Ã"ÃCs2Ã’ãsƒ33332Ã#ÃBã“#sƒ332Ã3rÇF÷'&Vf7F–öå÷&öGV7BÃ#CÃRãÃCƒã“ÃS’ãsÂÓbãSsc33’ÆfÇ6RÆW†6ÇVFVEög&öÕ÷V&Æ—6†W%öÖVã²–æ6öç6—7FVçE÷&u÷6–væÂÆW‡W&–ÖVçFÅ÷V&Æ—6†W%÷7WÆVÖVçBÃã3‚÷3CS“‚Ó#RÓ#ScBÓ ¦¶÷¦Æ÷w6¶•ó##U÷66–VçF–f–5÷&W÷'G2ÆfööE÷v7FU÷F÷'&Vf7F–öåó#C2Ã2ÃCs2Ã’ãsƒ33332Ã#ÃBã“#sƒ332Ã3rÇF÷'&Vf7F–öå÷&öGV7BÃ#CÃRãÃ##sbãSÃS’ãsÃ3“’ã##33“‚ÇG'VRÂÆW‡W&–ÖVçFÅ÷V&Æ—6†W%÷7WÆVÖVçBÃã3‚÷3CS“‚Ó#RÓ#ScBÓ ¦¶÷¦Æ÷w6¶•ó##U÷66–VçF–f–5÷&W÷'G2ÆfööE÷v7FU÷—&öÇ—6—5óc2ÃÃCs2Ã’ãsƒ33332Ã#ÃBã“#sƒ332Ã3rÆ&–ö6†"ÃcÃRãÃ#3Rã3ÃS’ãsÃ3crã3ƒSsƒÇG'VRÂÆW‡W&–ÖVçFÅ÷V&Æ—6†W%÷7WÆVÖVçBÃã3‚÷3CS“‚Ó#RÓ#ScBÓ ¦¶÷¦Æ÷w6¶•ó##U÷66–VçF–f–5÷&W÷'G2ÆfööE÷v7FU÷—&öÇ—6—5óc2Ã"ÃCs2Ã’ãsƒ33332Ã#ÃBã“#sƒ332Ã3rÆ&–ö6†"ÃcÃRãÃ#CrãcÃS’ãsÃ3sã“s3CcsbÇG'VRÂÆW‡W&–ÖVçFÅ÷V&Æ—6†W%÷7WÆVÖVçBÃã3‚÷3CS“‚Ó#RÓ#ScBÓ ¦¶÷¦Æ÷w6¶•ó##U÷66–VçF–f–5÷&W÷'G2ÆfööE÷v7FU÷—&öÇ—6—5óc2Ã2ÃCs2Ã’ãsƒ33332Ã#ÃBã“#sƒ332Ã3rÆ&–ö6†"ÃcÃRãÃƒƒ"ãSÃS’ãsÃ3ã“SscC"ÆfÇ6RÆW†6ÇVFVEög&öÕ÷V&Æ—6†W%öÖVã²–æ6öç6—7FVçE÷&u÷6–væÂÆW‡W&–ÖVçFÅ÷V&Æ—6†W%÷7WÆVÖVçBÃã3‚÷3CS“‚Ó#RÓ#ScBÓ ¦¶÷¦Æ÷w6¶•ó##U÷66–VçF–f–5÷&W÷'G2ÆfööE÷v7FUö‡–G&ö6†%ó#C2ÃÃCs2Ã’ãsƒ33332Ã#ÃBã“#sƒ332Ã3rÆ‡–G&ö6†"Ã#CÃRãÃ##3ãÃS’ãsÃ3ƒ‚ãs3ƒ“ƒ“bÇG'VRÂÆW‡W&–ÖVçFÅ÷V&Æ—6†W%÷7WÆVÖVçBÃã3‚÷3CS“‚Ó#RÓ#ScBÓ ¦¶÷¦Æ÷w6¶•ó##U÷66–VçF–f–5÷&W÷'G2ÆfööE÷v7FUö‡–G&ö6†%ó#C2Ã"ÃCs2Ã’ãsƒ33332Ã#ÃBã“#sƒ332Ã3rÆ‡–G&ö6†"Ã#CÃRãÃ###ãSÃS’ãsÃ3ƒbãs“Scsc#‚ÇG'VRÂÆW‡W&–ÖVçFÅ÷V&Æ—6†W%÷7WÆVÖVçBÃã3‚÷3CS“‚Ó#RÓ#ScBÓ ¦¶÷¦Æ÷w6¶•ó##U÷66–VçF–f–5÷&W÷'G2ÆfööE÷v7FUö‡–G&ö6†%ó#C2Ã2ÃCs2Ã’ãsƒ33332Ã#ÃBã“#sƒ332Ã3rÆ‡–G&ö6†"Ã#CÃRãÃ##’ãCÃS’ãsÃ3ƒBãcSs“2ÇG'VRÂÆW‡W&–ÖVçFÅ÷V&Æ—6†W%÷7WÆVÖVçBÃã3‚÷3CS“‚Ó#RÓ#ScBÓ ¦¶÷¦Æ÷w6¶•ó##U÷66–VçF–f–5÷&W÷'G2ÆfööE÷v7FRÃÃCsBÃ’ãsSÃ#ÃBã“3sSÃ3rÆæöæRÂÃãÃ#ãCÃS’ãƒÃ33’ã#““#““ÇG'VRÂÆW‡W&–ÖVçFÅ÷V&Æ—6†W%÷7WÆVÖVçBÃã3‚÷3CS“‚Ó#RÓ#ScBÓ ¦¶÷¦Æ÷w6¶•ó##U÷66–VçF–f–5÷&W÷'G2ÆfööE÷v7FRÃ"ÃCsBÃ’ãsSÃ#ÃBã“3sSÃ3rÆæöæRÂÃãÃ#ãSÃS’ãƒÃ3S’ãC3#sƒ‚ÇG'VRÂÆW‡W&–ÖVçFÅ÷V&Æ—6†W%÷7WÆVÖVçBÃã3‚÷3CS“‚Ó#RÓ#ScBÓ ¦¶÷¦Æ÷w6¶•ó##U÷66–VçF–f–5÷&W÷'G2ÆfööE÷v7FRÃ2ÃCsBÃ’ãsSÃ#ÃBã“3sSÃ3rÆæöæRÂÃãÃ#’ãsÃS’ãƒÃ3c2ãssS2ÇG'VRÂÆW‡W&–ÖVçFÅ÷V&Æ—6†W%÷7WÆVÖVçBÃã3‚÷3CS“‚Ó#RÓ#ScBÓ ¦¶÷¦Æ÷w6¶•ó##U÷66–VçF–f–5÷&W÷'G2ÆfööE÷v7FU÷F÷'&Vf7F–öåó#C2ÃÃCsBÃ’ãsSÃ#ÃBã“3sSÃ3rÇF÷'&Vf7F–öå÷&öGV7BÃ#CÃRãÃ##ƒ"ãsÃS’ãƒÃCãcs3sc2ÇG'VRÂÆW‡W&–ÖVçFÅ÷V&Æ—6†W%÷7WÆVÖVçBÃã3‚÷3CS“‚Ó#RÓ#ScBÓ ¦¶÷¦Æ÷w6¶•ó##U÷66–VçF–f–5÷&W÷'G2ÆfööE÷v7FU÷F÷'&Vf7F–öåó#C2Ã"ÃCsBÃ’ãsSÃ#ÃBã“3sSÃ3rÇF÷'&Vf7F–öå÷&öGV7BÃ#CÃRãÃCƒãsÃS’ãƒÂÓbã3C“C3#CrÆfÇ6RÆW†6ÇVFVEög&öÕ÷V&Æ—6†W%öÖVã²–æ6öç6—7FVçE÷&u÷6–væÂÆW‡W&–ÖVçFÅ÷V&Æ—6†W%÷7WÆVÖVçBÃã3‚÷3CS“‚Ó#RÓ#ScBÓ ¦¶÷¦Æ÷w6¶•ó##U÷66–VçF–f–5÷&W÷'G2ÆfööE÷v7FU÷F÷'&Vf7F–öåó#C2Ã2ÃCsBÃ’ãsSÃ#ÃBã“3sSÃ3rÇF÷'&Vf7F–öå÷&öGV7BÃ#CÃRãÃ##sbã“ÃS’ãƒÃ3“’ã#“sƒc"ÇG'VRÂÆW‡W&–ÖVçFÅ÷V&Æ—6†W%÷7WÆVÖVçBÃã3‚÷3CS“‚Ó#RÓ#ScBÓ ¦¶÷¦Æ÷w6¶•ó##U÷66–VçF–f–5÷&W÷'G2ÆfööE÷v7FU÷—&öÇ—6—5óc2ÃÃCsBÃ’ãsSÃ#ÃBã“3sSÃ3rÆ&–ö6†"ÃcÃRãÃ#3RãcÃS’ãƒÃ3crã3c3#C“SÇG'VRÂÆW‡W&–ÖVçFÅ÷V&Æ—6†W%÷7WÆVÖVçBÃã3‚÷3CS“‚Ó#RÓ#ScBÓ ¦¶÷¦Æ÷w6¶•ó##U÷66–VçF–f–5÷&W÷'G2ÆfööE÷v7FU÷—&öÇ—6—5óc2Ã"ÃCsBÃ’ãsSÃ#ÃBã“3sSÃ3rÆ&–ö6†"ÃcÃRãÃ#C‚ãÃS’ãƒÃ3sãcS3C3ÇG'VRÂÆW‡W&–ÖVçFÅ÷V&Æ—6†W%÷7WÆVÖVçBÃã3‚÷3CS“‚Ó#RÓ#ScBÓ ¦¶÷¦Æ÷w6¶•ó##U÷66–VçF–f–5÷&W÷'G2ÆfööE÷v7FU÷—&öÇ—6—5óc2Ã2ÃCsBÃ’ãsSÃ#ÃBã“3sSÃ3rÆ&–ö6†"ÃcÃRãÃƒƒ"ãƒÃS’ãƒÃ3ã#C“S3ÆfÇ6RÆW†6ÇVFVEög&öÕ÷V&Æ—6†W%öÖVã²–æ6öç6—7FVçE÷&u÷6–væÂÆW‡W&–ÖVçFÅ÷V&Æ—6†W%÷7WÆVÖVçBÃã3‚÷3CS“‚Ó#RÓ#ScBÓ ¦¶÷¦Æ÷w6¶•ó##U÷66–VçF–f–5÷&W÷'G2ÆfööE÷v7FUö‡–G&ö6†%ó#C2ÃÃCsBÃ’ãsSÃ#ÃBã“3sSÃ3rÆ‡–G&ö6†"Ã#CÃRãÃ##3ã“ÃS’ãƒÃ3ƒ‚ãƒ“sƒ“ƒ‚ÇG'VRÂÆW‡W&–ÖVçFÅ÷V&Æ—6†W%÷7WÆVÖVçBÃã3‚÷3CS“‚Ó#RÓ#ScBÓ ¦¶÷¦Æ÷w6¶•ó##U÷66–VçF–f–5÷&W÷'G2ÆfööE÷v7FUö‡–G&ö6†%ó#C2Ã"ÃCsBÃ’ãsSÃ#ÃBã“3sSÃ3rÆ‡–G&ö6†"Ã#CÃRãÃ###"ã3ÃS’ãƒÃ3ƒbã“S3ƒCs#ÇG'VRÂÆW‡W&–ÖVçFÅ÷V&Æ—6†W%÷7WÆVÖVçBÃã3‚÷3CS“‚Ó#RÓ#ScBÓ ¦¶÷¦Æ÷w6¶•ó##U÷66–VçF–f–5÷&W÷'G2ÆfööE÷v7FUö‡–G&ö6†%ó#C2Ã2ÃCsBÃ’ãsSÃ#ÃBã“3sSÃ3rÆ‡–G&ö6†"Ã#CÃRãÃ##’ãsÃS’ãƒÃ3ƒBãcsss"ÇG'VRÂÆW‡W&–ÖVçFÅ÷V&Æ—6†W%÷7WÆVÖVçBÃã3‚÷3CS“‚Ó#RÓ#ScBÓ ¦¶÷¦Æ÷w6¶•ó##U÷66–VçF–f–5÷&W÷'G2ÆfööE÷v7FRÃÃCsRÃ’ãs“ccccrÃ#ÃBã“Cs“ccrÃ3rÆæöæRÂÃãÃ#ãsÃS’ã“Ã33’ã3CCCS’ÇG'VRÂÆW‡W&–ÖVçFÅ÷V&Æ—6†W%÷7WÆVÖVçBÃã3‚÷3CS“‚Ó#RÓ#ScBÓ ¦¶÷¦Æ÷w6¶•ó##U÷66–VçF–f–5÷&W÷'G2ÆfööE÷v7FRÃ"ÃCsRÃ’ãs“ccccrÃ#ÃBã“Cs“ccrÃ3rÆæöæRÂÃãÃ#ãƒÃS’ã“Ã3S’ãCss#““SrÇG'VRÂÆW‡W&–ÖVçFÅ÷V&Æ—6†W%÷7WÆVÖVçBÃã3‚÷3CS“‚Ó#RÓ#ScBÓ ¦¶÷¦Æ÷w6¶•ó##U÷66–VçF–f–5÷&W÷'G2ÆfööE÷v7FRÃ2ÃCsRÃ’ãs“ccccrÃ#ÃBã“Cs“ccrÃ3rÆæöæRÂÃãÃ##ãÃS’ã“Ã3c2ãƒSsƒ"ÇG'VRÂÆW‡W&–ÖVçFÅ÷V&Æ—6†W%÷7WÆVÖVçBÃã3‚÷3CS“‚Ó#RÓ#ScBÓ ¦¶÷¦Æ÷w6¶•ó##U÷66–VçF–f–5÷&W÷'G2ÆfööE÷v7FU÷F÷'&Vf7F–öåó#C2ÃÃCsRÃ’ãs“ccccrÃ#ÃBã“Cs“ccrÃ3rÇF÷'&Vf7F–öå÷&öGV7BÃ#CÃRãÃ##ƒ2ãSÃS’ã“ÃCãsS““ƒSRÇG'VRÂÆW‡W&–ÖVçFÅ÷V&Æ—6†W%÷7WÆVÖVçBÃã3‚÷3CS“‚Ó#RÓ#ScBÓ ¦¶÷¦Æ÷w6¶•ó##U÷66–VçF–f–5÷&W÷'G2ÆfööE÷v7FU÷F÷'&Vf7F–öåó#C2Ã"ÃCsRÃ’ãs“ccccrÃ#ÃBã“Cs“ccrÃ3rÇF÷'&Vf7F–öå÷&öGV7BÃ#CÃRãÃCƒ"ãSÃS’ã“ÂÓbã“#cSbÆfÇ6RÆW†6ÇVFVEög&öÕ÷V&Æ—6†W%öÖVã²–æ6öç6—7FVçE÷&u÷6–væÂÆW‡W&–ÖVçFÅ÷V&Æ—6†W%÷7WÆVÖVçBÃã3‚÷3CS“‚Ó#RÓ#ScBÓ ¦¶÷¦Æ÷w6¶•ó##U÷66–VçF–f–5÷&W÷'G2ÆfööE÷v7FU÷F÷'&Vf7F–öåó#C2Ã2ÃCsRÃ’ãs“ccccrÃ#ÃBã“Cs“ccrÃ3rÇF÷'&Vf7F–öå÷&öGV7BÃ#CÃRãÃ##srã3ÃS’ã“Ã3“’ã3Sƒ“ccRÇG'VRÂÆW‡W&–ÖVçFÅ÷V&Æ—6†W%÷7WÆVÖVçBÃã3‚÷3CS“‚Ó#RÓ#ScBÓ ¦¶÷¦Æ÷w6¶•ó##U÷66–VçF–f–5÷&W÷'G2ÆfööE÷v7FU÷—&öÇ—6—5óc2ÃÃCsRÃ’ãs“ccccrÃ#ÃBã“Cs“ccrÃ3rÆ&–ö6†"ÃcÃRãÃ#3bãÃS’ã“Ã3crãC33sBÇG'VRÂÆW‡W&–ÖVçFÅ÷V&Æ—6†W%÷7WÆVÖVçBÃã3‚÷3CS“‚Ó#RÓ#ScBÓ ¦¶÷¦Æ÷w6¶•ó##U÷66–VçF–f–5÷&W÷'G2ÆfööE÷v7FU÷—&öÇ—6—5óc2Ã"ÃCsRÃ’ãs“ccccrÃ#ÃBã“Cs“ccrÃ3rÆ&–ö6†"ÃcÃRãÃ#C‚ãCÃS’ã“Ã3sã#3#“#ƒ2ÇG'VRÂÆW‡W&–ÖVçFÅ÷V&Æ—6†W%÷7WÆVÖVçBÃã3‚÷3CS“‚Ó#RÓ#ScBÓ ¦¶÷¦Æ÷w6¶•ó##U÷66–VçF–f–5÷&W÷'G2ÆfööE÷v7FU÷—&öÇ—6—5óc2Ã2ÃCsRÃ’ãs“ccccrÃ#ÃBã“Cs“ccrÃ3rÆ&–ö6†"ÃcÃRãÃƒƒ2ãÃS’ã“Ã3ã#c3SCƒ“bÆfÇ6RÆW†6ÇVFVEög&öÕ÷V&Æ—6†W%öÖVã²–æ6öç6—7FVçE÷&u÷6–væÂÆW‡W&–ÖVçFÅ÷V&Æ—6†W%÷7WÆVÖVçBÃã3‚÷3CS“‚Ó#RÓ#ScBÓ ¦¶÷¦Æ÷w6¶•ó##U÷66–VçF–f–5÷&W÷'G2ÆfööE÷v7FUö‡–G&ö6†%ó#C2ÃÃCsRÃ’ãs“ccccrÃ#ÃBã“Cs“ccrÃ3rÆ‡–G&ö6†"Ã#CÃRãÃ##3ãcÃS’ã“Ã3ƒ’ã3#ccC“RÇG'VRÂÆW‡W&–ÖVçFÅ÷V&Æ—6†W%÷7WÆVÖVçBÃã3‚÷3CS“‚Ó#RÓ#ScBÓ ¦¶÷¦Æ÷w6¶•ó##U÷66–VçF–f–5÷&W÷'G2ÆfööE÷v7FUö‡–G&ö6†%ó#C2Ã"ÃCsRÃ’ãs“ccccrÃ#ÃBã“Cs“ccrÃ3rÆ‡–G&ö6†"Ã#CÃRãÃ###2ãÃS’ã“Ã3ƒrãƒ“C###rÇG'VRÂÆW‡W&–ÖVçFÅ÷V&Æ—6†W%÷7WÆVÖVçBÃã3‚÷3CS“‚Ó#RÓ#ScBÓ ¦¶÷¦Æ÷w6¶•ó##U÷66–VçF–f–5÷&W÷'G2ÆfööE÷v7FUö‡–G&ö6†%ó#C2Ã2ÃCsRÃ’ãs“ccccrÃ#ÃBã“Cs“ccrÃ3rÆ‡–G&ö6†"Ã#CÃRãÃ##ãÃS’ã“Ã3ƒBãS“c#CÇG'VRÂÆW‡W&–ÖVçFÅ÷V&Æ—6†W%÷7WÆVÖVçBÃã3‚÷3CS“‚Ó#RÓ#ScBÓ ¦¶÷¦Æ÷w6¶•ó##U÷66–VçF–f–5÷&W÷'G2ÆfööE÷v7FRÃÃCsbÃ’ãƒ3333332Ã#ÃBã“Sƒ33332Ã3rÆæöæRÂÃãÃ#"ãÃSãÃ33’ã3ƒ“S“3#‚ÇG'VRÂÆW‡W&–ÖVçFÅ÷V&Æ—6†W%÷7WÆVÖVçBÃã3‚÷3CS“‚Ó#RÓ#ScBÓ ¦¶÷¦Æ÷w6¶•ó##U÷66–VçF–f–5÷&W÷'G2ÆfööE÷v7FRÃ"ÃCsbÃ’ãƒ3333332Ã#ÃBã“Sƒ33332Ã3rÆæöæRÂÃãÃ#ãÃSãÃ3S’ãS##C“#bÇG'VRÂÆW‡W&–ÖVçFÅ÷V&Æ—6†W%÷7WÆVÖVçBÃã3‚÷3CS“‚Ó#RÓ#ScBÓ ¦¶÷¦Æ÷w6¶•ó##U÷66–VçF–f–5÷&W÷'G2ÆfööE÷v7FRÃ2ÃCsbÃ’ãƒ3333332Ã#ÃBã“Sƒ33332Ã3rÆæöæRÂÃãÃ##ãCÃSãÃ3c2ãƒƒ3Cƒ“3bÇG'VRÂÆW‡W&–ÖVçFÅ÷V&Æ—6†W%÷7WÆVÖVçBÃã3‚÷3CS“‚Ó#RÓ#ScBÓ ¦¶÷¦Æ÷w6¶•ó##U÷66–VçF–f–5÷&W÷'G2ÆfööE÷v7FU÷F÷'&Vf7F–öåó#C2ÃÃCsbÃ’ãƒ3333332Ã#ÃBã“Sƒ33332Ã3rÇF÷'&Vf7F–öå÷&öGV7BÃ#CÃRãÃ##ƒBã3ÃSãÃCã“ƒs“CrÇG'VRÂÆW‡W&–ÖVçFÅ÷V&Æ—6†W%÷7WÆVÖVçBÃã3‚÷3CS“‚Ó#RÓ#ScBÓ ¦¶÷¦Æ÷w6¶•ó##U÷66–VçF–f–5÷&W÷'G2ÆfööE÷v7FU÷F÷'&Vf7F–öåó#C2Ã"ÃCsbÃ’ãƒ3333332Ã#ÃBã“Sƒ33332Ã3rÇF÷'&Vf7F–öå÷&öGV7BÃ#CÃRãÃCƒ2ã3ÃSãÂÓbã33“cBÆfÇ6RÆW†6ÇVFVEög&öÕ÷V&Æ—6†W%öÖVã²–æ6öç6—7FVçE÷&u÷6–væÂÆW‡W&–ÖVçFÅ÷V&Æ—6†W%÷7WÆVÖVçBÃã3‚÷3CS“‚Ó#RÓ#ScBÓ ¦¶÷¦Æ÷w6¶•ó##U÷66–VçF–f–5÷&W÷'G2ÆfööE÷v7FU÷F÷'&Vf7F–öåó#C2Ã2ÃCsbÃ’ãƒ3333332Ã#ÃBã“Sƒ33332Ã3rÇF÷'&Vf7F–öå÷&öGV7BÃ#CÃRãÃ##srãsÃSãÃ3“’ãC#csS3c’ÇG'VRÂÆW‡W&–ÖVçFÅ÷V&Æ—6†W%÷7WÆVÖVçBÃã3‚÷3CS“‚Ó#RÓ#ScBÓ ¦¶÷¦Æ÷w6¶•ó##U÷66–VçF–f–5÷&W÷'G2ÆfööE÷v7FU÷—&öÇ—6—5óc2ÃÃCsbÃ’ãƒ3333332Ã#ÃBã“Sƒ33332Ã3rÆ&–ö6†"ÃcÃRãÃ#3bãCÃSãÃ3crãC“ƒƒ#CSrÇG'VRÂÆW‡W&–ÖVçFÅ÷V&Æ—6†W%÷7WÆVÖVçBÃã3‚÷3CS“‚Ó#RÓ#ScBÓ ¦¶÷¦Æ÷w6¶•ó##U÷66–VçF–f–5÷&W÷'G2ÆfööE÷v7FU÷—&öÇ—6—5óc2Ã"ÃCsbÃ’ãƒ3333332Ã#ÃBã“Sƒ33332Ã3rÆ&–ö6†"ÃcÃRãÃ#C‚ã“ÃSãÃ3sã3#33S#ÇG'VRÂÆW‡W&–ÖVçFÅ÷V&Æ—6†W%÷7WÆVÖVçBÃã3‚÷3CS“‚Ó#RÓ#ScBÓ ¦¶÷¦Æ÷w6¶•ó##U÷66–VçF–f–5÷&W÷'G2ÆfööE÷v7FU÷—&öÇ—6—5óc2Ã2ÃCsbÃ’ãƒ3333332Ã#ÃBã“Sƒ33332Ã3rÆ&–ö6†"ÃcÃRãÃƒƒ2ã3ÃSãÃ3ã3ƒsCcRÆfÇ6RÆW†6ÇVFVEög&öÕ÷V&Æ—6†W%öÖVã²–æ6öç6—7FVçE÷&u÷6–væÂÆW‡W&–ÖVçFÅ÷V&Æ—6†W%÷7WÆVÖVçBÃã3‚÷3CS“‚Ó#RÓ#ScBÓ ¦¶÷¦Æ÷w6¶•ó##U÷66–VçF–f–5÷&W÷'G2ÆfööE÷v7FUö‡–G&ö6†%ó#C2ÃÃCsbÃ’ãƒ3333332Ã#ÃBã“Sƒ33332Ã3rÆ‡–G&ö6†"Ã#CÃRãÃ##3"ã3ÃSãÃ3ƒ’ãcƒ#C"ÇG'VRÂÆW‡W&–ÖVçFÅ÷V&Æ—6†W%÷7WÆVÖVçBÃã3‚÷3CS“‚Ó#RÓ#ScBÓ ¦¶÷¦Æ÷w6¶•ó##U÷66–VçF–f–5÷&W÷'G2ÆfööE÷v7FUö‡–G&ö6†%ó#C2Ã"ÃCsbÃ’ãƒ3333332Ã#ÃBã“Sƒ33332Ã3rÆ‡–G&ö6†"Ã#CÃRãÃ###2ãsÃSãÃ3ƒrã##C““s3BÇG'VRÂÆW‡W&–ÖVçFÅ÷V&Æ—6†W%÷7WÆVÖVçBÃã3‚÷3CS“‚Ó#RÓ#ScBÓ ¦¶÷¦Æ÷w6¶•ó##U÷66–VçF–f–5÷&W÷'G2ÆfööE÷v7FUö‡–G&ö6†%ó#C2Ã2ÃCsbÃ’ãƒ3333332Ã#ÃBã“Sƒ33332Ã3rÆ‡–G&ö6†"Ã#CÃRãÃ##ãCÃSãÃ3ƒBã#“sC““BÇG'VRÂÆW‡W&–ÖVçFÅ÷V&Æ—6†W%÷7WÆVÖVçBÃã3‚÷3CS“‚Ó#RÓ#ScBÓ ¦¶÷¦Æ÷w6¶•ó##U÷66–VçF–f–5÷&W÷'G2ÆfööE÷v7FRÃÃCsrÃ’ãƒsSÃ#ÃBã“cƒsSÃ3rÆæöæRÂÃãÃ#"ã3ÃSãÃ33’ãC3CsƒC“rÇG'VRÂÆW‡W&–ÖVçFÅ÷V&Æ—6†W%÷7WÆVÖVçBÃã3‚÷3CS“‚Ó#RÓ#ScBÓ ¦¶÷¦Æ÷w6¶•ó##U÷66–VçF–f–5÷&W÷'G2ÆfööE÷v7FRÃ"ÃCsrÃ’ãƒsSÃ#ÃBã“cƒsSÃ3rÆæöæRÂÃãÃ#ãCÃSãÃ3S’ãScscƒ#“RÇG'VRÂÆW‡W&–ÖVçFÅ÷V&Æ—6†W%÷7WÆVÖVçBÃã3‚÷3CS“‚Ó#RÓ#ScBÓ ¦¶÷¦Æ÷w6¶•ó##U÷66–VçF–f–5÷&W÷'G2ÆfööE÷v7FRÃ2ÃCsrÃ’ãƒsSÃ#ÃBã“cƒsSÃ3rÆæöæRÂÃãÃ##ãsÃSãÃ3c2ã“#ƒcƒRÇG'VRÂÆW‡W&–ÖVçFÅ÷V&Æ—6†W%÷7WÆVÖVçBÃã3‚÷3CS“‚Ó#RÓ#ScBÓ ¦¶÷¦Æ÷w6¶•ó##U÷66–VçF–f–5÷&W÷'G2ÆfööE÷v7FU÷F÷'&Vf7F–öåó#C2ÃÃCsrÃ’ãƒsSÃ#ÃBã“cƒsSÃ3rÇF÷'&Vf7F–öå÷&öGV7BÃ#CÃRãÃ##ƒRã#ÃSãÃCã“ƒƒCc#2ÇG'VRÂÆW‡W&–ÖVçFÅ÷V&Æ—6†W%÷7WÆVÖVçBÃã3‚÷3CS“‚Ó#RÓ#ScBÓ ¦¶÷¦Æ÷w6¶•ó##U÷66–VçF–f–5÷&W÷'G2ÆfööE÷v7FU÷F÷'&Vf7F–öåó#C2Ã"ÃCsrÃ’ãƒsSÃ#ÃBã“cƒsSÃ3rÇF÷'&Vf7F–öå÷&öGV7BÃ#CÃRãÃCƒBãÃSãÂÓRãƒsC““s"ÆfÇ6RÆW†6ÇVFVEög&öÕ÷V&Æ—6†W%öÖVã²–æ6öç6—7FVçE÷&u÷6–væÂÆW‡W&–ÖVçFÅ÷V&Æ—6†W%÷7WÆVÖVçBÃã3‚÷3CS“‚Ó#RÓ#ScBÓ ¦¶÷¦Æ÷w6¶•ó##U÷66–VçF–f–5÷&W÷'G2ÆfööE÷v7FU÷F÷'&Vf7F–öåó#C2Ã2ÃCsrÃ’ãƒsSÃ#ÃBã“cƒsSÃ3rÇF÷'&Vf7F–öå÷&öGV7BÃ#CÃRãÃ##s‚ãÃSãÃ3“’ãC“CSC#2ÇG'VRÂÆW‡W&–ÖVçFÅ÷V&Æ—6†W%÷7WÆVÖVçBÃã3‚÷3CS“‚Ó#RÓ#ScBÓ ¦¶÷¦Æ÷w6¶•ó##U÷66–VçF–f–5÷&W÷'G2ÆfööE÷v7FU÷—&öÇ—6—5óc2ÃÃCsrÃ’ãƒsSÃ#ÃBã“cƒsSÃ3rÆ&–ö6†"ÃcÃRãÃ#3bãsÃSãÃ3crãSCCc#rÇG'VRÂÆW‡W&–ÖVçFÅ÷V&Æ—6†W%÷7WÆVÖVçBÃã3‚÷3CS“‚Ó#RÓ#ScBÓ ¦¶÷¦Æ÷w6¶•ó##U÷66–VçF–f–5÷&W÷'G2ÆfööE÷v7FU÷—&öÇ—6—5óc2Ã"ÃCsrÃ’ãƒsSÃ#ÃBã“cƒsSÃ3rÆ&–ö6†"ÃcÃRãÃ#C’ã3ÃSãÃ3sã3““#sRÇG'VRÂÆW‡W&–ÖVçFÅ÷V&Æ—6†W%÷7WÆVÖVçBÃã3‚÷3CS“‚Ó#RÓ#ScBÓ ¦¶÷¦Æ÷w6¶•ó##U÷66–VçF–f–5÷&W÷'G2ÆfööE÷v7FU÷—&öÇ—6—5óc2Ã2ÃCsrÃ’ãƒsSÃ#ÃBã“cƒsSÃ3rÆ&–ö6†"ÃcÃRãÃƒƒ2ãcÃSãÃ3ã3S3“3#3BÆfÇ6RÆW†6ÇVFVEög&öÕ÷V&Æ—6†W%öÖVã²–æ6öç6—7FVçE÷&u÷6–væÂÆW‡W&–ÖVçFÅ÷V&Æ—6†W%÷7WÆVÖVçBÃã3‚÷3CS“‚Ó#RÓ#ScBÓ ¦¶÷¦Æ÷w6¶•ó##U÷66–VçF–f–5÷&W÷'G2ÆfööE÷v7FUö‡–G&ö6†%ó#C2ÃÃCsrÃ’ãƒsSÃ#ÃBã“cƒsSÃ3rÆ‡–G&ö6†"Ã#CÃRãÃ##32ãÃSãÃ3ƒ’ã3#cC“2ÇG'VRÂÆW‡W&–ÖVçFÅ÷V&Æ—6†W%÷7WÆVÖVçBÃã3‚÷3CS“‚Ó#RÓ#ScBÓ ¦¶÷¦Æ÷w6¶•ó##U÷66–VçF–f–5÷&W÷'G2ÆfööE÷v7FUö‡–G&ö6†%ó#C2Ã"ÃCsrÃ’ãƒsSÃ#ÃBã“cƒsSÃ3rÆ‡–G&ö6†"Ã#CÃRãÃ###BãSÃSãÃ3ƒrã3ƒ3cƒ#bÇG'VRÂÆW‡W&–ÖVçFÅ÷V&Æ—6†W%÷7WÆVÖVçBÃã3‚÷3CS“‚Ó#RÓ#ScBÓ ¦¶÷¦Æ÷w6¶•ó##U÷66–VçF–f–5÷&W÷'G2ÆfööE÷v7FUö‡–G&ö6†%ó#C2Ã2ÃCsrÃ’ãƒsSÃ#ÃBã“cƒsSÃ3rÆ‡–G&ö6†"Ã#CÃRãÃ##ãsÃSãÃ3ƒBã#cC“Cc2ÇG'VRÂÆW‡W&–ÖVçFÅ÷V&Æ—6†W%÷7WÆVÖVçBÃã3‚÷3CS“‚Ó#RÓ#ScBÓ ¦¶÷¦Æ÷w6¶•ó##U÷66–VçF–f–5÷&W÷'G2ÆfööE÷v7FRÃÃCs‚Ã’ã“cccccrÃ#ÃBã“s“cccrÃ3rÆæöæRÂÃãÃ#"ãcÃSã#Ã33’ãCs““sccbÇG'VRÂÆW‡W&–ÖVçFÅ÷V&Æ—6†W%÷7WÆVÖVçBÃã3‚÷3CS“‚Ó#RÓ#ScBÓ ¦¶÷¦Æ÷w6¶•ó##U÷66–VçF–f–5÷&W÷'G2ÆfööE÷v7FRÃ"ÃCs‚Ã’ã“cccccrÃ#ÃBã“s“cccrÃ3rÆæöæRÂÃãÃ#ãsÃSã#Ã3S’ãc#ƒsCcBÇG'VRÂÆW‡W&–ÖVçFÅ÷V&Æ—6†W%÷7WÆVÖVçBÃã3‚÷3CS“‚Ó#RÓ#ScBÓ ¦¶÷¦Æ÷w6¶•ó##U÷66–VçF–f–5÷&W÷'G2ÆfööE÷v7FRÃ2ÃCs‚Ã’ã“cccccrÃ#ÃBã“s“cccrÃ3rÆæöæRÂÃãÃ##ãÃSã#Ã3c2ã“s3ƒs#sBÇG'VRÂÆW‡W&–ÖVçFÅ÷V&Æ—6†W%÷7WÆVÖVçBÃã3‚÷3CS“‚Ó#RÓ#ScBÓ ¦¶÷¦Æ÷w6¶•ó##U÷66–VçF–f–5÷&W÷'G2ÆfööE÷v7FU÷F÷'&Vf7F–öåó#C2ÃÃCs‚Ã’ã“cccccrÃ#ÃBã“s“cccrÃ3rÇF÷'&Vf7F–öå÷&öGV7BÃ#CÃRãÃ##ƒbãÃSã#ÃCã#SssBÇG'VRÂÆW‡W&–ÖVçFÅ÷V&Æ—6†W%÷7WÆVÖVçBÃã3‚÷3CS“‚Ó#RÓ#ScBÓ ¦¶÷¦Æ÷w6¶•ó##U÷66–VçF–f–5÷&W÷'G2ÆfööE÷v7FU÷F÷'&Vf7F–öåó#C2Ã"ÃCs‚Ã’ã“cccccrÃ#ÃBã“s“cccrÃ3rÇF÷'&Vf7F–öå÷&öGV7BÃ#CÃRãÃCƒBã“ÃSã#ÂÓRãscsCƒƒÆfÇ6RÆW†6ÇVFVEög&öÕ÷V&Æ—6†W%öÖVã²–æ6öç6—7FVçE÷&u÷6–væÂÆW‡W&–ÖVçFÅ÷V&Æ—6†W%÷7WÆVÖVçBÃã3‚÷3CS“‚Ó#RÓ#ScBÓ ¦¶÷¦Æ÷w6¶•ó##U÷66–VçF–f–5÷&W÷'G2ÆfööE÷v7FU÷F÷'&Vf7F–öåó#C2Ã2ÃCs‚Ã’ã“cccccrÃ#ÃBã“s“cccrÃ3rÇF÷'&Vf7F–öå÷&öGV7BÃ#CÃRãÃ##s‚ãSÃSã#Ã3“’ãSc#3#ƒsbÇG'VRÂÆW‡W&–ÖVçFÅ÷V&Æ—6†W%÷7WÆVÖVçBÃã3‚÷3CS“‚Ó#RÓ#ScBÓ ¦¶÷¦Æ÷w6¶•ó##U÷66–VçF–f–5÷&W÷'G2ÆfööE÷v7FU÷—&öÇ—6—5óc2ÃÃCs‚Ã’ã“cccccrÃ#ÃBã“s“cccrÃ3rÆ&–ö6†"ÃcÃRãÃ#3rãÃSã#Ã3crãcƒ3ƒÇG'VRÂÆW‡W&–ÖVçFÅ÷V&Æ—6†W%÷7WÆVÖVçBÃã3‚÷3CS“‚Ó#RÓ#ScBÓ ¦¶÷¦Æ÷w6¶•ó##U÷66–VçF–f–5÷&W÷'G2ÆfööE÷v7FU÷—&öÇ—6—5óc2Ã"ÃCs‚Ã’ã“cccccrÃ#ÃBã“s“cccrÃ3rÆ&–ö6†"ÃcÃRãÃ#C’ãsÃSã#Ã3sãCSƒƒƒ#‚ÇG'VRÂÆW‡W&–ÖVçFÅ÷V&Æ—6†W%÷7WÆVÖVçBÃã3‚÷3CS“‚Ó#RÓ#ScBÓ ¦¶÷¦Æ÷w6¶•ó##U÷66–VçF–f–5÷&W÷'G2ÆfööE÷v7FU÷—&öÇ—6—5óc2Ã2ÃCs‚Ã’ã“cccccrÃ#ÃBã“s“cccrÃ3rÆ&–ö6†"ÃcÃRãÃƒƒ2ãƒÃSã#Ã3ã3scS#ƒ‚ÆfÇ6RÆW†6ÇVFVEög&öÕ÷V&Æ—6†W%öÖVã²–æ6öç6—7FVçE÷&u÷6–væÂÆW‡W&–ÖVçFÅ÷V&Æ—6†W%÷7WÆVÖVçBÃã3‚÷3CS“‚Ó#RÓ#ScBÓ ¦¶÷¦Æ÷w6¶•ó##U÷66–VçF–f–5÷&W÷'G2ÆfööE÷v7FUö‡–G&ö6†%ó#C2ÃÃCs‚Ã’ã“cccccrÃ#ÃBã“s“cccrÃ3rÆ‡–G&ö6†"Ã#CÃRãÃ##32ãƒÃSã#Ã3ƒ’ãCc“ƒcÇG'VRÂÆW‡W&–ÖVçFÅ÷V&Æ—6†W%÷7WÆVÖVçBÃã3‚÷3CS“‚Ó#RÓ#ScBÓ ¦¶÷¦Æ÷w6¶•ó##U÷66–VçF–f–5÷&W÷'G2ÆfööE÷v7FUö‡–G&ö6†%ó#C2Ã"ÃCs‚Ã’ã“cccccrÃ#ÃBã“s“cccrÃ3rÆ‡–G&ö6†"Ã#CÃRãÃ###Rã#ÃSã#Ã3ƒrãSƒsC332ÇG'VRÂÆW‡W&–ÖVçFÅ÷V&Æ—6†W%÷7WÆVÖVçBÃã3‚÷3CS“‚Ó#RÓ#ScBÓ ¦¶÷¦Æ÷w6¶•ó##U÷66–VçF–f–5÷&W÷'G2ÆfööE÷v7FUö‡–G&ö6†%ó#C2Ã2ÃCs‚Ã’ã“cccccrÃ#ÃBã“s“cccrÃ3rÆ‡–G&ö6†"Ã#CÃRãÃ##ãÃSã#Ã3ƒBã3333"ÇG'VRÂÆW‡W&–ÖVçFÅ÷V&Æ—6†W%÷7WÆVÖVçBÃã3‚÷3CS“‚Ó#RÓ#ScBÓ ¦¶÷¦Æ÷w6¶•ó##U÷66–VçF–f–5÷&W÷'G2ÆfööE÷v7FRÃÃCs’Ã’ã“Sƒ33332Ã#ÃBã“ƒ“Sƒ332Ã3rÆæöæRÂÃãÃ#"ã“ÃSã3Ã33’ãS#Scƒ3RÇG'VRÂÆW‡W&–ÖVçFÅ÷V&Æ—6†W%÷7WÆVÖVçBÃã3‚÷3CS“‚Ó#RÓ#ScBÓ ¦¶÷¦Æ÷w6¶•ó##U÷66–VçF–f–5÷&W÷'G2ÆfööE÷v7FRÃ"ÃCs’Ã’ã“Sƒ33332Ã#ÃBã“ƒ“Sƒ332Ã3rÆæöæRÂÃãÃ#"ãÃSã3Ã3S’ãcSƒcc32ÇG'VRÂÆW‡W&–ÖVçFÅ÷V&Æ—6†W%÷7WÆVÖVçBÃã3‚÷3CS“‚Ó#RÓ#ScBÓ ¦¶÷¦Æ÷w6¶•ó##U÷66–VçF–f–5÷&W÷'G2ÆfööE÷v7FRÃ2ÃCs’Ã’ã“Sƒ33332Ã#ÃBã“ƒ“Sƒ332Ã3rÆæöæRÂÃãÃ##ãCÃSã3Ã3cBãCcc#‚ÇG'VRÂÆW‡W&–ÖVçFÅ÷V&Æ—6†W%÷7WÆVÖVçBÃã3‚÷3CS“‚Ó#RÓ#ScBÓ ¦¶÷¦Æ÷w6¶•ó##U÷66–VçF–f–5÷&W÷'G2ÆfööE÷v7FU÷F÷'&Vf7F–öåó#C2ÃÃCs’Ã’ã“Sƒ33332Ã#ÃBã“ƒ“Sƒ332Ã3rÇF÷'&Vf7F–öå÷&öGV7BÃ#CÃRãÃ##ƒbãƒÃSã3ÃCãCSƒƒbÇG'VRÂÆW‡W&–ÖVçFÅ÷V&Æ—6†W%÷7WÆVÖVçBÃã3‚÷3CS“‚Ó#RÓ#ScBÓ ¦¶÷¦Æ÷w6¶•ó##U÷66–VçF–f–5÷&W÷'G2ÆfööE÷v7FU÷F÷'&Vf7F–öåó#C2Ã"ÃCs’Ã’ã“Sƒ33332Ã#ÃBã“ƒ“Sƒ332Ã3rÇF÷'&Vf7F–öå÷&öGV7BÃ#CÃRãÃCƒRãsÃSã3ÂÓRãSSƒSssƒ’ÆfÇ6RÆW†6ÇVFVEög&öÕ÷V&Æ—6†W%öÖVã²–æ6öç6—7FVçE÷&u÷6–væÂÆW‡W&–ÖVçFÅ÷V&Æ—6†W%÷7WÆVÖVçBÃã3‚÷3CS“‚Ó#RÓ#ScBÓ ¦¶÷¦Æ÷w6¶•ó##U÷66–VçF–f–5÷&W÷'G2ÆfööE÷v7FU÷F÷'&Vf7F–öåó#C2Ã2ÃCs’Ã’ã“Sƒ33332Ã#ÃBã“ƒ“Sƒ332Ã3rÇF÷'&Vf7F–öå÷&öGV7BÃ#CÃRãÃ##s‚ã“ÃSã3Ã3“’ãc3c3ÇG'VRÂÆW‡W&–ÖVçFÅ÷V&Æ—6†W%÷7WÆVÖVçBÃã3‚÷3CS“‚Ó#RÓ#ScBÓ ¦¶÷¦Æ÷w6¶•ó##U÷66–VçF–f–5÷&W÷'G2ÆfööE÷v7FU÷—&öÇ—6—5óc2ÃÃCs’Ã’ã“Sƒ33332Ã#ÃBã“ƒ“Sƒ332Ã3rÆ&–ö6†"ÃcÃRãÃ#3rãSÃSã3Ã3crãcs“S“3BÇG'VRÂÆW‡W&–ÖVçFÅ÷V&Æ—6†W%÷7WÆVÖVçBÃã3‚÷3CS“‚Ó#RÓ#ScBÓ ¦¶÷¦Æ÷w6¶•ó##U÷66–VçF–f–5÷&W÷'G2ÆfööE÷v7FU÷—&öÇ—6—5óc2Ã"ÃCs’Ã’ã“Sƒ33332Ã#ÃBã“ƒ“Sƒ332Ã3rÆ&–ö6†"ÃcÃRãÃ#Sã#ÃSã3Ã3sãSC“#c3cbÇG'VRÂÆW‡W&–ÖVçFÅ÷V&Æ—6†W%÷7WÆVÖVçBÃã3‚÷3CS“‚Ó#RÓ#ScBÓ ¦¶÷¦Æ÷w6¶•ó##U÷66–VçF–f–5÷&W÷'G2ÆfööE÷v7FU÷—&öÇ—6—5óc2Ã2ÃCs’Ã’ã“Sƒ33332Ã#ÃBã“ƒ“Sƒ332Ã3rÆ&–ö6†"ÃcÃRãÃƒƒBãÃSã3Ã3ãC#s“ƒrÆfÇ6RÆW†6ÇVFVEög&öÕ÷V&Æ—6†W%öÖVã²–æ6öç6—7FVçE÷&u÷6–væÂÆW‡W&–ÖVçFÅ÷V&Æ—6†W%÷7WÆVÖVçBÃã3‚÷3CS“‚Ó#RÓ#ScBÓ ¦¶÷¦Æ÷w6¶•ó##U÷66–VçF–f–5÷&W÷'G2ÆfööE÷v7FUö‡–G&ö6†%ó#C2ÃÃCs’Ã’ã“Sƒ33332Ã#ÃBã“ƒ“Sƒ332Ã3rÆ‡–G&ö6†"Ã#CÃRãÃ##3BãSÃSã3Ã3ƒ’ãS“sScrÇG'VRÂÆW‡W&–ÖVçFÅ÷V&Æ—6†W%÷7WÆVÖVçBÃã3‚÷3CS“‚Ó#RÓ#ScBÓ ¦¶÷¦Æ÷w6¶•ó##U÷66–VçF–f–5÷&W÷'G2ÆfööE÷v7FUö‡–G&ö6†%ó#C2Ã"ÃCs’Ã’ã“Sƒ33332Ã#ÃBã“ƒ“Sƒ332Ã3rÆ‡–G&ö6†"Ã#CÃRãÃ###Rã“ÃSã3Ã3ƒrãcSC3ƒCÇG'VRÂÆW‡W&–ÖVçFÅ÷V&Æ—6†W%÷7WÆVÖVçBÃã3‚÷3CS“‚Ó#RÓ#ScBÓ ¦¶÷¦Æ÷w6¶•ó##U÷66–VçF–f–5÷&W÷'G2ÆfööE÷v7FUö‡–G&ö6†%ó#C2Ã2ÃCs’Ã’ã“Sƒ33332Ã#ÃBã“ƒ“Sƒ332Ã3rÆ‡–G&ö6†"Ã#CÃRãÃ##ãCÃSã3Ã3ƒBã3ss“#ƒbÇG'VRÂÆW‡W&–ÖVçFÅ÷V&Æ—6†W%÷7WÆVÖVçBÃã3‚÷3CS“‚Ó#RÓ#ScBÓ ¦¶÷¦Æ÷w6¶•ó##U÷66–VçF–f–5÷&W÷'G2ÆfööE÷v7FRÃÃCƒÃ#ãÃ#ÃRãÃ3rÆæöæRÂÃãÃ#2ã#ÃSãCÃ33’ãSs3cBÇG'VRÂÆW‡W&–ÖVçFÅ÷V&Æ—6†W%÷7WÆVÖVçBÃã3‚÷3CS“‚Ó#RÓ#ScBÓ ¦¶÷¦Æ÷w6¶•ó##U÷66–VçF–f–5÷&W÷'G2ÆfööE÷v7FRÃ"ÃCƒÃ#ãÃ#ÃRãÃ3rÆæöæRÂÃãÃ#"ã3ÃSãCÃ3S’ãs3#Sƒ"ÇG'VRÂÆW‡W&–ÖVçFÅ÷V&Æ—6†W%÷7WÆVÖVçBÃã3‚÷3CS“‚Ó#RÓ#ScBÓ ¦¶÷¦Æ÷w6¶•ó##U÷66–VçF–f–5÷&W÷'G2ÆfööE÷v7FRÃ2ÃCƒÃ#ãÃ#ÃRãÃ3rÆæöæRÂÃãÃ##ãsÃSãCÃ3cBãƒcƒS“rÇG'VRÂÆW‡W&–ÖVçFÅ÷V&Æ—6†W%÷7WÆVÖVçBÃã3‚÷3CS“‚Ó#RÓ#ScBÓ ¦¶÷¦Æ÷w6¶•ó##U÷66–VçF–f–5÷&W÷'G2ÆfööE÷v7FU÷F÷'&Vf7F–öåó#C2ÃÃCƒÃ#ãÃ#ÃRãÃ3rÇF÷'&Vf7F–öå÷&öGV7BÃ#CÃRãÃ##ƒrãsÃSãCÃCãS“S“SCƒ"ÇG'VRÂÆW‡W&–ÖVçFÅ÷V&Æ—6†W%÷7WÆVÖVçBÃã3‚÷3CS“‚Ó#RÓ#ScBÓ ¦¶÷¦Æ÷w6¶•ó##U÷66–VçF–f–5÷&W÷'G2ÆfööE÷v7FU÷F÷'&Vf7F–öåó#C2Ã"ÃCƒÃ#ãÃ#ÃRãÃ3rÇF÷'&Vf7F–öå÷&öGV7BÃ#CÃRãÃCƒbãSÃSãCÂÓRãCCc“‚ÆfÇ6RÆW†6ÇVFVEög&öÕ÷V&Æ—6†W%öÖVã²–æ6öç6—7FVçE÷&u÷6–væÂÆW‡W&–ÖVçFÅ÷V&Æ—6†W%÷7WÆVÖVçBÃã3‚÷3CS“‚Ó#RÓ#ScBÓ ¦¶÷¦Æ÷w6¶•ó##U÷66–VçF–f–5÷&W÷'G2ÆfööE÷v7FU÷F÷'&Vf7F–öåó#C2Ã2ÃCƒÃ#ãÃ#ÃRãÃ3rÇF÷'&Vf7F–öå÷&öGV7BÃ#CÃRãÃ##s’ã3ÃSãCÃ3“’ãc“s“3ƒ2ÇG'VRÂÆW‡W&–ÖVçFÅ÷V&Æ—6†W%÷7WÆVÖVçBÃã3‚÷3CS“‚Ó#RÓ#ScBÓ ¦¶÷¦Æ÷w6¶•ó##U÷66–VçF–f–5÷&W÷'G2ÆfööE÷v7FU÷—&öÇ—6—5óc2ÃÃCƒÃ#ãÃ#ÃRãÃ3rÆ&–ö6†"ÃcÃRãÃ#3rãƒÃSãCÃ3crãs#Csƒ32ÇG'VRÂÆW‡W&–ÖVçFÅ÷V&Æ—6†W%÷7WÆVÖVçBÃã3‚÷3CS“‚Ó#RÓ#ScBÓ ¦¶÷¦Æ÷w6¶•ó##U÷66–VçF–f–5÷&W÷'G2ÆfööE÷v7FU÷—&öÇ—6—5óc2Ã"ÃCƒÃ#ãÃ#ÃRãÃ3rÆ&–ö6†"ÃcÃRãÃ#SãcÃSãCÃ3sãcsS#ÇG'VRÂÆW‡W&–ÖVçFÅ÷V&Æ—6†W%÷7WÆVÖVçBÃã3‚÷3CS“‚Ó#RÓ#ScBÓ ¦¶÷¦Æ÷w6¶•ó##U÷66–VçF–f–5÷&W÷'G2ÆfööE÷v7FU÷—&öÇ—6—5óc2Ã2ÃCƒÃ#ãÃ#ÃRãÃ3rÆ&–ö6†"ÃcÃRãÃƒƒBãCÃSãCÃ3ãCcc“SbÆfÇ6RÆW†6ÇVFVEög&öÕ÷V&Æ—6†W%öÖVã²–æ6öç6—7FVçE÷&u÷6–væÂÆW‡W&–ÖVçFÅ÷V&Æ—6†W%÷7WÆVÖVçBÃã3‚÷3CS“‚Ó#RÓ#ScBÓ ¦¶÷¦Æ÷w6¶•ó##U÷66–VçF–f–5÷&W÷'G2ÆfööE÷v7FUö‡–G&ö6†%ó#C2ÃÃCƒÃ#ãÃ#ÃRãÃ3rÆ‡–G&ö6†"Ã#CÃRãÃ##3Rã3ÃSãCÃ3ƒ’ãsSSs3“’ÇG'VRÂÆW‡W&–ÖVçFÅ÷V&Æ—6†W%÷7WÆVÖVçBÃã3‚÷3CS“‚Ó#RÓ#ScBÓ ¦¶÷¦Æ÷w6¶•ó##U÷66–VçF–f–5÷&W÷'G2ÆfööE÷v7FUö‡–G&ö6†%ó#C2Ã"ÃCƒÃ#ãÃ#ÃRãÃ3rÆ‡–G&ö6†"Ã#CÃRãÃ###bãsÃSãCÃ3ƒrãƒ#Cƒ“3ÇG'VRÂÆW‡W&–ÖVçFÅ÷V&Æ—6†W%÷7WÆVÖVçBÃã3‚÷3CS“‚Ó#RÓ#ScBÓ ¦¶÷¦Æ÷w6¶•ó##U÷66–VçF–f–5÷&W÷'G2ÆfööE÷v7FUö‡–G&ö6†%ó#C2Ã2ÃCƒÃ#ãÃ#ÃRãÃ3rÆ‡–G&ö6†"Ã#CÃRãÃ##ãsÃSãCÃ3ƒBãC#3#SRÇG'VRÂÆW‡W&–ÖVçFÅ÷V&Æ—6†W%÷7WÆVÖVçBÃã3‚÷3CS“‚Ó#RÓ#ScBÓ ¦¶÷¦Æ÷w6¶•ó##U÷66–VçF–f–5÷&W÷'G2ÆfööE÷v7FRÃÃCƒÃ#ãCccccrÃ#ÃRãCccrÃ3rÆæöæRÂÃãÃ#2ãSÃSãSÃ33’ãcSSSs2ÇG'VRÂÆW‡W&–ÖVçFÅ÷V&Æ—6†W%÷7WÆVÖVçBÃã3‚÷3CS“‚Ó#RÓ#ScBÓ ¦¶÷¦Æ÷w6¶•ó##U÷66–VçF–f–5÷&W÷'G2ÆfööE÷v7FRÃ"ÃCƒÃ#ãCccccrÃ#ÃRãCccrÃ3rÆæöæRÂÃãÃ#"ãcÃSãSÃ3S’ãsCƒCC“sÇG'VRÂÆW‡W&–ÖVçFÅ÷V&Æ—6†W%÷7WÆVÖVçBÃã3‚÷3CS“‚Ó#RÓ#ScBÓ ¦¶÷¦Æ÷w6¶•ó##U÷66–VçF–f–5÷&W÷'G2ÆfööE÷v7FRÃ2ÃCƒÃ#ãCccccrÃ#ÃRãCccrÃ3rÆæöæRÂÃãÃ##"ãÃSãSÃ3cBã3#C3cbÇG'VRÂÆW‡W&–ÖVçFÅ÷V&Æ—6†W%÷7WÆVÖVçBÃã3‚÷3CS“‚Ó#RÓ#ScBÓ ¦¶÷¦Æ÷w6¶•ó##U÷66–VçF–f–5÷&W÷'G2ÆfööE÷v7FU÷F÷'&Vf7F–öåó#C2ÃÃCƒÃ#ãCccccrÃ#ÃRãCccrÃ3rÇF÷'&Vf7F–öå÷&öGV7BÃ#CÃRãÃ##ƒ‚ãSÃSãSÃCãsSC#Ss2ÇG'VRÂÆW‡W&–ÖVçFÅ÷V&Æ—6†W%÷7WÆVÖVçBÃã3‚÷3CS“‚Ó#RÓ#ScBÓ ¦¶÷¦Æ÷w6¶•ó##U÷66–VçF–f–5÷&W÷'G2ÆfööE÷v7FU÷F÷'&Vf7F–öåó#C2Ã"ÃCƒÃ#ãCccccrÃ#ÃRãCccrÃ3rÇF÷'&Vf7F–öå÷&öGV7BÃ#CÃRãÃCƒrã3ÃSãSÂÓRã#C##3cbÆfÇ6RÆW†6ÇVFVEög&öÕ÷V&Æ—6†W%öÖVã²–æ6öç6—7FVçE÷&u÷6–væÂÆW‡W&–ÖVçFÅ÷V&Æ—6†W%÷7WÆVÖVçBÃã3‚÷3CS“‚Ó#RÓ#ScBÓ ¦¶÷¦Æ÷w6¶•ó##U÷66–VçF–f–5÷&W÷'G2ÆfööE÷v7FU÷F÷'&Vf7F–öåó#C2Ã2ÃCƒÃ#ãCccccrÃ#ÃRãCccrÃ3rÇF÷'&Vf7F–öå÷&öGV7BÃ#CÃRãÃ##s’ãsÃSãSÃ3“’ãscSc“3rÇG'VRÂÆW‡W&–ÖVçFÅ÷V&Æ—6†W%÷7WÆVÖVçBÃã3‚÷3CS“‚Ó#RÓ#ScBÓ ¦¶÷¦Æ÷w6¶•ó##U÷66–VçF–f–5÷&W÷'G2ÆfööE÷v7FU÷—&öÇ—6—5óc2ÃÃCƒÃ#ãCccccrÃ#ÃRãCccrÃ3rÆ&–ö6†"ÃcÃRãÃ#3‚ã#ÃSãSÃ3crãs“#SsSbÇG'VRÂÆW‡W&–ÖVçFÅ÷V&Æ—6†W%÷7WÆVÖVçBÃã3‚÷3CS“‚Ó#RÓ#ScBÓ ¦¶÷¦Æ÷w6¶•ó##U÷66–VçF–f–5÷&W÷'G2ÆfööE÷v7FU÷—&öÇ—6—5óc2Ã"ÃCƒÃ#ãCccccrÃ#ÃRãCccrÃ3rÆ&–ö6†"ÃcÃRãÃ#SãÃSãSÃ3sãcƒCƒ3ƒs2ÇG'VRÂÆW‡W&–ÖVçFÅ÷V&Æ—6†W%÷7WÆVÖVçBÃã3‚÷3CS“‚Ó#RÓ#ScBÓ ¦¶÷¦Æ÷w6¶•ó##U÷66–VçF–f–5÷&W÷'G2ÆfööE÷v7FU÷—&öÇ—6—5óc2Ã2ÃCƒÃ#ãCccccrÃ#ÃRãCccrÃ3rÆ&–ö6†"ÃcÃRãÃƒƒBãcÃSãSÃ3ãCƒ“SsCÆfÇ6RÆW†6ÇVFVEög&öÕ÷V&Æ—6†W%öÖVã²–æ6öç6—7FVçE÷&u÷6–væÂÆW‡W&–ÖVçFÅ÷V&Æ—6†W%÷7WÆVÖVçBÃã3‚÷3CS“‚Ó#RÓ#ScBÓ ¦¶÷¦Æ÷w6¶•ó##U÷66–VçF–f–5÷&W÷'G2ÆfööE÷v7FUö‡–G&ö6†%ó#C2ÃÃCƒÃ#ãCccccrÃ#ÃRãCccrÃ3rÆ‡–G&ö6†"Ã#CÃRãÃ##3bãÃSãSÃ3ƒ’ãƒ“3sbÇG'VRÂÆW‡W&–ÖVçFÅ÷V&Æ—6†W%÷7WÆVÖVçBÃã3‚÷3CS“‚Ó#RÓ#ScBÓ ¦¶÷¦Æ÷w6¶•ó##U÷66–VçF–f–5÷&W÷'G2ÆfööE÷v7FUö‡–G&ö6†%ó#C2Ã"ÃCƒÃ#ãCccccrÃ#ÃRãCccrÃ3rÆ‡–G&ö6†"Ã#CÃRãÃ###rãCÃSãSÃ3ƒrã“CƒcC3‚ÇG'VRÂÆW‡W&–ÖVçFÅ÷V&Æ—6†W%÷7WÆVÖVçBÃã3‚÷3CS“‚Ó#RÓ#ScBÓ ¦¶÷¦Æ÷w6¶•ó##U÷66–VçF–f–5÷&W÷'G2ÆfööE÷v7FUö‡–G&ö6†%ó#C2Ã2ÃCƒÃ#ãCccccrÃ#ÃRãCccrÃ3rÆ‡–G&ö6†"Ã#CÃRãÃ##"ãÃSãSÃ3ƒBãCcƒ3C#BÇG'VRÂÆW‡W&–ÖVçFÅ÷V&Æ—6†W%÷7WÆVÖVçBÃã3‚÷3CS“‚Ó#RÓ#ScBÓ ¦¶÷¦Æ÷w6¶•ó##U÷66–VçF–f–5÷&W÷'G2ÆfööE÷v7FRÃÃCƒ"Ã#ãƒ333332Ã#ÃRã#ƒ3332Ã3rÆæöæRÂÃãÃ#2ãƒÃSãcÃ33’ãccsC3C"ÇG'VRÂÆW‡W&–ÖVçFÅ÷V&Æ—6†W%÷7WÆVÖVçBÃã3‚÷3CS“‚Ó#RÓ#ScBÓ ¦¶÷¦Æ÷w6¶•ó##U÷66–VçF–f–5÷&W÷'G2ÆfööE÷v7FRÃ"ÃCƒ"Ã#ãƒ333332Ã#ÃRã#ƒ3332Ã3rÆæöæRÂÃãÃ#"ã“ÃSãcÃ3S’ãs“3cCCÇG'VRÂÆW‡W&–ÖVçFÅ÷V&Æ—6†W%÷7WÆVÖVçBÃã3‚÷3CS“‚Ó#RÓ#ScBÓ ¦¶÷¦Æ÷w6¶•ó##U÷66–VçF–f–5÷&W÷'G2ÆfööE÷v7FRÃ2ÃCƒ"Ã#ãƒ333332Ã#ÃRã#ƒ3332Ã3rÆæöæRÂÃãÃ##"ãCÃSãcÃ3cBã““ƒ3’ÇG'VRÂÆW‡W&–ÖVçFÅ÷V&Æ—6†W%÷7WÆVÖVçBÃã3‚÷3CS“‚Ó#RÓ#ScBÓ ¦¶÷¦Æ÷w6¶•ó##U÷66–VçF–f–5÷&W÷'G2ÆfööE÷v7FU÷F÷'&Vf7F–öåó#C2ÃÃCƒ"Ã#ãƒ333332Ã#ÃRã#ƒ3332Ã3rÇF÷'&Vf7F–öå÷&öGV7BÃ#CÃRãÃ##ƒ’ã3ÃSãcÃCã“##“ccRÇG'VRÂÆW‡W&–ÖVçFÅ÷V&Æ—6†W%÷7WÆVÖVçBÃã3‚÷3CS“‚Ó#RÓ#ScBÓ ¦¶÷¦Æ÷w6¶•ó##U÷66–VçF–f–5÷&W÷'G2ÆfööE÷v7FU÷F÷'&Vf7F–öåó#C2Ã"ÃCƒ"Ã#ãƒ333332Ã#ÃRã#ƒ3332Ã3rÇF÷'&Vf7F–öå÷&öGV7BÃ#CÃRãÃCƒ‚ãÃSãcÂÓRãƒCcSRÆfÇ6RÆW†6ÇVFVEög&öÕ÷V&Æ—6†W%öÖVã²–æ6öç6—7FVçE÷&u÷6–væÂÆW‡W&–ÖVçFÅ÷V&Æ—6†W%÷7WÆVÖVçBÃã3‚÷3CS“‚Ó#RÓ#ScBÓ ¦¶÷¦Æ÷w6¶•ó##U÷66–VçF–f–5÷&W÷'G2ÆfööE÷v7FU÷F÷'&Vf7F–öåó#C2Ã2ÃCƒ"Ã#ãƒ333332Ã#ÃRã#ƒ3332Ã3rÇF÷'&Vf7F–öå÷&öGV7BÃ#CÃRãÃ##ƒãÃSãcÃ3“’ãƒ33Csƒ“ÇG'VRÂÆW‡W&–ÖVçFÅ÷V&Æ—6†W%÷7WÆVÖVçBÃã3‚÷3CS“‚Ó#RÓ#ScBÓ ¦¶÷¦Æ÷w6¶•ó##U÷66–VçF–f–5÷&W÷'G2ÆfööE÷v7FU÷—&öÇ—6—5óc2ÃÃCƒ"Ã#ãƒ333332Ã#ÃRã#ƒ3332Ã3rÆ&–ö6†"ÃcÃRãÃ#3‚ãcÃSãcÃ3crãƒc3SƒÇG'VRÂÆW‡W&–ÖVçFÅ÷V&Æ—6†W%÷7WÆVÖVçBÃã3‚÷3CS“‚Ó#RÓ#ScBÓ ¦¶÷¦Æ÷w6¶•ó##U÷66–VçF–f–5÷&W÷'G2ÆfööE÷v7FU÷—&öÇ—6—5óc2Ã"ÃCƒ"Ã#ãƒ333332Ã#ÃRã#ƒ3332Ã3rÆ&–ö6†"ÃcÃRãÃ#SãSÃSãcÃ3sãssS###ÇG'VRÂÆW‡W&–ÖVçFÅ÷V&Æ—6†W%÷7WÆVÖVçBÃã3‚÷3CS“‚Ó#RÓ#ScBÓ ¦¶÷¦Æ÷w6¶•ó##U÷66–VçF–f–5÷&W÷'G2ÆfööE÷v7FU÷—&öÇ—6—5óc2Ã2ÃCƒ"Ã#ãƒ333332Ã#ÃRã#ƒ3332Ã3rÆ&–ö6†"ÃcÃRãÃƒƒBã“ÃSãcÃ3ãS3Cc““ÆfÇ6RÆW†6ÇVFVEög&öÕ÷V&Æ—6†W%öÖVã²–æ6öç6—7FVçE÷&u÷6–væÂÆW‡W&–ÖVçFÅ÷V&Æ—6†W%÷7WÆVÖVçBÃã3‚÷3CS“‚Ó#RÓ#ScBÓ ¦¶÷¦Æ÷w6¶•ó##U÷66–VçF–f–5÷&W÷'G2ÆfööE÷v7FUö‡–G&ö6†%ó#C2ÃÃCƒ"Ã#ãƒ333332Ã#ÃRã#ƒ3332Ã3rÆ‡–G&ö6†"Ã#CÃRãÃ##3bãsÃSãcÃ3“ã#cƒƒ#2ÇG'VRÂÆW‡W&–ÖVçFÅ÷V&Æ—6†W%÷7WÆVÖVçBÃã3‚÷3CS“‚Ó#RÓ#ScBÓ ¦¶÷¦Æ÷w6¶•ó##U÷66–VçF–f–5÷&W÷'G2ÆfööE÷v7FUö‡–G&ö6†%ó#C2Ã"ÃCƒ"Ã#ãƒ333332Ã#ÃRã#ƒ3332Ã3rÆ‡–G&ö6†"Ã#CÃRãÃ###‚ãÃSãcÃ3ƒ‚ãƒ3c3“CRÇG'VRÂÆW‡W&–ÖVçFÅ÷V&Æ—6†W%÷7WÆVÖVçBÃã3‚÷3CS“‚Ó#RÓ#ScBÓ ¦¶÷¦Æ÷w6¶•ó##U÷66–VçF–f–5÷&W÷'G2ÆfööE÷v7FUö‡–G&ö6†%ó#C2Ã2ÃCƒ"Ã#ãƒ333332Ã#ÃRã#ƒ3332Ã3rÆ‡–G&ö6†"Ã#CÃRãÃ##"ãCÃSãcÃ3ƒBãS3c“srÇG'VRÂÆW‡W&–ÖVçFÅ÷V&Æ—6†W%÷7WÆVÖVçBÃã3‚÷3CS“‚Ó#RÓ#ScBÓ ¦¶÷¦Æ÷w6¶•ó##U÷66–VçF–f–5÷&W÷'G2ÆfööE÷v7FRÃÃCƒ2Ã#ã#SÃ#ÃRã3#SÃ3rÆæöæRÂÃãÃ#BãÃSãsÃ33’ãsS“3SÇG'VRÂÆW‡W&–ÖVçFÅ÷V&Æ—6†W%÷7WÆVÖVçBÃã3‚÷3CS“‚Ó#RÓ#ScBÓ ¦¶÷¦Æ÷w6¶•ó##U÷66–VçF–f–5÷&W÷'G2ÆfööE÷v7FRÃ"ÃCƒ2Ã#ã#SÃ#ÃRã3#SÃ3rÆæöæRÂÃãÃ#2ã#ÃSãsÃ3S’ãƒ3ƒƒ33’ÇG'VRÂÆW‡W&–ÖVçFÅ÷V&Æ—6†W%÷7WÆVÖVçBÃã3‚÷3CS“‚Ó#RÓ#ScBÓ ¦¶÷¦Æ÷w6¶•ó##U÷66–VçF–f–5÷&W÷'G2ÆfööE÷v7FRÃ2ÃCƒ2Ã#ã#SÃ#ÃRã3#SÃ3rÆæöæRÂÃãÃ##"ãsÃSãsÃ3cBã#CS##ƒ‚ÇG'VRÂÆW‡W&–ÖVçFÅ÷V&Æ—6†W%÷7WÆVÖVçBÃã3‚÷3CS“‚Ó#RÓ#ScBÓ ¦¶÷¦Æ÷w6¶•ó##U÷66–VçF–f–5÷&W÷'G2ÆfööE÷v7FU÷F÷'&Vf7F–öåó#C2ÃÃCƒ2Ã#ã#SÃ#ÃRã3#SÃ3rÇF÷'&Vf7F–öå÷&öGV7BÃ#CÃRãÃ##“ã#ÃSãsÃC"ã“3c3CÇG'VRÂÆW‡W&–ÖVçFÅ÷V&Æ—6†W%÷7WÆVÖVçBÃã3‚÷3CS“‚Ó#RÓ#ScBÓ ¦¶÷¦Æ÷w6¶•ó##U÷66–VçF–f–5÷&W÷'G2ÆfööE÷v7FU÷F÷'&Vf7F–öåó#C2Ã"ÃCƒ2Ã#ã#SÃ#ÃRã3#SÃ3rÇF÷'&Vf7F–öå÷&öGV7BÃ#CÃRãÃCƒ‚ã“ÃSãsÂÓBã“#Sƒ“C#2ÆfÇ6RÆW†6ÇVFVEög&öÕ÷V&Æ—6†W%öÖVã²–æ6öç6—7FVçE÷&u÷6–væÂÆW‡W&–ÖVçFÅ÷V&Æ—6†W%÷7WÆVÖVçBÃã3‚÷3CS“‚Ó#RÓ#ScBÓ ¦¶÷¦Æ÷w6¶•ó##U÷66–VçF–f–5÷&W÷'G2ÆfööE÷v7FU÷F÷'&Vf7F–öåó#C2Ã2ÃCƒ2Ã#ã#SÃ#ÃRã3#SÃ3rÇF÷'&Vf7F–öå÷&öGV7BÃ#CÃRãÃ##ƒãSÃSãsÃ3“’ã“#ccCBÇG'VRÂÆW‡W&–ÖVçFÅ÷V&Æ—6†W%÷7WÆVÖVçBÃã3‚÷3CS“‚Ó#RÓ#ScBÓ ¦¶÷¦Æ÷w6¶•ó##U÷66–VçF–f–5÷&W÷'G2ÆfööE÷v7FU÷—&öÇ—6—5óc2ÃÃCƒ2Ã#ã#SÃ#ÃRã3#SÃ3rÆ&–ö6†"ÃcÃRãÃ#3‚ã“ÃSãsÃ3crã“SSC“s’ÇG'VRÂÆW‡W&–ÖVçFÅ÷V&Æ—6†W%÷7WÆVÖVçBÃã3‚÷3CS“‚Ó#RÓ#ScBÓ ¦¶÷¦Æ÷w6¶•ó##U÷66–VçF–f–5÷&W÷'G2ÆfööE÷v7FU÷—&öÇ—6—5óc2Ã"ÃCƒ2Ã#ã#SÃ#ÃRã3#SÃ3rÆ&–ö6†"ÃcÃRãÃ#Sã“ÃSãsÃ3sãƒC3“cRÇG'VRÂÆW‡W&–ÖVçFÅ÷V&Æ—6†W%÷7WÆVÖVçBÃã3‚÷3CS“‚Ó#RÓ#ScBÓ ¦¶÷¦Æ÷w6¶•ó##U÷66–VçF–f–5÷&W÷'G2ÆfööE÷v7FU÷—&öÇ—6—5óc2Ã2ÃCƒ2Ã#ã#SÃ#ÃRã3#SÃ3rÆ&–ö6†"ÃcÃRãÃƒƒRã#ÃSãsÃ3ãSs“ƒ“s’ÆfÇ6RÆW†6ÇVFVEög&öÕ÷V&Æ—6†W%öÖVã²–æ6öç6—7FVçE÷&u÷6–væÂÆW‡W&–ÖVçFÅ÷V&Æ—6†W%÷7WÆVÖVçBÃã3‚÷3CS“‚Ó#RÓ#ScBÓ ¦¶÷¦Æ÷w6¶•ó##U÷66–VçF–f–5÷&W÷'G2ÆfööE÷v7FUö‡–G&ö6†%ó#C2ÃÃCƒ2Ã#ã#SÃ#ÃRã3#SÃ3rÆ‡–G&ö6†"Ã#CÃRãÃ##3rãSÃSãsÃ3“ãƒSS3RÇG'VRÂÆW‡W&–ÖVçFÅ÷V&Æ—6†W%÷7WÆVÖVçBÃã3‚÷3CS“‚Ó#RÓ#ScBÓ ¦¶÷¦Æ÷w6¶•ó##U÷66–VçF–f–5÷&W÷'G2ÆfööE÷v7FUö‡–G&ö6†%ó#C2Ã"ÃCƒ2Ã#ã#SÃ#ÃRã3#SÃ3rÆ‡–G&ö6†"Ã#CÃRãÃ###‚ã“ÃSãsÃ3ƒ‚ã#Cƒ3rÇG'VRÂÆW‡W&–ÖVçFÅ÷V&Æ—6†W%÷7WÆVÖVçBÃã3‚÷3CS“‚Ó#RÓ#ScBÓ ¦¶÷¦Æ÷w6¶•ó##U÷66–VçF–f–5÷&W÷'G2ÆfööE÷v7FUö‡–G&ö6†%ó#C2Ã2ÃCƒ2Ã#ã#SÃ#ÃRã3#SÃ3rÆ‡–G&ö6†"Ã#CÃRãÃ##"ãsÃSãsÃ3ƒBãSƒ#ƒ3CbÇG'VRÂÆW‡W&–ÖVçFÅ÷V&Æ—6†W%÷7WÆVÖVçBÃã3‚÷3CS“‚Ó#RÓ#ScBÓ ¦¶÷¦Æ÷w6¶•ó##U÷66–VçF–f–5÷&W÷'G2ÆfööE÷v7FRÃÃCƒBÃ#ãccccccrÃ#ÃRãCccccrÃ3rÆæöæRÂÃãÃ#BãCÃS’ãCccccccrÃ3CãS#CCsBÇG'VRÂÆW‡W&–ÖVçFÅ÷V&Æ—6†W%÷7WÆVÖVçBÃã3‚÷3CS“‚Ó#RÓ#ScBÓ ¦¶÷¦Æ÷w6¶•ó##U÷66–VçF–f–5÷&W÷'G2ÆfööE÷v7FRÃ"ÃCƒBÃ#ãccccccrÃ#ÃRãCccccrÃ3rÆæöæRÂÃãÃ#2ãSÃS’ãCccccccrÃ3cãƒS3#sÇG'VRÂÆW‡W&–ÖVçFÅ÷V&Æ—6†W%÷7WÆVÖVçBÃã3‚÷3CS“‚Ó#RÓ#ScBÓ ¦¶÷¦Æ÷w6¶•ó##U÷66–VçF–f–5÷&W÷'G2ÆfööE÷v7FRÃ2ÃCƒBÃ#ãccccccrÃ#ÃRãCccccrÃ3rÆæöæRÂÃãÃ##2ãÃS’ãCccccccrÃ3cBãS“C“#SÇG'VRÂÆW‡W&–ÖVçFÅ÷V&Æ—6†W%÷7WÆVÖVçBÃã3‚÷3CS“‚Ó#RÓ#ScBÓ ¦¶÷¦Æ÷w6¶•ó##U÷66–VçF–f–5÷&W÷'G2ÆfööE÷v7FU÷F÷'&Vf7F–öåó#C2ÃÃCƒBÃ#ãccccccrÃ#ÃRãCccccrÃ3rÇF÷'&Vf7F–öå÷&öGV7BÃ#CÃRãÃ##“ãÃS’ãCccccccrÃC"ãSS#S##bÇG'VRÂÆW‡W&–ÖVçFÅ÷V&Æ—6†W%÷7WÆVÖVçBÃã3‚÷3CS“‚Ó#RÓ#ScBÓ ¦¶÷¦Æ÷w6¶•ó##U÷66–VçF–f–5÷&W÷'G2ÆfööE÷v7FU÷F÷'&Vf7F–öåó#C2Ã"ÃCƒBÃ#ãccccccrÃ#ÃRãCccccrÃ3rÇF÷'&Vf7F–öå÷&öGV7BÃ#CÃRãÃCƒ’ãsÃS’ãCccccccrÂÓBãCccCCS3‚ÆfÇ6RÆW†6ÇVFVEög&öÕ÷V&Æ—6†W%öÖVã²–æ6öç6—7FVçE÷&u÷6–væÂÆW‡W&–ÖVçFÅ÷V&Æ—6†W%÷7WÆVÖVçBÃã3‚÷3CS“‚Ó#RÓ#ScBÓ ¦¶÷¦Æ÷w6¶•ó##U÷66–VçF–f–5÷&W÷'G2ÆfööE÷v7FU÷F÷'&Vf7F–öåó#C2Ã2ÃCƒBÃ#ãccccccrÃ#ÃRãCccccrÃ3rÇF÷'&Vf7F–öå÷&öGV7BÃ#CÃRãÃ##ƒã“ÃS’ãCccccccrÃCã#s33“ÇG'VRÂÆW‡W&–ÖVçFÅ÷V&Æ—6†W%÷7WÆVÖVçBÃã3‚÷3CS“‚Ó#RÓ#ScBÓ ¦¶÷¦Æ÷w6¶•ó##U÷66–VçF–f–5÷&W÷'G2ÆfööE÷v7FU÷—&öÇ—6—5óc2ÃÃCƒBÃ#ãccccccrÃ#ÃRãCccccrÃ3rÆ&–ö6†"ÃcÃRãÃ#3’ã3ÃS’ãCccccccrÃ3c‚ã#sCcS#bÇG'VRÂÆW‡W&–ÖVçFÅ÷V&Æ—6†W%÷7WÆVÖVçBÃã3‚÷3CS“‚Ó#RÓ#ScBÓ ¦¶÷¦Æ÷w6¶•ó##U÷66–VçF–f–5÷&W÷'G2ÆfööE÷v7FU÷—&öÇ—6—5óc2Ã"ÃCƒBÃ#ãccccccrÃ#ÃRãCccccrÃ3rÆ&–ö6†"ÃcÃRãÃ#S"ã3ÃS’ãCccccccrÃ3sã##sS"ÇG'VRÂÆW‡W&–ÖVçFÅ÷V&Æ—6†W%÷7WÆVÖVçBÃã3‚÷3CS“‚Ó#RÓ#ScBÓ ¦¶÷¦Æ÷w6¶•ó##U÷66–VçF–f–5÷&W÷'G2ÆfööE÷v7FU÷—&öÇ—6—5óc2Ã2ÃCƒBÃ#ãccccccrÃ#ÃRãCccccrÃ3rÆ&–ö6†"ÃcÃRãÃƒƒRãCÃS’ãCccccccrÃ3ã“3scCSrÆfÇ6RÆW†6ÇVFVEög&öÕ÷V&Æ—6†W%öÖVã²–æ6öç6—7FVçE÷&u÷6–væÂÆW‡W&–ÖVçFÅ÷V&Æ—6†W%÷7WÆVÖVçBÃã3‚÷3CS“‚Ó#RÓ#ScBÓ ¦¶÷¦Æ÷w6¶•ó##U÷66–VçF–f–5÷&W÷'G2ÆfööE÷v7FUö‡–G&ö6†%ó#C2ÃÃCƒBÃ#ãccccccrÃ#ÃRãCccccrÃ3rÆ‡–G&ö6†"Ã#CÃRãÃ##3‚ã#ÃS’ãCccccccrÃ3“ãc#“cRÇG'VRÂÆW‡W&–ÖVçFÅ÷V&Æ—6†W%÷7WÆVÖVçBÃã3‚÷3CS“‚Ó#RÓ#ScBÓ ¦¶÷¦Æ÷w6¶•ó##U÷66–VçF–f–5÷&W÷'G2ÆfööE÷v7FUö‡–G&ö6†%ó#C2Ã"ÃCƒBÃ#ãccccccrÃ#ÃRãCccccrÃ3rÆ‡–G&ö6†"Ã#CÃRãÃ###’ãcÃS’ãCccccccrÃ3ƒ‚ãcsƒcc33rÇG'VRÂÆW‡W&–ÖVçFÅ÷V&Æ—6†W%÷7WÆVÖVçBÃã3‚÷3CS“‚Ó#RÓ#ScBÓ ¦¶÷¦Æ÷w6¶•ó##U÷66–VçF–f–5÷&W÷'G2ÆfööE÷v7FUö‡–G&ö6†%ó#C2Ã2ÃCƒBÃ#ãccccccrÃ#ÃRãCccccrÃ3rÆ‡–G&ö6†"Ã#CÃRãÃ##2ãÃS’ãCccccccrÃ3ƒBã“#ssS3’ÇG'VRÂÆW‡W&–ÖVçFÅ÷V&Æ—6†W%÷7WÆVÖVçBÃã3‚÷3CS“‚Ó#RÓ#ScBÓ ¦¶÷¦Æ÷w6¶•ó##U÷66–VçF–f–5÷&W÷'G2ÆfööE÷v7FRÃÃCƒRÃ#ã#ƒ33332Ã#ÃRãS#ƒ332Ã3rÆæöæRÂÃãÃ#BãsÃSã“Ã33’ãs“c3ƒC’ÇG'VRÂÆW‡W&–ÖVçFÅ÷V&Æ—6†W%÷7WÆVÖVçBÃã3‚÷3CS“‚Ó#RÓ#ScBÓ ¦¶÷¦Æ÷w6¶•ó##U÷66–VçF–f–5÷&W÷'G2ÆfööE÷v7FRÃ"ÃCƒRÃ#ã#ƒ33332Ã#ÃRãS#ƒ332Ã3rÆæöæRÂÃãÃ#2ãƒÃSã“Ã3S’ã“#“#cCrÇG'VRÂÆW‡W&–ÖVçFÅ÷V&Æ—6†W%÷7WÆVÖVçBÃã3‚÷3CS“‚Ó#RÓ#ScBÓ ¦¶÷¦Æ÷w6¶•ó##U÷66–VçF–f–5÷&W÷'G2ÆfööE÷v7FRÃ2ÃCƒRÃ#ã#ƒ33332Ã#ÃRãS#ƒ332Ã3rÆæöæRÂÃãÃ##2ãCÃSã“Ã3cBã3Sƒ#ÇG'VRÂÆW‡W&–ÖVçFÅ÷V&Æ—6†W%÷7WÆVÖVçBÃã3‚÷3CS“‚Ó#RÓ#ScBÓ ¦¶÷¦Æ÷w6¶•ó##U÷66–VçF–f–5÷&W÷'G2ÆfööE÷v7FU÷F÷'&Vf7F–öåó#C2ÃÃCƒRÃ#ã#ƒ33332Ã#ÃRãS#ƒ332Ã3rÇF÷'&Vf7F–öå÷&öGV7BÃ#CÃRãÃ##“ãƒÃSã“ÃC"ãC“CS#BÇG'VRÂÆW‡W&–ÖVçFÅ÷V&Æ—6†W%÷7WÆVÖVçBÃã3‚÷3CS“‚Ó#RÓ#ScBÓ ¦¶÷¦Æ÷w6¶•ó##U÷66–VçF–f–5÷&W÷'G2ÆfööE÷v7FU÷F÷'&Vf7F–öåó#C2Ã"ÃCƒRÃ#ã#ƒ33332Ã#ÃRãS#ƒ332Ã3rÇF÷'&Vf7F–öå÷&öGV7BÃ#CÃRãÃC“ãSÃSã“ÂÓBãc“SS#CÆfÇ6RÆW†6ÇVFVEög&öÕ÷V&Æ—6†W%öÖVã²–æ6öç6—7FVçE÷&u÷6–væÂÆW‡W&–ÖVçFÅ÷V&Æ—6†W%÷7WÆVÖVçBÃã3‚÷3CS“‚Ó#RÓ#ScBÓ ¦¶÷¦Æ÷w6¶•ó##U÷66–VçF–f–5÷&W÷'G2ÆfööE÷v7FU÷F÷'&Vf7F–öåó#C2Ã2ÃCƒRÃ#ã#ƒ33332Ã#ÃRãS#ƒ332Ã3rÇF÷'&Vf7F–öå÷&öGV7BÃ#CÃRãÃ##ƒã3ÃSã“ÃCã3cƒCSÇG'VRÂÆW‡W&–ÖVçFÅ÷V&Æ—6†W%÷7WÆVÖVçBÃã3‚÷3CS“‚Ó#RÓ#ScBÓ ¦¶÷¦Æ÷w6¶•ó##U÷66–VçF–f–5÷&W÷'G2ÆfööE÷v7FU÷—&öÇ—6—5óc2ÃÃCƒRÃ#ã#ƒ33332Ã#ÃRãS#ƒ332Ã3rÆ&–ö6†"ÃcÃRãÃ#3’ãsÃSã“Ã3c‚ãC#CƒbÇG'VRÂÆW‡W&–ÖVçFÅ÷V&Æ—6†W%÷7WÆVÖVçBÃã3‚÷3CS“‚Ó#RÓ#ScBÓ ¦¶÷¦Æ÷w6¶•ó##U÷66–VçF–f–5÷&W÷'G2ÆfööE÷v7FU÷—&öÇ—6—5óc2Ã"ÃCƒRÃ#ã#ƒ33332Ã#ÃRãS#ƒ332Ã3rÆ&–ö6†"ÃcÃRãÃ#S"ãƒÃSã“Ã3sãƒSbÇG'VRÂÆW‡W&–ÖVçFÅ÷V&Æ—6†W%÷7WÆVÖVçBÃã3‚÷3CS“‚Ó#RÓ#ScBÓ ¦¶÷¦Æ÷w6¶•ó##U÷66–VçF–f–5÷&W÷'G2ÆfööE÷v7FU÷—&öÇ—6—5óc2Ã2ÃCƒRÃ#ã#ƒ33332Ã#ÃRãS#ƒ332Ã3rÆ&–ö6†"ÃcÃRãÃƒƒRãsÃSã“Ã3ãcCscsƒ3"ÆfÇ6RÆW†6ÇVFVEög&öÕ÷V&Æ—6†W%öÖVã²–æ6öç6—7FVçE÷&u÷6–væÂÆW‡W&–ÖVçFÅ÷V&Æ—6†W%÷7WÆVÖVçBÃã3‚÷3CS“‚Ó#RÓ#ScBÓ ¦¶÷¦Æ÷w6¶•ó##U÷66–VçF–f–5÷&W÷'G2ÆfööE÷v7FUö‡–G&ö6†%ó#C2ÃÃCƒRÃ#ã#ƒ33332Ã#ÃRãS#ƒ332Ã3rÆ‡–G&ö6†"Ã#CÃRãÃ##3‚ã“ÃSã“Ã3“ãCSc#3’ÇG'VRÂÆW‡W&–ÖVçFÅ÷V&Æ—6†W%÷7WÆVÖVçBÃã3‚÷3CS“‚Ó#RÓ#ScBÓ ¦¶÷¦Æ÷w6¶•ó##U÷66–VçF–f–5÷&W÷'G2ÆfööE÷v7FUö‡–G&ö6†%ó#C2Ã"ÃCƒRÃ#ã#ƒ33332Ã#ÃRãS#ƒ332Ã3rÆ‡–G&ö6†"Ã#CÃRãÃ##3ã3ÃSã“Ã3ƒ‚ãS#“cSÇG'VRÂÆW‡W&–ÖVçFÅ÷V&Æ—6†W%÷7WÆVÖVçBÃã3‚÷3CS“‚Ó#RÓ#ScBÓ ¦¶÷¦Æ÷w6¶•ó##U÷66–VçF–f–5÷&W÷'G2ÆfööE÷v7FUö‡–G&ö6†%ó#C2Ã2ÃCƒRÃ#ã#ƒ33332Ã#ÃRãS#ƒ332Ã3rÆ‡–G&ö6†"Ã#CÃRãÃ##2ãCÃSã“Ã3ƒBãc“C#c#c’ÇG'VRÂÆW‡W&–ÖVçFÅ÷V&Æ—6†W%÷7WÆVÖVçBÃã3‚÷3CS“‚Ó#RÓ#ScBÓ ¦¶÷¦Æ÷w6¶•ó##U÷66–VçF–f–5÷&W÷'G2ÆfööE÷v7FRÃÃCƒbÃ#ã#SÃ#ÃRãc#SÃ3rÆæöæRÂÃãÃ#RãÃSãÃ33’ãƒCS‚ÇG'VRÂÆW‡W&–ÖVçFÅ÷V&Æ—6†W%÷7WÆVÖVçBÃã3‚÷3CS“‚Ó#RÓ#ScBÓ ¦¶÷¦Æ÷w6¶•ó##U÷66–VçF–f–5÷&W÷'G2ÆfööE÷v7FRÃ"ÃCƒbÃ#ã#SÃ#ÃRãc#SÃ3rÆæöæRÂÃãÃ#BãÃSãÃ3S’ã“sCCƒbÇG'VRÂÆW‡W&–ÖVçFÅ÷V&Æ—6†W%÷7WÆVÖVçBÃã3‚÷3CS“‚Ó#RÓ#ScBÓ ¦¶÷¦Æ÷w6¶•ó##U÷66–VçF–f–5÷&W÷'G2ÆfööE÷v7FRÃ2ÃCƒbÃ#ã#SÃ#ÃRãc#SÃ3rÆæöæRÂÃãÃ##2ãsÃSãÃ3cBãC3“3ƒÇG'VRÂÆW‡W&–ÖVçFÅ÷V&Æ—6†W%÷7WÆVÖVçBÃã3‚÷3CS“‚Ó#RÓ#ScBÓ ¦¶÷¦Æ÷w6¶•ó##U÷66–VçF–f–5÷&W÷'G2ÆfööE÷v7FU÷F÷'&Vf7F–öåó#C2ÃÃCƒbÃ#ã#SÃ#ÃRãc#SÃ3rÇF÷'&Vf7F–öå÷&öGV7BÃ#CÃRãÃ##“"ãsÃSãÃC"ãS“s#ÇG'VRÂÆW‡W&–ÖVçFÅ÷V&Æ—6†W%÷7WÆVÖVçBÃã3‚÷3CS“‚Ó#RÓ#ScBÓ ¦¶÷¦Æ÷w6¶•ó##U÷66–VçF–f–5÷&W÷'G2ÆfööE÷v7FU÷F÷'&Vf7F–öåó#C2Ã"ÃCƒbÃ#ã#SÃ#ÃRãc#SÃ3rÇF÷'&Vf7F–öå÷&öGV7BÃ#CÃRãÃC“ã3ÃSãÂÓBãCS3ƒC‚ÆfÇ6RÆW†6ÇVFVEög&öÕ÷V&Æ—6†W%öÖVã²–æ6öç6—7FVçE÷&u÷6–væÂÆW‡W&–ÖVçFÅ÷V&Æ—6†W%÷7WÆVÖVçBÃã3‚÷3CS“‚Ó#RÓ#ScBÓ ¦¶÷¦Æ÷w6¶•ó##U÷66–VçF–f–5÷&W÷'G2ÆfööE÷v7FU÷F÷'&Vf7F–öåó#C2Ã2ÃCƒbÃ#ã#SÃ#ÃRãc#SÃ3rÇF÷'&Vf7F–öå÷&öGV7BÃ#CÃRãÃ##ƒãsÃSãÃCãCc#“BÇG'VRÂÆW‡W&–ÖVçFÅ÷V&Æ—6†W%÷7WÆVÖVçBÃã3‚÷3CS“‚Ó#RÓ#ScBÓ ¦¶÷¦Æ÷w6¶•ó##U÷66–VçF–f–5÷&W÷'G2ÆfööE÷v7FU÷—&öÇ—6—5óc2ÃÃCƒbÃ#ã#SÃ#ÃRãc#SÃ3rÆ&–ö6†"ÃcÃRãÃ#CãÃSãÃ3c‚ãƒc3cSRÇG'VRÂÆW‡W&–ÖVçFÅ÷V&Æ—6†W%÷7WÆVÖVçBÃã3‚÷3CS“‚Ó#RÓ#ScBÓ ¦¶÷¦Æ÷w6¶•ó##U÷66–VçF–f–5÷&W÷'G2ÆfööE÷v7FU÷—&öÇ—6—5óc2Ã"ÃCƒbÃ#ã#SÃ#ÃRãc#SÃ3rÆ&–ö6†"ÃcÃRãÃ#S2ã#ÃSãÃ3sãcƒ“cƒÇG'VRÂÆW‡W&–ÖVçFÅ÷V&Æ—6†W%÷7WÆVÖVçBÃã3‚÷3CS“‚Ó#RÓ#ScBÓ ¦¶÷¦Æ÷w6¶•ó##U÷66–VçF–f–5÷&W÷'G2ÆfööE÷v7FU÷—&öÇ—6—5óc2Ã2ÃCƒbÃ#ã#SÃ#ÃRãc#SÃ3rÆ&–ö6†"ÃcÃRãÃƒƒbãÃSãÃ3ãc“#ƒsÆfÇ6RÆW†6ÇVFVEög&öÕ÷V&Æ—6†W%öÖVã²–æ6öç6—7FVçE÷&u÷6–væÂÆW‡W&–ÖVçFÅ÷V&Æ—6†W%÷7WÆVÖVçBÃã3‚÷3CS“‚Ó#RÓ#ScBÓ ¦¶÷¦Æ÷w6¶•ó##U÷66–VçF–f–5÷&W÷'G2ÆfööE÷v7FUö‡–G&ö6†%ó#C2ÃÃCƒbÃ#ã#SÃ#ÃRãc#SÃ3rÆ‡–G&ö6†"Ã#CÃRãÃ##3’ãsÃSãÃ3“ãcC3sCÇG'VRÂÆW‡W&–ÖVçFÅ÷V&Æ—6†W%÷7WÆVÖVçBÃã3‚÷3CS“‚Ó#RÓ#ScBÓ ¦¶÷¦Æ÷w6¶•ó##U÷66–VçF–f–5÷&W÷'G2ÆfööE÷v7FUö‡–G&ö6†%ó#C2Ã"ÃCƒbÃ#ã#SÃ#ÃRãc#SÃ3rÆ‡–G&ö6†"Ã#CÃRãÃ##3ãÃSãÃ3ƒ‚ãcs3C2ÇG'VRÂÆW‡W&–ÖVçFÅ÷V&Æ—6†W%÷7WÆVÖVçBÃã3‚÷3CS“‚Ó#RÓ#ScBÓ ¦¶÷¦Æ÷w6¶•ó##U÷66–VçF–f–5÷&W÷'G2ÆfööE÷v7FUö‡–G&ö6†%ó#C2Ã2ÃCƒbÃ#ã#SÃ#ÃRãc#SÃ3rÆ‡–G&ö6†"Ã#CÃRãÃ##2ãsÃSãÃ3ƒBãs3“CSC3‚ÇG'VRÂÆW‡W&–ÖVçFÅ÷V&Æ—6†W%÷7WÆVÖVçBÃã3‚÷3CS“‚Ó#RÓ#ScBÓ ¦¶÷¦Æ÷w6¶•ó##U÷66–VçF–f–5÷&W÷'G2ÆfööE÷v7FRÃÃCƒrÃ#ã#“ccccrÃ#ÃRãs#“ccrÃ3rÆæöæRÂÃãÃ#Rã3ÃSãÃ33’ãƒƒcsƒrÇG'VRÂÆW‡W&–ÖVçFÅ÷V&Æ—6†W%÷7WÆVÖVçBÃã3‚÷3CS“‚Ó#RÓ#ScBÓ ¦¶÷¦Æ÷w6¶•ó##U÷66–VçF–f–5÷&W÷'G2ÆfööE÷v7FRÃ"ÃCƒrÃ#ã#“ccccrÃ#ÃRãs#“ccrÃ3rÆæöæRÂÃãÃ#BãCÃSãÃ3cã“S““ƒRÇG'VRÂÆW‡W&–ÖVçFÅ÷V&Æ—6†W%÷7WÆVÖVçBÃã3‚÷3CS“‚Ó#RÓ#ScBÓ ¦¶÷¦Æ÷w6¶•ó##U÷66–VçF–f–5÷&W÷'G2ÆfööE÷v7FRÃ2ÃCƒrÃ#ã#“ccccrÃ#ÃRãs#“ccrÃ3rÆæöæRÂÃãÃ##BãÃSãÃ3cBãCCƒ3ƒSC’ÇG'VRÂÆW‡W&–ÖVçFÅ÷V&Æ—6†W%÷7WÆVÖVçBÃã3‚÷3CS“‚Ó#RÓ#ScBÓ ¦¶÷¦Æ÷w6¶•ó##U÷66–VçF–f–5÷&W÷'G2ÆfööE÷v7FU÷F÷'&Vf7F–öåó#C2ÃÃCƒrÃ#ã#“ccccrÃ#ÃRãs#“ccrÃ3rÇF÷'&Vf7F–öå÷&öGV7BÃ#CÃRãÃ##“2ãSÃSãÃC"ãsCƒ3C#“"ÇG'VRÂÆW‡W&–ÖVçFÅ÷V&Æ—6†W%÷7WÆVÖVçBÃã3‚÷3CS“‚Ó#RÓ#ScBÓ ¦¶÷¦Æ÷w6¶•ó##U÷66–VçF–f–5÷&W÷'G2ÆfööE÷v7FU÷F÷'&Vf7F–öåó#C2Ã"ÃCƒrÃ#ã#“ccccrÃ#ÃRãs#“ccrÃ3rÇF÷'&Vf7F–öå÷&öGV7BÃ#CÃRãÃC“"ãÃSãÂÓBã#“3#SrÆfÇ6RÆW†6ÇVFVEög&öÕ÷V&Æ—6†W%öÖVã²–æ6öç6—7FVçE÷&u÷6–væÂÆW‡W&–ÖVçFÅ÷V&Æ—6†W%÷7WÆVÖVçBÃã3‚÷3CS“‚Ó#RÓ#ScBÓ ¦¶÷¦Æ÷w6¶•ó##U÷66–VçF–f–5÷&W÷'G2ÆfööE÷v7FU÷F÷'&Vf7F–öåó#C2Ã2ÃCƒrÃ#ã#“ccccrÃ#ÃRãs#“ccrÃ3rÇF÷'&Vf7F–öå÷&öGV7BÃ#CÃRãÃ##ƒ"ãÃSãÃCãs#CcS‚ÇG'VRÂÆW‡W&–ÖVçFÅ÷V&Æ—6†W%÷7WÆVÖVçBÃã3‚÷3CS“‚Ó#RÓ#ScBÓ ¦¶÷¦Æ÷w6¶•ó##U÷66–VçF–f–5÷&W÷'G2ÆfööE÷v7FU÷—&öÇ—6—5óc2ÃÃCƒrÃ#ã#“ccccrÃ#ÃRãs#“ccrÃ3rÆ&–ö6†"ÃcÃRãÃ#CãCÃSãÃ3c‚ãSCC‚ÇG'VRÂÆW‡W&–ÖVçFÅ÷V&Æ—6†W%÷7WÆVÖVçBÃã3‚÷3CS“‚Ó#RÓ#ScBÓ ¦¶÷¦Æ÷w6¶•ó##U÷66–VçF–f–5÷&W÷'G2ÆfööE÷v7FU÷—&öÇ—6—5óc2Ã"ÃCƒrÃ#ã#“ccccrÃ#ÃRãs#“ccrÃ3rÆ&–ö6†"ÃcÃRãÃ#S2ãcÃSãÃ3sã3csSSc2ÇG'VRÂÆW‡W&–ÖVçFÅ÷V&Æ—6†W%÷7WÆVÖVçBÃã3‚÷3CS“‚Ó#RÓ#ScBÓ ¦¶÷¦Æ÷w6¶•ó##U÷66–VçF–f–5÷&W÷'G2ÆfööE÷v7FU÷—&öÇ—6—5óc2Ã2ÃCƒrÃ#ã#“ccccrÃ#ÃRãs#“ccrÃ3rÆ&–ö6†"ÃcÃRãÃƒƒbã#ÃSãÃ3ãsSCcSƒbÆfÇ6RÆW†6ÇVFVEög&öÕ÷V&Æ—6†W%öÖVã²–æ6öç6—7FVçE÷&u÷6–væÂÆW‡W&–ÖVçFÅ÷V&Æ—6†W%÷7WÆVÖVçBÃã3‚÷3CS“‚Ó#RÓ#ScBÓ ¦¶÷¦Æ÷w6¶•ó##U÷66–VçF–f–5÷&W÷'G2ÆfööE÷v7FUö‡–G&ö6†%ó#C2ÃÃCƒrÃ#ã#“ccccrÃ#ÃRãs#“ccrÃ3rÆ‡–G&ö6†"Ã#CÃRãÃ##CãCÃSãÃ3“ãsC““C“rÇG'VRÂÆW‡W&–ÖVçFÅ÷V&Æ—6†W%÷7WÆVÖVçBÃã3‚÷3CS“‚Ó#RÓ#ScBÓ ¦¶÷¦Æ÷w6¶•ó##U÷66–VçF–f–5÷&W÷'G2ÆfööE÷v7FUö‡–G&ö6†%ó#C2Ã"ÃCƒrÃ#ã#“ccccrÃ#ÃRãs#“ccrÃ3rÆ‡–G&ö6†"Ã#CÃRãÃ##3ãƒÃSãÃ3ƒ‚ãƒcscSÇG'VRÂÆW‡W&–ÖVçFÅ÷V&Æ—6†W%÷7WÆVÖVçBÃã3‚÷3CS“‚Ó#RÓ#ScBÓ ¦¶÷¦Æ÷w6¶•ó##U÷66–VçF–f–5÷&W÷'G2ÆfööE÷v7FUö‡–G&ö6†%ó#C2Ã2ÃCƒrÃ#ã#“ccccrÃ#ÃRãs#“ccrÃ3rÆ‡–G&ö6†"Ã#CÃRãÃ##BãÃSãÃ3ƒBãsƒCcCcrÇG'VRÂÆW‡W&–ÖVçFÅ÷V&Æ—6†W%÷7WÆVÖVçBÃã3‚÷3CS“‚Ó#RÓ#ScBÓ ¦¶÷¦Æ÷w6¶•ó##U÷66–VçF–f–5÷&W÷'G2ÆfööE÷v7FRÃÃCƒ‚Ã#ã33333332Ã#ÃRãƒ333332Ã3rÆæöæRÂÃãÃ#RãcÃSã#Ã33’ã“3ƒ“3SbÇG'VRÂÆW‡W&–ÖVçFÅ÷V&Æ—6†W%÷7WÆVÖVçBÃã3‚÷3CS“‚Ó#RÓ#ScBÓ ¦¶÷¦Æ÷w6¶•ó##U÷66–VçF–f–5÷&W÷'G2ÆfööE÷v7FRÃ"ÃCƒ‚Ã#ã33333332Ã#ÃRãƒ333332Ã3rÆæöæRÂÃãÃ#BãsÃSã#Ã3cãcCs“SBÇG'VRÂÆW‡W&–ÖVçFÅ÷V&Æ—6†W%÷7WÆVÖVçBÃã3‚÷3CS“‚Ó#RÓ#ScBÓ ¦¶÷¦Æ÷w6¶•ó##U÷66–VçF–f–5÷&W÷'G2ÆfööE÷v7FRÃ2ÃCƒ‚Ã#ã33333332Ã#ÃRãƒ333332Ã3rÆæöæRÂÃãÃ##BãCÃSã#Ã3cBãScs3"ÇG'VRÂÆW‡W&–ÖVçFÅ÷V&Æ—6†W%÷7WÆVÖVçBÃã3‚÷3CS“‚Ó#RÓ#ScBÓ ¦¶÷¦Æ÷w6¶•ó##U÷66–VçF–f–5÷&W÷'G2ÆfööE÷v7FU÷F÷'&Vf7F–öåó#C2ÃÃCƒ‚Ã#ã33333332Ã#ÃRãƒ333332Ã3rÇF÷'&Vf7F–öå÷&öGV7BÃ#CÃRãÃ##“Bã3ÃSã#ÃC"ã“cS3ƒ2ÇG'VRÂÆW‡W&–ÖVçFÅ÷V&Æ—6†W%÷7WÆVÖVçBÃã3‚÷3CS“‚Ó#RÓ#ScBÓ ¦¶÷¦Æ÷w6¶•ó##U÷66–VçF–f–5÷&W÷'G2ÆfööE÷v7FU÷F÷'&Vf7F–öåó#C2Ã"ÃCƒ‚Ã#ã33333332Ã#ÃRãƒ333332Ã3rÇF÷'&Vf7F–öå÷&öGV7BÃ#CÃRãÃC“"ã“ÃSã#ÂÓBã3S3“cRÆfÇ6RÆW†6ÇVFVEög&öÕ÷V&Æ—6†W%öÖVã²–æ6öç6—7FVçE÷&u÷6–væÂÆW‡W&–ÖVçFÅ÷V&Æ—6†W%÷7WÆVÖVçBÃã3‚÷3CS“‚Ó#RÓ#ScBÓ ¦¶÷¦Æ÷w6¶•ó##U÷66–VçF–f–5÷&W÷'G2ÆfööE÷v7FU÷F÷'&Vf7F–öåó#C2Ã2ÃCƒ‚Ã#ã33333332Ã#ÃRãƒ333332Ã3rÇF÷'&Vf7F–öå÷&öGV7BÃ#CÃRãÃ##ƒ"ãSÃSã#ÃCã#C#CÇG'VRÂÆW‡W&–ÖVçFÅ÷V&Æ—6†W%÷7WÆVÖVçBÃã3‚÷3CS“‚Ó#RÓ#ScBÓ ¦¶÷¦Æ÷w6¶•ó##U÷66–VçF–f–5÷&W÷'G2ÆfööE÷v7FU÷—&öÇ—6—5óc2ÃÃCƒ‚Ã#ã33333332Ã#ÃRãƒ333332Ã3rÆ&–ö6†"ÃcÃRãÃ#CãƒÃSã#Ã3c‚ã##ƒ“c"ÇG'VRÂÆW‡W&–ÖVçFÅ÷V&Æ—6†W%÷7WÆVÖVçBÃã3‚÷3CS“‚Ó#RÓ#ScBÓ ¦¶÷¦Æ÷w6¶•ó##U÷66–VçF–f–5÷&W÷'G2ÆfööE÷v7FU÷—&öÇ—6—5óc2Ã"ÃCƒ‚Ã#ã33333332Ã#ÃRãƒ333332Ã3rÆ&–ö6†"ÃcÃRãÃ#SBãÃSã#Ã3sã##s3“"ÇG'VRÂÆW‡W&–ÖVçFÅ÷V&Æ—6†W%÷7WÆVÖVçBÃã3‚÷3CS“‚Ó#RÓ#ScBÓ ¦¶÷¦Æ÷w6¶•ó##U÷66–VçF–f–5÷&W÷'G2ÆfööE÷v7FU÷—&öÇ—6—5óc2Ã2ÃCƒ‚Ã#ã33333332Ã#ÃRãƒ333332Ã3rÆ&–ö6†"ÃcÃRãÃƒƒbãSÃSã#Ã3ãsccSsSRÆfÇ6RÆW†6ÇVFVEög&öÕ÷V&Æ—6†W%öÖVã²–æ6öç6—7FVçE÷&u÷6–væÂÆW‡W&–ÖVçFÅ÷V&Æ—6†W%÷7WÆVÖVçBÃã3‚÷3CS“‚Ó#RÓ#ScBÓ ¦¶÷¦Æ÷w6¶•ó##U÷66–VçF–f–5÷&W÷'G2ÆfööE÷v7FUö‡–G&ö6†%ó#C2ÃÃCƒ‚Ã#ã33333332Ã#ÃRãƒ333332Ã3rÆ‡–G&ö6†"Ã#CÃRãÃ##CãÃSã#Ã3“ãƒƒSS#C#RÇG'VRÂÆW‡W&–ÖVçFÅ÷V&Æ—6†W%÷7WÆVÖVçBÃã3‚÷3CS“‚Ó#RÓ#ScBÓ ¦¶÷¦Æ÷w6¶•ó##U÷66–VçF–f–5÷&W÷'G2ÆfööE÷v7FUö‡–G&ö6†%ó#C2Ã"ÃCƒ‚Ã#ã33333332Ã#ÃRãƒ333332Ã3rÆ‡–G&ö6†"Ã#CÃRãÃ##3"ãSÃSã#Ã3ƒ‚ã“C##ƒSrÇG'VRÂÆW‡W&–ÖVçFÅ÷V&Æ—6†W%÷7WÆVÖVçBÃã3‚÷3CS“‚Ó#RÓ#ScBÓ ¦¶÷¦Æ÷w6¶•ó##U÷66–VçF–f–5÷&W÷'G2ÆfööE÷v7FUö‡–G&ö6†%ó#C2Ã2ÃCƒ‚Ã#ã33333332Ã#ÃRãƒ333332Ã3rÆ‡–G&ö6†"Ã#CÃRãÃ##BãCÃSã#Ã3ƒBãƒS#C33cÇG'VRÂÆW‡W&–ÖVçFÅ÷V&Æ—6†W%÷7WÆVÖVçBÃã3‚÷3CS“‚Ó#RÓ#ScBÓ ¦¶÷¦Æ÷w6¶•ó##U÷66–VçF–f–5÷&W÷'G2ÆfööE÷v7FRÃÃCƒ’Ã#ã3sSÃ#ÃRã“3sSÃ3rÆæöæRÂÃãÃ#Rã“ÃSã3Ã33’ã“ssƒS#RÇG'VRÂÆW‡W&–ÖVçFÅ÷V&Æ—6†W%÷7WÆVÖVçBÃã3‚÷3CS“‚Ó#RÓ#ScBÓ ¦¶÷¦Æ÷w6¶•ó##U÷66–VçF–f–5÷&W÷'G2ÆfööE÷v7FRÃ"ÃCƒ’Ã#ã3sSÃ#ÃRã“3sSÃ3rÆæöæRÂÃãÃ#RãÃSã3Ã3cã““ƒ3#2ÇG'VRÂÆW‡W&–ÖVçFÅ÷V&Æ—6†W%÷7WÆVÖVçBÃã3‚÷3CS“‚Ó#RÓ#ScBÓ ¦¶÷¦Æ÷w6¶•ó##U÷66–VçF–f–5÷&W÷'G2ÆfööE÷v7FRÃ2ÃCƒ’Ã#ã3sSÃ#ÃRã“3sSÃ3rÆæöæRÂÃãÃ##BãsÃSã3Ã3cBãSc3cCsÇG'VRÂÆW‡W&–ÖVçFÅ÷V&Æ—6†W%÷7WÆVÖVçBÃã3‚÷3CS“‚Ó#RÓ#ScBÓ ¦¶÷¦Æ÷w6¶•ó##U÷66–VçF–f–5÷&W÷'G2ÆfööE÷v7FU÷F÷'&Vf7F–öåó#C2ÃÃCƒ’Ã#ã3sSÃ#ÃRã“3sSÃ3rÇF÷'&Vf7F–öå÷&öGV7BÃ#CÃRãÃ##“Rã#ÃSã3ÃC2ãƒs#ƒS’ÇG'VRÂÆW‡W&–ÖVçFÅ÷V&Æ—6†W%÷7WÆVÖVçBÃã3‚÷3CS“‚Ó#RÓ#ScBÓ ¦¶÷¦Æ÷w6¶•ó##U÷66–VçF–f–5÷&W÷'G2ÆfööE÷v7FU÷F÷'&Vf7F–öåó#C2Ã"ÃCƒ’Ã#ã3sSÃ#ÃRã“3sSÃ3rÇF÷'&Vf7F–öå÷&öGV7BÃ#CÃRãÃC“2ãsÃSã3ÂÓ2ã“scƒcƒsBÆfÇ6RÆW†6ÇVFVEög&öÕ÷V&Æ—6†W%öÖVã²–æ6öç6—7FVçE÷&u÷6–væÂÆW‡W&–ÖVçFÅ÷V&Æ—6†W%÷7WÆVÖVçBÃã3‚÷3CS“‚Ó#RÓ#ScBÓ ¦¶÷¦Æ÷w6¶•ó##U÷66–VçF–f–5÷&W÷'G2ÆfööE÷v7FU÷F÷'&Vf7F–öåó#C2Ã2ÃCƒ’Ã#ã3sSÃ#ÃRã“3sSÃ3rÇF÷'&Vf7F–öå÷&öGV7BÃ#CÃRãÃ##ƒ"ã“ÃSã3ÃCã3s““cRÇG'VRÂÆW‡W&–ÖVçFÅ÷V&Æ—6†W%÷7WÆVÖVçBÃã3‚÷3CS“‚Ó#RÓ#ScBÓ ¦¶÷¦Æ÷w6¶•ó##U÷66–VçF–f–5÷&W÷'G2ÆfööE÷v7FU÷—&öÇ—6—5óc2ÃÃCƒ’Ã#ã3sSÃ#ÃRã“3sSÃ3rÆ&–ö6†"ÃcÃRãÃ#CãÃSã3Ã3c‚ã#csƒ33ÇG'VRÂÆW‡W&–ÖVçFÅ÷V&Æ—6†W%÷7WÆVÖVçBÃã3‚÷3CS“‚Ó#RÓ#ScBÓ ¦¶÷¦Æ÷w6¶•ó##U÷66–VçF–f–5÷&W÷'G2ÆfööE÷v7FU÷—&öÇ—6—5óc2Ã"ÃCƒ’Ã#ã3sSÃ#ÃRã“3sSÃ3rÆ&–ö6†"ÃcÃRãÃ#SBãSÃSã3Ã3sã#“C“#cSRÇG'VRÂÆW‡W&–ÖVçFÅ÷V&Æ—6†W%÷7WÆVÖVçBÃã3‚÷3CS“‚Ó#RÓ#ScBÓ ¦¶÷¦Æ÷w6¶•ó##U÷66–VçF–f–5÷&W÷'G2ÆfööE÷v7FU÷—&öÇ—6—5óc2Ã2ÃCƒ’Ã#ã3sSÃ#ÃRã“3sSÃ3rÆ&–ö6†"ÃcÃRãÃƒƒbãƒÃSã3Ã3ãƒSƒC“#BÆfÇ6RÆW†6ÇVFVEög&öÕ÷V&Æ—6†W%öÖVã²–æ6öç6—7FVçE÷&u÷6–væÂÆW‡W&–ÖVçFÅ÷V&Æ—6†W%÷7WÆVÖVçBÃã3‚÷3CS“‚Ó#RÓ#ScBÓ ¦¶÷¦Æ÷w6¶•ó##U÷66–VçF–f–5÷&W÷'G2ÆfööE÷v7FUö‡–G&ö6†%ó#C2ÃÃCƒ’Ã#ã3sSÃ#ÃRã“3sSÃ3rÆ‡–G&ö6†"Ã#CÃRãÃ##Cã“ÃSã3Ã3“ãC3c“SbÇG'VRÂÆW‡W&–ÖVçFÅ÷V&Æ—6†W%÷7WÆVÖVçBÃã3‚÷3CS“‚Ó#RÓ#ScBÓ ¦¶÷¦Æ÷w6¶•ó##U÷66–VçF–f–5÷&W÷'G2ÆfööE÷v7FUö‡–G&ö6†%ó#C2Ã"ÃCƒ’Ã#ã3sSÃ#ÃRã“3sSÃ3rÆ‡–G&ö6†"Ã#CÃRãÃ##32ã3ÃSã3Ã3ƒ’ãCS#C‚ÇG'VRÂÆW‡W&–ÖVçFÅ÷V&Æ—6†W%÷7WÆVÖVçBÃã3‚÷3CS“‚Ó#RÓ#ScBÓ ¦¶÷¦Æ÷w6¶•ó##U÷66–VçF–f–5÷&W÷'G2ÆfööE÷v7FUö‡–G&ö6†%ó#C2Ã2ÃCƒ’Ã#ã3sSÃ#ÃRã“3sSÃ3rÆ‡–G&ö6†"Ã#CÃRãÃ##BãsÃSã3Ã3ƒBãƒ“sc#S3ÇG'VRÂÆW‡W&–ÖVçFÅ÷V&Æ—6†W%÷7WÆVÖVçBÃã3‚÷3CS“‚Ó#RÓ#ScBÓ ¦¶÷¦Æ÷w6¶•ó##U÷66–VçF–f–5÷&W÷'G2ÆfööE÷v7FRÃÃC“Ã#ãCcccccrÃ#ÃRãCcccrÃ3rÆæöæRÂÃãÃ#bã#ÃSãCÃ3Cã###sc“BÇG'VRÂÆW‡W&–ÖVçFÅ÷V&Æ—6†W%÷7WÆVÖVçBÃã3‚÷3CS“‚Ó#RÓ#ScBÓ ¦¶÷¦Æ÷w6¶•ó##U÷66–VçF–f–5÷&W÷'G2ÆfööE÷v7FRÃ"ÃC“Ã#ãCcccccrÃ#ÃRãCcccrÃ3rÆæöæRÂÃãÃ#Rã3ÃSãCÃ3cãSSsC“"ÇG'VRÂÆW‡W&–ÖVçFÅ÷V&Æ—6†W%÷7WÆVÖVçBÃã3‚÷3CS“‚Ó#RÓ#ScBÓ ¦¶÷¦Æ÷w6¶•ó##U÷66–VçF–f–5÷&W÷'G2ÆfööE÷v7FRÃ2ÃC“Ã#ãCcccccrÃ#ÃRãCcccrÃ3rÆæöæRÂÃãÃ##RãÃSãCÃ3cBãccSScCÇG'VRÂÆW‡W&–ÖVçFÅ÷V&Æ—6†W%÷7WÆVÖVçBÃã3‚÷3CS“‚Ó#RÓ#ScBÓ ¦¶÷¦Æ÷w6¶•ó##U÷66–VçF–f–5÷&W÷'G2ÆfööE÷v7FU÷F÷'&Vf7F–öåó#C2ÃÃC“Ã#ãCcccccrÃ#ÃRãCcccrÃ3rÇF÷'&Vf7F–öå÷&öGV7BÃ#CÃRãÃ##“bãÃSãCÃC2ã#CSCSSÇG'VRÂÆW‡W&–ÖVçFÅ÷V&Æ—6†W%÷7WÆVÖVçBÃã3‚÷3CS“‚Ó#RÓ#ScBÓ ¦¶÷¦Æ÷w6¶•ó##U÷66–VçF–f–5÷&W÷'G2ÆfööE÷v7FU÷F÷'&Vf7F–öåó#C2Ã"ÃC“Ã#ãCcccccrÃ#ÃRãCcccrÃ3rÇF÷'&Vf7F–öå÷&öGV7BÃ#CÃRãÃC“BãSÃSãCÂÓ2ãƒƒc“sƒ"ÆfÇ6RÆW†6ÇVFVEög&öÕ÷V&Æ—6†W%öÖVã²–æ6öç6—7FVçE÷&u÷6–væÂÆW‡W&–ÖVçFÅ÷V&Æ—6†W%÷7WÆVÖVçBÃã3‚÷3CS“‚Ó#RÓ#ScBÓ ¦¶÷¦Æ÷w6¶•ó##U÷66–VçF–f–5÷&W÷'G2ÆfööE÷v7FU÷F÷'&Vf7F–öåó#C2Ã2ÃC“Ã#ãCcccccrÃ#ÃRãCcccrÃ3rÇF÷'&Vf7F–öå÷&öGV7BÃ#CÃRãÃ##ƒ2ã3ÃSãCÃCã3sSss“‚ÇG'VRÂÆW‡W&–ÖVçFÅ÷V&Æ—6†W%÷7WÆVÖVçBÃã3‚÷3CS“‚Ó#RÓ#ScBÓ ¦¶÷¦Æ÷w6¶•ó##U÷66–VçF–f–5÷&W÷'G2ÆfööE÷v7FU÷—&öÇ—6—5óc2ÃÃC“Ã#ãCcccccrÃ#ÃRãCcccrÃ3rÆ&–ö6†"ÃcÃRãÃ#CãSÃSãCÃ3c‚ã33CƒsƒBÇG'VRÂÆW‡W&–ÖVçFÅ÷V&Æ—6†W%÷7WÆVÖVçBÃã3‚÷3CS“‚Ó#RÓ#ScBÓ ¦¶÷¦Æ÷w6¶•ó##U÷66–VçF–f–5÷&W÷'G2ÆfööE÷v7FU÷—&öÇ—6—5óc2Ã"ÃC“Ã#ãCcccccrÃ#ÃRãCcccrÃ3rÆ&–ö6†"ÃcÃRãÃ#SBã“ÃSãCÃ3sã3c#sC’ÇG'VRÂÆW‡W&–ÖVçFÅ÷V&Æ—6†W%÷7WÆVÖVçBÃã3‚÷3CS“‚Ó#RÓ#ScBÓ ¦¶÷¦Æ÷w6¶•ó##U÷66–VçF–f–5÷&W÷'G2ÆfööE÷v7FU÷—&öÇ—6—5óc2Ã2ÃC“Ã#ãCcccccrÃ#ÃRãCcccrÃ3rÆ&–ö6†"ÃcÃRãÃƒƒrãÃSãCÃ3ãƒ#ƒCCS‚ÆfÇ6RÆW†6ÇVFVEög&öÕ÷V&Æ—6†W%öÖVã²–æ6öç6—7FVçE÷&u÷6–væÂÆW‡W&–ÖVçFÅ÷V&Æ—6†W%÷7WÆVÖVçBÃã3‚÷3CS“‚Ó#RÓ#ScBÓ ¦¶÷¦Æ÷w6¶•ó##U÷66–VçF–f–5÷&W÷'G2ÆfööE÷v7FUö‡–G&ö6†%ó#C2ÃÃC“Ã#ãCcccccrÃ#ÃRãCcccrÃ3rÆ‡–G&ö6†"Ã#CÃRãÃ##C"ãcÃSãCÃ3“ãs“#s#2ÇG'VRÂÆW‡W&–ÖVçFÅ÷V&Æ—6†W%÷7WÆVÖVçBÃã3‚÷3CS“‚Ó#RÓ#ScBÓ ¦¶÷¦Æ÷w6¶•ó##U÷66–VçF–f–5÷&W÷'G2ÆfööE÷v7FUö‡–G&ö6†%ó#C2Ã"ÃC“Ã#ãCcccccrÃ#ÃRãCcccrÃ3rÆ‡–G&ö6†"Ã#CÃRãÃ##3BãÃSãCÃ3ƒ’ã#3c#sSRÇG'VRÂÆW‡W&–ÖVçFÅ÷V&Æ—6†W%÷7WÆVÖVçBÃã3‚÷3CS“‚Ó#RÓ#ScBÓ ¦¶÷¦Æ÷w6¶•ó##U÷66–VçF–f–5÷&W÷'G2ÆfööE÷v7FUö‡–G&ö6†%ó#C2Ã2ÃC“Ã#ãCcccccrÃ#ÃRãCcccrÃ3rÆ‡–G&ö6†"Ã#CÃRãÃ##RãÃSãCÃ3ƒBã“C#ƒc“’ÇG'VRÂÆW‡W&–ÖVçFÅ÷V&Æ—6†W%÷7WÆVÖVçBÃã3‚÷3CS“‚Ó#RÓ#ScBÓ ¦¶÷¦Æ÷w6¶•ó##U÷66–VçF–f–5÷&W÷'G2ÆfööE÷v7FRÃÃC“Ã#ãCSƒ33332Ã#ÃRãCSƒ332Ã3rÆæöæRÂÃãÃ#bãSÃSãSÃ3CãcsCcƒc2ÇG'VRÂÆW‡W&–ÖVçFÅ÷V&Æ—6†W%÷7WÆVÖVçBÃã3‚÷3CS“‚Ó#RÓ#ScBÓ ¦¶÷¦Æ÷w6¶•ó##U÷66–VçF–f–5÷&W÷'G2ÆfööE÷v7FRÃ"ÃC“Ã#ãCSƒ33332Ã#ÃRãCSƒ332Ã3rÆæöæRÂÃãÃ#RãcÃSãSÃ3cã#3cccÇG'VRÂÆW‡W&–ÖVçFÅ÷V&Æ—6†W%÷7WÆVÖVçBÃã3‚÷3CS“‚Ó#RÓ#ScBÓ ¦¶÷¦Æ÷w6¶•ó##U÷66–VçF–f–5÷&W÷'G2ÆfööE÷v7FRÃ2ÃC“Ã#ãCSƒ33332Ã#ÃRãCSƒ332Ã3rÆæöæRÂÃãÃ##RãCÃSãSÃ3cBãcsC3C3“BÇG'VRÂÆW‡W&–ÖVçFÅ÷V&Æ—6†W%÷7WÆVÖVçBÃã3‚÷3CS“‚Ó#RÓ#ScBÓ ¦¶÷¦Æ÷w6¶•ó##U÷66–VçF–f–5÷&W÷'G2ÆfööE÷v7FU÷F÷'&Vf7F–öåó#C2ÃÃC“Ã#ãCSƒ33332Ã#ÃRãCSƒ332Ã3rÇF÷'&Vf7F–öå÷&öGV7BÃ#CÃRãÃ##“bãƒÃSãSÃC2ãC3c##C2ÇG'VRÂÆW‡W&–ÖVçFÅ÷V&Æ—6†W%÷7WÆVÖVçBÃã3‚÷3CS“‚Ó#RÓ#ScBÓ ¦¶÷¦Æ÷w6¶•ó##U÷66–VçF–f–5÷&W÷'G2ÆfööE÷v7FU÷F÷'&Vf7F–öåó#C2Ã"ÃC“Ã#ãCSƒ33332Ã#ÃRãCSƒ332Ã3rÇF÷'&Vf7F–öå÷&öGV7BÃ#CÃRãÃC“Rã3ÃSãSÂÓ2ãccS#c“ÆfÇ6RÆW†6ÇVFVEög&öÕ÷V&Æ—6†W%öÖVã²–æ6öç6—7FVçE÷&u÷6–væÂÆW‡W&–ÖVçFÅ÷V&Æ—6†W%÷7WÆVÖVçBÃã3‚÷3CS“‚Ó#RÓ#ScBÓ ¦¶÷¦Æ÷w6¶•ó##U÷66–VçF–f–5÷&W÷'G2ÆfööE÷v7FU÷F÷'&Vf7F–öåó#C2Ã2ÃC“Ã#ãCSƒ33332Ã#ÃRãCSƒ332Ã3rÇF÷'&Vf7F–öå÷&öGV7BÃ#CÃRãÃ##ƒ2ãsÃSãSÃCãCC3Sccs"ÇG'VRÂÆW‡W&–ÖVçFÅ÷V&Æ—6†W%÷7WÆVÖVçBÃã3‚÷3CS“‚Ó#RÓ#ScBÓ ¦¶÷¦Æ÷w6¶•ó##U÷66–VçF–f–5÷&W÷'G2ÆfööE÷v7FU÷—&öÇ—6—5óc2ÃÃC“Ã#ãCSƒ33332Ã#ÃRãCSƒ332Ã3rÆ&–ö6†"ÃcÃRãÃ#Cã“ÃSãSÃ3c‚ãC#cSƒ3‚ÇG'VRÂÆW‡W&–ÖVçFÅ÷V&Æ—6†W%÷7WÆVÖVçBÃã3‚÷3CS“‚Ó#RÓ#ScBÓ ¦¶÷¦Æ÷w6¶•ó##U÷66–VçF–f–5÷&W÷'G2ÆfööE÷v7FU÷—&öÇ—6—5óc2Ã"ÃC“Ã#ãCSƒ33332Ã#ÃRãCSƒ332Ã3rÆ&–ö6†"ÃcÃRãÃ#SRãCÃSãSÃ3sãCS3“sCrÇG'VRÂÆW‡W&–ÖVçFÅ÷V&Æ—6†W%÷7WÆVÖVçBÃã3‚÷3CS“‚Ó#RÓ#ScBÓ ¦¶÷¦Æ÷w6¶•ó##U÷66–VçF–f–5÷&W÷'G2ÆfööE÷v7FU÷—&öÇ—6—5óc2Ã2ÃC“Ã#ãCSƒ33332Ã#ÃRãCSƒ332Ã3rÆ&–ö6†"ÃcÃRãÃƒƒrã3ÃSãSÃ3ãƒs3c3csrÆfÇ6RÆW†6ÇVFVEög&öÕ÷V&Æ—6†W%öÖVã²–æ6öç6—7FVçE÷&u÷6–væÂÆW‡W&–ÖVçFÅ÷V&Æ—6†W%÷7WÆVÖVçBÃã3‚÷3CS“‚Ó#RÓ#ScBÓ ¦¶÷¦Æ÷w6¶•ó##U÷66–VçF–f–5÷&W÷'G2ÆfööE÷v7FUö‡–G&ö6†%ó#C2ÃÃC“Ã#ãCSƒ33332Ã#ÃRãCSƒ332Ã3rÆ‡–G&ö6†"Ã#CÃRãÃ##C2ã3ÃSãSÃ3“ã3CƒCS3ÇG'VRÂÆW‡W&–ÖVçFÅ÷V&Æ—6†W%÷7WÆVÖVçBÃã3‚÷3CS“‚Ó#RÓ#ScBÓ ¦¶÷¦Æ÷w6¶•ó##U÷66–VçF–f–5÷&W÷'G2ÆfööE÷v7FUö‡–G&ö6†%ó#C2Ã"ÃC“Ã#ãCSƒ33332Ã#ÃRãCSƒ332Ã3rÆ‡–G&ö6†"Ã#CÃRãÃ##3BãsÃSãSÃ3ƒ’ã3sc#c"ÇG'VRÂÆW‡W&–ÖVçFÅ÷V&Æ—6†W%÷7WÆVÖVçBÃã3‚÷3CS“‚Ó#RÓ#ScBÓ ¦¶÷¦Æ÷w6¶•ó##U÷66–VçF–f–5÷&W÷'G2ÆfööE÷v7FUö‡–G&ö6†%ó#C2Ã2ÃC“Ã#ãCSƒ33332Ã#ÃRãCSƒ332Ã3rÆ‡–G&ö6†"Ã#CÃRãÃ##RãCÃSãSÃ3ƒRãcCS"ÇG'VRÂÆW‡W&–ÖVçFÅ÷V&Æ—6†W%÷7WÆVÖVçBÃã3‚÷3CS“‚Ó#RÓ#ScBÓ ¦¶÷¦Æ÷w6¶•ó##U÷66–VçF–f–5÷&W÷'G2ÆfööE÷v7FRÃÃC“"Ã#ãSÃ#ÃRã#SÃ3rÆæöæRÂÃãÃ#bãƒÃSãcÃ3Cã#cc3"ÇG'VRÂÆW‡W&–ÖVçFÅ÷V&Æ—6†W%÷7WÆVÖVçBÃã3‚÷3CS“‚Ó#RÓ#ScBÓ ¦¶÷¦Æ÷w6¶•ó##U÷66–VçF–f–5÷&W÷'G2ÆfööE÷v7FRÃ"ÃC“"Ã#ãSÃ#ÃRã#SÃ3rÆæöæRÂÃãÃ#Rã“ÃSãcÃ3cã#CSSSƒ3ÇG'VRÂÆW‡W&–ÖVçFÅ÷V&Æ—6†W%÷7WÆVÖVçBÃã3‚÷3CS“‚Ó#RÓ#ScBÓ ¦¶÷¦Æ÷w6¶•ó##U÷66–VçF–f–5÷&W÷'G2ÆfööE÷v7FRÃ2ÃC“"Ã#ãSÃ#ÃRã#SÃ3rÆæöæRÂÃãÃ##RãsÃSãcÃ3cBãs“S3Sc2ÇG'VRÂÆW‡W&–ÖVçFÅ÷V&Æ—6†W%÷7WÆVÖVçBÃã3‚÷3CS“‚Ó#RÓ#ScBÓ ¦¶÷¦Æ÷w6¶•ó##U÷66–VçF–f–5÷&W÷'G2ÆfööE÷v7FU÷F÷'&Vf7F–öåó#C2ÃÃC“"Ã#ãSÃ#ÃRã#SÃ3rÇF÷'&Vf7F–öå÷&öGV7BÃ#CÃRãÃ##“rãsÃSãcÃC2ãSƒC3ƒ“’ÇG'VRÂÆW‡W&–ÖVçFÅ÷V&Æ—6†W%÷7WÆVÖVçBÃã3‚÷3CS“‚Ó#RÓ#ScBÓ ¦¶÷¦Æ÷w6¶•ó##U÷66–VçF–f–5÷&W÷'G2ÆfööE÷v7FU÷F÷'&Vf7F–öåó#C2Ã"ÃC“"Ã#ãSÃ#ÃRã#SÃ3rÇF÷'&Vf7F–öå÷&öGV7BÃ#CÃRãÃC“bãÃSãcÂÓ2ãS#3SS“’ÆfÇ6RÆW†6ÇVFVEög&öÕ÷V&Æ—6†W%öÖVã²–æ6öç6—7FVçE÷&u÷6–væÂÆW‡W&–ÖVçFÅ÷V&Æ—6†W%÷7WÆVÖVçBÃã3‚÷3CS“‚Ó#RÓ#ScBÓ ¦¶÷¦Æ÷w6¶•ó##U÷66–VçF–f–5÷&W÷'G2ÆfööE÷v7FU÷F÷'&Vf7F–öåó#C2Ã2ÃC“"Ã#ãSÃ#ÃRã#SÃ3rÇF÷'&Vf7F–öå÷&öGV7BÃ#CÃRãÃ##ƒBãÃSãcÃCãS3SC#RÇG'VRÂÆW‡W&–ÖVçFÅ÷V&Æ—6†W%÷7WÆVÖVçBÃã3‚÷3CS“‚Ó#RÓ#ScBÓ ¦¶÷¦Æ÷w6¶•ó##U÷66–VçF–f–5÷&W÷'G2ÆfööE÷v7FU÷—&öÇ—6—5óc2ÃÃC“"Ã#ãSÃ#ÃRã#SÃ3rÆ&–ö6†"ÃcÃRãÃ#C"ã#ÃSãcÃ3c‚ãCCsƒSrÇG'VRÂÆW‡W&–ÖVçFÅ÷V&Æ—6†W%÷7WÆVÖVçBÃã3‚÷3CS“‚Ó#RÓ#ScBÓ ¦¶÷¦Æ÷w6¶•ó##U÷66–VçF–f–5÷&W÷'G2ÆfööE÷v7FU÷—&öÇ—6—5óc2Ã"ÃC“"Ã#ãSÃ#ÃRã#SÃ3rÆ&–ö6†"ÃcÃRãÃ#SRãƒÃSãcÃ3sãS#ƒƒSÇG'VRÂÆW‡W&–ÖVçFÅ÷V&Æ—6†W%÷7WÆVÖVçBÃã3‚÷3CS“‚Ó#RÓ#ScBÓ ¦¶÷¦Æ÷w6¶•ó##U÷66–VçF–f–5÷&W÷'G2ÆfööE÷v7FU÷—&öÇ—6—5óc2Ã2ÃC“"Ã#ãSÃ#ÃRã#SÃ3rÆ&–ö6†"ÃcÃRãÃƒƒrãcÃSãcÃ3ã“ƒƒ#ƒCbÆfÇ6RÆW†6ÇVFVEög&öÕ÷V&Æ—6†W%öÖVã²–æ6öç6—7FVçE÷&u÷6–væÂÆW‡W&–ÖVçFÅ÷V&Æ—6†W%÷7WÆVÖVçBÃã3‚÷3CS“‚Ó#RÓ#ScBÓ ¦¶÷¦Æ÷w6¶•ó##U÷66–VçF–f–5÷&W÷'G2ÆfööE÷v7FUö‡–G&ö6†%ó#C2ÃÃC“"Ã#ãSÃ#ÃRã#SÃ3rÆ‡–G&ö6†"Ã#CÃRãÃ##CBãÃSãcÃ3“ãCs3c#"ÇG'VRÂÆW‡W&–ÖVçFÅ÷V&Æ—6†W%÷7WÆVÖVçBÃã3‚÷3CS“‚Ó#RÓ#ScBÓ ¦¶÷¦Æ÷w6¶•ó##U÷66–VçF–f–5÷&W÷'G2ÆfööE÷v7FUö‡–G&ö6†%ó#C2Ã"ÃC“"Ã#ãSÃ#ÃRã#SÃ3rÆ‡–G&ö6†"Ã#CÃRãÃ##3RãSÃSãcÃ3ƒ’ãS#“ss3SBÇG'VRÂÆW‡W&–ÖVçFÅ÷V&Æ—6†W%÷7WÆVÖVçBÃã3‚÷3CS“‚Ó#RÓ#ScBÓ ¦¶÷¦Æ÷w6¶•ó##U÷66–VçF–f–5÷&W÷'G2ÆfööE÷v7FUö‡–G&ö6†%ó#C2Ã2ÃC“"Ã#ãSÃ#ÃRã#SÃ3rÆ‡–G&ö6†"Ã#CÃRãÃ##RãsÃSãcÃ3ƒRãSSs“c#ÇG'VRÂÆW‡W&–ÖVçFÅ÷V&Æ—6†W%÷7WÆVÖVçBÃã3‚÷3CS“‚Ó#RÓ#ScBÓ ¦¶÷¦Æ÷w6¶•ó##U÷66–VçF–f–5÷&W÷'G2ÆfööE÷v7FRÃÃC“2Ã#ãSCccccrÃ#ÃRã3SCccrÃ3rÆæöæRÂÃãÃ#rãÃSãsÃ3CãSsƒS#ÇG'VRÂÆW‡W&–ÖVçFÅ÷V&Æ—6†W%÷7WÆVÖVçBÃã3‚÷3CS“‚Ó#RÓ#ScBÓ ¦¶÷¦Æ÷w6¶•ó##U÷66–VçF–f–5÷&W÷'G2ÆfööE÷v7FRÃ"ÃC“2Ã#ãSCccccrÃ#ÃRã3SCccrÃ3rÆæöæRÂÃãÃ#bã#ÃSãsÃ3cã#“sC““’ÇG'VRÂÆW‡W&–ÖVçFÅ÷V&Æ—6†W%÷7WÆVÖVçBÃã3‚÷3CS“‚Ó#RÓ#ScBÓ ¦¶÷¦Æ÷w6¶•ó##U÷66–VçF–f–5÷&W÷'G2ÆfööE÷v7FRÃ2ÃC“2Ã#ãSCccccrÃ#ÃRã3SCccrÃ3rÆæöæRÂÃãÃ##bãÃSãsÃ3cBãscCs#s3"ÇG'VRÂÆW‡W&–ÖVçFÅ÷V&Æ—6†W%÷7WÆVÖVçBÃã3‚÷3CS“‚Ó#RÓ#ScBÓ ¦¶÷¦Æ÷w6¶•ó##U÷66–VçF–f–5÷&W÷'G2ÆfööE÷v7FU÷F÷'&Vf7F–öåó#C2ÃÃC“2Ã#ãSCccccrÃ#ÃRã3SCccrÃ3rÇF÷'&Vf7F–öå÷&öGV7BÃ#CÃRãÃ##“‚ãSÃSãsÃC2ãsC#ScÇG'VRÂÆW‡W&–ÖVçFÅ÷V&Æ—6†W%÷7WÆVÖVçBÃã3‚÷3CS“‚Ó#RÓ#ScBÓ ¦¶÷¦Æ÷w6¶•ó##U÷66–VçF–f–5÷&W÷'G2ÆfööE÷v7FU÷F÷'&Vf7F–öåó#C2Ã"ÃC“2Ã#ãSCccccrÃ#ÃRã3SCccrÃ3rÇF÷'&Vf7F–öå÷&öGV7BÃ#CÃRãÃC“bã“ÃSãsÂÓ2ã3CCƒSrÆfÇ6RÆW†6ÇVFVEög&öÕ÷V&Æ—6†W%öÖVã²–æ6öç6—7FVçE÷&u÷6–væÂÆW‡W&–ÖVçFÅ÷V&Æ—6†W%÷7WÆVÖVçBÃã3‚÷3CS“‚Ó#RÓ#ScBÓ ¦¶÷¦Æ÷w6¶•ó##U÷66–VçF–f–5÷&W÷'G2ÆfööE÷v7FU÷F÷'&Vf7F–öåó#C2Ã2ÃC“2Ã#ãSCccccrÃ#ÃRã3SCccrÃ3rÇF÷'&Vf7F–öå÷&öGV7BÃ#CÃRãÃ##ƒBãSÃSãsÃCãSs“Cs’ÇG'VRÂÆW‡W&–ÖVçFÅ÷V&Æ—6†W%÷7WÆVÖVçBÃã3‚÷3CS“‚Ó#RÓ#ScBÓ ¦¶÷¦Æ÷w6¶•ó##U÷66–VçF–f–5÷&W÷'G2ÆfööE÷v7FU÷—&öÇ—6—5óc2ÃÃC“2Ã#ãSCccccrÃ#ÃRã3SCccrÃ3rÆ&–ö6†"ÃcÃRãÃ#C"ãcÃSãsÃ3c‚ãSSc3scÇG'VRÂÆW‡W&–ÖVçFÅ÷V&Æ—6†W%÷7WÆVÖVçBÃã3‚÷3CS“‚Ó#RÓ#ScBÓ ¦¶÷¦Æ÷w6¶•ó##U÷66–VçF–f–5÷&W÷'G2ÆfööE÷v7FU÷—&öÇ—6—5óc2Ã"ÃC“2Ã#ãSCccccrÃ#ÃRã3SCccrÃ3rÆ&–ö6†"ÃcÃRãÃ#Sbã#ÃSãsÃ3sãSƒƒcs#SBÇG'VRÂÆW‡W&–ÖVçFÅ÷V&Æ—6†W%÷7WÆVÖVçBÃã3‚÷3CS“‚Ó#RÓ#ScBÓ ¦¶÷¦Æ÷w6¶•ó##U÷66–VçF–f–5÷&W÷'G2ÆfööE÷v7FU÷—&öÇ—6—5óc2Ã2ÃC“2Ã#ãSCccccrÃ#ÃRã3SCccrÃ3rÆ&–ö6†"ÃcÃRãÃƒƒrãƒÃSãsÃ3ã“CC#C3ÆfÇ6RÆW†6ÇVFVEög&öÕ÷V&Æ—6†W%öÖVã²–æ6öç6—7FVçE÷&u÷6–væÂÆW‡W&–ÖVçFÅ÷V&Æ—6†W%÷7WÆVÖVçBÃã3‚÷3CS“‚Ó#RÓ#ScBÓ ¦¶÷¦Æ÷w6¶•ó##U÷66–VçF–f–5÷&W÷'G2ÆfööE÷v7FUö‡–G&ö6†%ó#C2ÃÃC“2Ã#ãSCccccrÃ#ÃRã3SCccrÃ3rÆ‡–G&ö6†"Ã#CÃRãÃ##CBãƒÃSãsÃ3“ãcƒS“#’ÇG'VRÂÆW‡W&–ÖVçFÅ÷V&Æ—6†W%÷7WÆVÖVçBÃã3‚÷3CS“‚Ó#RÓ#ScBÓ ¦¶÷¦Æ÷w6¶•ó##U÷66–VçF–f–5÷&W÷'G2ÆfööE÷v7FUö‡–G&ö6†%ó#C2Ã"ÃC“2Ã#ãSCccccrÃ#ÃRã3SCccrÃ3rÆ‡–G&ö6†"Ã#CÃRãÃ##3bã#ÃSãsÃ3ƒ’ãccS3CƒcÇG'VRÂÆW‡W&–ÖVçFÅ÷V&Æ—6†W%÷7WÆVÖVçBÃã3‚÷3CS“‚Ó#RÓ#ScBÓ ¦¶÷¦Æ÷w6¶•ó##U÷66–VçF–f–5÷&W÷'G2ÆfööE÷v7FUö‡–G&ö6†%ó#C2Ã2ÃC“2Ã#ãSCccccrÃ#ÃRã3SCccrÃ3rÆ‡–G&ö6†"Ã#CÃRãÃ##bãÃSãsÃ3ƒRã“ƒs“ÇG'VRÂÆW‡W&–ÖVçFÅ÷V&Æ—6†W%÷7WÆVÖVçBÃã3‚÷3CS“‚Ó#RÓ#ScBÓ ¦¶÷¦Æ÷w6¶•ó##U÷66–VçF–f–5÷&W÷'G2ÆfööE÷v7FRÃÃC“BÃ#ãSƒ333332Ã#ÃRãCSƒ3332Ã3rÆæöæRÂÃãÃ#rãCÃSãƒÃ3Cã#3C3sÇG'VRÂÆW‡W&–ÖVçFÅ÷V&Æ—6†W%÷7WÆVÖVçBÃã3‚÷3CS“‚Ó#RÓ#ScBÓ ¦¶÷¦Æ÷w6¶•ó##U÷66–VçF–f–5÷&W÷'G2ÆfööE÷v7FRÃ"ÃC“BÃ#ãSƒ333332Ã#ÃRãCSƒ3332Ã3rÆæöæRÂÃãÃ#bãSÃSãƒÃ3cã33S“Cc‚ÇG'VRÂÆW‡W&–ÖVçFÅ÷V&Æ—6†W%÷7WÆVÖVçBÃã3‚÷3CS“‚Ó#RÓ#ScBÓ ¦¶÷¦Æ÷w6¶•ó##U÷66–VçF–f–5÷&W÷'G2ÆfööE÷v7FRÃ2ÃC“BÃ#ãSƒ333332Ã#ÃRãCSƒ3332Ã3rÆæöæRÂÃãÃ##bãCÃSãƒÃ3cBãƒ3#SCƒRÇG'VRÂÆW‡W&–ÖVçFÅ÷V&Æ—6†W%÷7WÆVÖVçBÃã3‚÷3CS“‚Ó#RÓ#ScBÓ ¦¶÷¦Æ÷w6¶•ó##U÷66–VçF–f–5÷&W÷'G2ÆfööE÷v7FU÷F÷'&Vf7F–öåó#C2ÃÃC“BÃ#ãSƒ333332Ã#ÃRãCSƒ3332Ã3rÇF÷'&Vf7F–öå÷&öGV7BÃ#CÃRãÃ##“’ã3ÃSãƒÃC2ã“s3"ÇG'VRÂÆW‡W&–ÖVçFÅ÷V&Æ—6†W%÷7WÆVÖVçBÃã3‚÷3CS“‚Ó#RÓ#ScBÓ ¦¶÷¦Æ÷w6¶•ó##U÷66–VçF–f–5÷&W÷'G2ÆfööE÷v7FU÷F÷'&Vf7F–öåó#C2Ã"ÃC“BÃ#ãSƒ333332Ã#ÃRãCSƒ3332Ã3rÇF÷'&Vf7F–öå÷&öGV7BÃ#CÃRãÃC“rãsÃSãƒÂÓ2ãƒcCbÆfÇ6RÆW†6ÇVFVEög&öÕ÷V&Æ—6†W%öÖVã²–æ6öç6—7FVçE÷&u÷6–væÂÆW‡W&–ÖVçFÅ÷V&Æ—6†W%÷7WÆVÖVçBÃã3‚÷3CS“‚Ó#RÓ#ScBÓ ¦¶÷¦Æ÷w6¶•ó##U÷66–VçF–f–5÷&W÷'G2ÆfööE÷v7FU÷F÷'&Vf7F–öåó#C2Ã2ÃC“BÃ#ãSƒ333332Ã#ÃRãCSƒ3332Ã3rÇF÷'&Vf7F–öå÷&öGV7BÃ#CÃRãÃ##ƒBã“ÃSãƒÃCãcCc“#“3"ÇG'VRÂÆW‡W&–ÖVçFÅ÷V&Æ—6†W%÷7WÆVÖVçBÃã3‚÷3CS“‚Ó#RÓ#ScBÓ ¦¶÷¦Æ÷w6¶•ó##U÷66–VçF–f–5÷&W÷'G2ÆfööE÷v7FU÷—&öÇ—6—5óc2ÃÃC“BÃ#ãSƒ333332Ã#ÃRãCSƒ3332Ã3rÆ&–ö6†"ÃcÃRãÃ#C2ãÃSãƒÃ3c‚ãSƒ3C#SBÇG'VRÂÆW‡W&–ÖVçFÅ÷V&Æ—6†W%÷7WÆVÖVçBÃã3‚÷3CS“‚Ó#RÓ#ScBÓ ¦¶÷¦Æ÷w6¶•ó##U÷66–VçF–f–5÷&W÷'G2ÆfööE÷v7FU÷—&öÇ—6—5óc2Ã"ÃC“BÃ#ãSƒ333332Ã#ÃRãCSƒ3332Ã3rÆ&–ö6†"ÃcÃRãÃ#SbãsÃSãƒÃ3sãcs“SS“"ÇG'VRÂÆW‡W&–ÖVçFÅ÷V&Æ—6†W%÷7WÆVÖVçBÃã3‚÷3CS“‚Ó#RÓ#ScBÓ ¦¶÷¦Æ÷w6¶•ó##U÷66–VçF–f–5÷&W÷'G2ÆfööE÷v7FU÷—&öÇ—6—5óc2Ã2ÃC“BÃ#ãSƒ333332Ã#ÃRãCSƒ3332Ã3rÆ&–ö6†"ÃcÃRãÃƒƒ‚ãÃSãƒÃ3ã“ƒcccÆfÇ6RÆW†6ÇVFVEög&öÕ÷V&Æ—6†W%öÖVã²–æ6öç6—7FVçE÷&u÷6–væÂÆW‡W&–ÖVçFÅ÷V&Æ—6†W%÷7WÆVÖVçBÃã3‚÷3CS“‚Ó#RÓ#ScBÓ ¦¶÷¦Æ÷w6¶•ó##U÷66–VçF–f–5÷&W÷'G2ÆfööE÷v7FUö‡–G&ö6†%ó#C2ÃÃC“BÃ#ãSƒ333332Ã#ÃRãCSƒ3332Ã3rÆ‡–G&ö6†"Ã#CÃRãÃ##CRãSÃSãƒÃ3“ãsCCcc3bÇG'VRÂÆW‡W&–ÖVçFÅ÷V&Æ—6†W%÷7WÆVÖVçBÃã3‚÷3CS“‚Ó#RÓ#ScBÓ ¦¶÷¦Æ÷w6¶•ó##U÷66–VçF–f–5÷&W÷'G2ÆfööE÷v7FUö‡–G&ö6†%ó#C2Ã"ÃC“BÃ#ãSƒ333332Ã#ÃRãCSƒ3332Ã3rÆ‡–G&ö6†"Ã#CÃRãÃ##3bã“ÃSãƒÃ3ƒ’ãƒ“#3c‚ÇG'VRÂÆW‡W&–ÖVçFÅ÷V&Æ—6†W%÷7WÆVÖVçBÃã3‚÷3CS“‚Ó#RÓ#ScBÓ ¦¶÷¦Æ÷w6¶•ó##U÷66–VçF–f–5÷&W÷'G2ÆfööE÷v7FUö‡–G&ö6†%ó#C2Ã2ÃC“BÃ#ãSƒ333332Ã#ÃRãCSƒ3332Ã3rÆ‡–G&ö6†"Ã#CÃRãÃ##bãCÃSãƒÃ3ƒRãcƒssSCBÇG'VRÂÆW‡W&–ÖVçFÅ÷V&Æ—6†W%÷7WÆVÖVçBÃã3‚÷3CS“‚Ó#RÓ#ScBÓ ¦¶÷¦Æ÷w6¶•ó##U÷66–VçF–f–5÷&W÷'G2ÆfööE÷v7FRÃÃC“RÃ#ãc#SÃ#ÃRãSc#SÃ3rÆæöæRÂÃãÃ#rãsÃSã“Ã3Cã#Cƒ#3S3’ÇG'VRÂÆW‡W&–ÖVçFÅ÷V&Æ—6†W%÷7WÆVÖVçBÃã3‚÷3CS“‚Ó#RÓ#ScBÓ ¦¶÷¦Æ÷w6¶•ó##U÷66–VçF–f–5÷&W÷'G2ÆfööE÷v7FRÃ"ÃC“RÃ#ãc#SÃ#ÃRãSc#SÃ3rÆæöæRÂÃãÃ#bãƒÃSã“Ã3cã3ƒ333rÇG'VRÂÆW‡W&–ÖVçFÅ÷V&Æ—6†W%÷7WÆVÖVçBÃã3‚÷3CS“‚Ó#RÓ#ScBÓ ¦¶÷¦Æ÷w6¶•ó##U÷66–VçF–f–5÷&W÷'G2ÆfööE÷v7FRÃ2ÃC“RÃ#ãc#SÃ#ÃRãSc#SÃ3rÆæöæRÂÃãÃ##bãsÃSã“Ã3cBãƒssscSBÇG'VRÂÆW‡W&–ÖVçFÅ÷V&Æ—6†W%÷7WÆVÖVçBÃã3‚÷3CS“‚Ó#RÓ#ScBÓ ¦¶÷¦Æ÷w6¶•ó##U÷66–VçF–f–5÷&W÷'G2ÆfööE÷v7FU÷F÷'&Vf7F–öåó#C2ÃÃC“RÃ#ãc#SÃ#ÃRãSc#SÃ3rÇF÷'&Vf7F–öå÷&öGV7BÃ#CÃRãÃ#3ã#ÃSã“ÃCBãƒC“ss‚ÇG'VRÂÆW‡W&–ÖVçFÅ÷V&Æ—6†W%÷7WÆVÖVçBÃã3‚÷3CS“‚Ó#RÓ#ScBÓ ¦¶÷¦Æ÷w6¶•ó##U÷66–VçF–f–5÷&W÷'G2ÆfööE÷v7FU÷F÷'&Vf7F–öåó#C2Ã"ÃC“RÃ#ãc#SÃ#ÃRãSc#SÃ3rÇF÷'&Vf7F–öå÷&öGV7BÃ#CÃRãÃC“‚ãSÃSã“ÂÓ2ã#sƒC3#BÆfÇ6RÆW†6ÇVFVEög&öÕ÷V&Æ—6†W%öÖVã²–æ6öç6—7FVçE÷&u÷6–væÂÆW‡W&–ÖVçFÅ÷V&Æ—6†W%÷7WÆVÖVçBÃã3‚÷3CS“‚Ó#RÓ#ScBÓ ¦¶÷¦Æ÷w6¶•ó##U÷66–VçF–f–5÷&W÷'G2ÆfööE÷v7FU÷F÷'&Vf7F–öåó#C2Ã2ÃC“RÃ#ãc#SÃ#ÃRãSc#SÃ3rÇF÷'&Vf7F–öå÷&öGV7BÃ#CÃRãÃ##ƒRã3ÃSã“ÃCãsCscƒbÇG'VRÂÆW‡W&–ÖVçFÅ÷V&Æ—6†W%÷7WÆVÖVçBÃã3‚÷3CS“‚Ó#RÓ#ScBÓ ¦¶÷¦Æ÷w6¶•ó##U÷66–VçF–f–5÷&W÷'G2ÆfööE÷v7FU÷—&öÇ—6—5óc2ÃÃC“RÃ#ãc#SÃ#ÃRãSc#SÃ3rÆ&–ö6†"ÃcÃRãÃ#C2ã3ÃSã“Ã3c‚ãc#ƒccƒ2ÇG'VRÂÆW‡W&–ÖVçFÅ÷V&Æ—6†W%÷7WÆVÖVçBÃã3‚÷3CS“‚Ó#RÓ#ScBÓ ¦¶÷¦Æ÷w6¶•ó##U÷66–VçF–f–5÷&W÷'G2ÆfööE÷v7FU÷—&öÇ—6—5óc2Ã"ÃC“RÃ#ãc#SÃ#ÃRãSc#SÃ3rÆ&–ö6†"ÃcÃRãÃ#SrãÃSã“Ã3sãsCcƒC3CRÇG'VRÂÆW‡W&–ÖVçFÅ÷V&Æ—6†W%÷7WÆVÖVçBÃã3‚÷3CS“‚Ó#RÓ#ScBÓ ¦¶÷¦Æ÷w6¶•ó##U÷66–VçF–f–5÷&W÷'G2ÆfööE÷v7FU÷—&öÇ—6—5óc2Ã2ÃC“RÃ#ãc#SÃ#ÃRãSc#SÃ3rÆ&–ö6†"ÃcÃRãÃƒƒ‚ãCÃSã“Ã3ã3ƒsc’ÆfÇ6RÆW†6ÇVFVEög&öÕ÷V&Æ—6†W%öÖVã²–æ6öç6—7FVçE÷&u÷6–væÂÆW‡W&–ÖVçFÅ÷V&Æ—6†W%÷7WÆVÖVçBÃã3‚÷3CS“‚Ó#RÓ#ScBÓ ¦¶÷¦Æ÷w6¶•ó##U÷66–VçF–f–5÷&W÷'G2ÆfööE÷v7FUö‡–G&ö6†%ó#C2ÃÃC“RÃ#ãc#SÃ#ÃRãSc#SÃ3rÆ‡–G&ö6†"Ã#CÃRãÃ##Cbã3ÃSã“Ã3“ã“#33s#rÇG'VRÂÆW‡W&–ÖVçFÅ÷V&Æ—6†W%÷7WÆVÖVçBÃã3‚÷3CS“‚Ó#RÓ#ScBÓ ¦¶÷¦Æ÷w6¶•ó##U÷66–VçF–f–5÷&W÷'G2ÆfööE÷v7FUö‡–G&ö6†%ó#C2Ã"ÃC“RÃ#ãc#SÃ#ÃRãSc#SÃ3rÆ‡–G&ö6†"Ã#CÃRãÃ##3rãsÃSã“Ã3ƒ’ã“S““CcÇG'VRÂÆW‡W&–ÖVçFÅ÷V&Æ—6†W%÷7WÆVÖVçBÃã3‚÷3CS“‚Ó#RÓ#ScBÓ ¦¶÷¦Æ÷w6¶•ó##U÷66–VçF–f–5÷&W÷'G2ÆfööE÷v7FUö‡–G&ö6†%ó#C2Ã2ÃC“RÃ#ãc#SÃ#ÃRãSc#SÃ3rÆ‡–G&ö6†"Ã#CÃRãÃ##bãsÃSã“Ã3ƒRã#3“cs2ÇG'VRÂÆW‡W&–ÖVçFÅ÷V&Æ—6†W%÷7WÆVÖVçBÃã3‚÷3CS“‚Ó#RÓ#ScBÓ ¦¶÷¦Æ÷w6¶•ó##U÷66–VçF–f–5÷&W÷'G2ÆfööE÷v7FRÃÃC“bÃ#ãcccccccrÃ#ÃRãccccccrÃ3rÆæöæRÂÃãÃ#‚ãÃS"ãÃ3Cã#“3C#s‚ÇG'VRÂÆW‡W&–ÖVçFÅ÷V&Æ—6†W%÷7WÆVÖVçBÃã3‚÷3CS“‚Ó#RÓ#ScBÓ ¦¶÷¦Æ÷w6¶•ó##U÷66–VçF–f–5÷&W÷'G2ÆfööE÷v7FRÃ"ÃC“bÃ#ãcccccccrÃ#ÃRãccccccrÃ3rÆæöæRÂÃãÃ#rãÃS"ãÃ3cãC#c3#SbÇG'VRÂÆW‡W&–ÖVçFÅ÷V&Æ—6†W%÷7WÆVÖVçBÃã3‚÷3CS“‚Ó#RÓ#ScBÓ ¦¶÷¦Æ÷w6¶•ó##U÷66–VçF–f–5÷&W÷'G2ÆfööE÷v7FRÃ2ÃC“bÃ#ãcccccccrÃ#ÃRãccccccrÃ3rÆæöæRÂÃãÃ##rãÃS"ãÃ3cBã“##ƒ“ƒ#2ÇG'VRÂÆW‡W&–ÖVçFÅ÷V&Æ—6†W%÷7WÆVÖVçBÃã3‚÷3CS“‚Ó#RÓ#ScBÓ ¦¶÷¦Æ÷w6¶•ó##U÷66–VçF–f–5÷&W÷'G2ÆfööE÷v7FU÷F÷'&Vf7F–öåó#C2ÃÃC“bÃ#ãcccccccrÃ#ÃRãccccccrÃ3rÇF÷'&Vf7F–öå÷&öGV7BÃ#CÃRãÃ#3ãÃS"ãÃCBã#3“ccƒc’ÇG'VRÂÆW‡W&–ÖVçFÅ÷V&Æ—6†W%÷7WÆVÖVçBÃã3‚÷3CS“‚Ó#RÓ#ScBÓ ¦¶÷¦Æ÷w6¶•ó##U÷66–VçF–f–5÷&W÷'G2ÆfööE÷v7FU÷F÷'&Vf7F–öåó#C2Ã"ÃC“bÃ#ãcccccccrÃ#ÃRãccccccrÃ3rÇF÷'&Vf7F–öå÷&öGV7BÃ#CÃRãÃC“’ã3ÃS"ãÂÓ"ãƒc“cs#32ÆfÇ6RÆW†6ÇVFVEög&öÕ÷V&Æ—6†W%öÖVã²–æ6öç6—7FVçE÷&u÷6–væÂÆW‡W&–ÖVçFÅ÷V&Æ—6†W%÷7WÆVÖVçBÃã3‚÷3CS“‚Ó#RÓ#ScBÓ ¦¶÷¦Æ÷w6¶•ó##U÷66–VçF–f–5÷&W÷'G2ÆfööE÷v7FU÷F÷'&Vf7F–öåó#C2Ã2ÃC“bÃ#ãcccccccrÃ#ÃRãccccccrÃ3rÇF÷'&Vf7F–öå÷&öGV7BÃ#CÃRãÃ##ƒRãsÃS"ãÃCãsƒ#SCCÇG'VRÂÆW‡W&–ÖVçFÅ÷V&Æ—6†W%÷7WÆVÖVçBÃã3‚÷3CS“‚Ó#RÓ#ScBÓ ¦¶÷¦Æ÷w6¶•ó##U÷66–VçF–f–5÷&W÷'G2ÆfööE÷v7FU÷—&öÇ—6—5óc2ÃÃC“bÃ#ãcccccccrÃ#ÃRãccccccrÃ3rÆ&–ö6†"ÃcÃRãÃ#C2ãsÃS"ãÃ3c‚ãc“cCC3bÇG'VRÂÆW‡W&–ÖVçFÅ÷V&Æ—6†W%÷7WÆVÖVçBÃã3‚÷3CS“‚Ó#RÓ#ScBÓ ¦¶÷¦Æ÷w6¶•ó##U÷66–VçF–f–5÷&W÷'G2ÆfööE÷v7FU÷—&öÇ—6—5óc2Ã"ÃC“bÃ#ãcccccccrÃ#ÃRãccccccrÃ3rÆ&–ö6†"ÃcÃRãÃ#SrãSÃS"ãÃ3sãƒCc3“’ÇG'VRÂÆW‡W&–ÖVçFÅ÷V&Æ—6†W%÷7WÆVÖVçBÃã3‚÷3CS“‚Ó#RÓ#ScBÓ ¦¶÷¦Æ÷w6¶•ó##U÷66–VçF–f–5÷&W÷'G2ÆfööE÷v7FU÷—&öÇ—6—5óc2Ã2ÃC“bÃ#ãcccccccrÃ#ÃRãccccccrÃ3rÆ&–ö6†"ÃcÃRãÃƒƒ‚ãcÃS"ãÃ3ãSCC3SBÆfÇ6RÆW†6ÇVFVEög&öÕ÷V&Æ—6†W%öÖVã²–æ6öç6—7FVçE÷&u÷6–væÂÆW‡W&–ÖVçFÅ÷V&Æ—6†W%÷7WÆVÖVçBÃã3‚÷3CS“‚Ó#RÓ#ScBÓ ¦¶÷¦Æ÷w6¶•ó##U÷66–VçF–f–5÷&W÷'G2ÆfööE÷v7FUö‡–G&ö6†%ó#C2ÃÃC“bÃ#ãcccccccrÃ#ÃRãccccccrÃ3rÆ‡–G&ö6†"Ã#CÃRãÃ##CrãÃS"ãÃ3“"ã3s“#3BÇG'VRÂÆW‡W&–ÖVçFÅ÷V&Æ—6†W%÷7WÆVÖVçBÃã3‚÷3CS“‚Ó#RÓ#ScBÓ ¦¶÷¦Æ÷w6¶•ó##U÷66–VçF–f–5÷&W÷'G2ÆfööE÷v7FUö‡–G&ö6†%ó#C2Ã"ÃC“bÃ#ãcccccccrÃ#ÃRãccccccrÃ3rÆ‡–G&ö6†"Ã#CÃRãÃ##3‚ãCÃS"ãÃ3“ã“Ccc“crÇG'VRÂÆW‡W&–ÖVçFÅ÷V&Æ—6†W%÷7WÆVÖVçBÃã3‚÷3CS“‚Ó#RÓ#ScBÓ ¦¶÷¦Æ÷w6¶•ó##U÷66–VçF–f–5÷&W÷'G2ÆfööE÷v7FUö‡–G&ö6†%ó#C2Ã2ÃC“bÃ#ãcccccccrÃ#ÃRãccccccrÃ3rÆ‡–G&ö6†"Ã#CÃRãÃ##rãÃS"ãÃ3ƒRã#S“Sƒƒ"ÇG'VRÂÆW‡W&–ÖVçFÅ÷V&Æ—6†W%÷7WÆVÖVçBÃã3‚÷3CS“‚Ó#RÓ#ScBÓ ¦¶÷¦Æ÷w6¶•ó##U÷66–VçF–f–5÷&W÷'G2ÆfööE÷v7FRÃÃC“rÃ#ãsƒ33332Ã#ÃRãssƒ332Ã3rÆæöæRÂÃãÃ#‚ã3ÃS"ãÃ3Cã33ƒcƒsrÇG'VRÂÆW‡W&–ÖVçFÅ÷V&Æ—6†W%÷7WÆVÖVçBÃã3‚÷3CS“‚Ó#RÓ#ScBÓ ¦¶÷¦Æ÷w6¶•ó##U÷66–VçF–f–5÷&W÷'G2ÆfööE÷v7FRÃ"ÃC“rÃ#ãsƒ33332Ã#ÃRãssƒ332Ã3rÆæöæRÂÃãÃ#rãCÃS"ãÃ3cãCsScsRÇG'VRÂÆW‡W&–ÖVçFÅ÷V&Æ—6†W%÷7WÆVÖVçBÃã3‚÷3CS“‚Ó#RÓ#ScBÓ ¦¶÷¦Æ÷w6¶•ó##U÷66–VçF–f–5÷&W÷'G2ÆfööE÷v7FRÃ2ÃC“rÃ#ãsƒ33332Ã#ÃRãssƒ332Ã3rÆæöæRÂÃãÃ##rãCÃS"ãÃ3cBã““cƒSsrÇG'VRÂÆW‡W&–ÖVçFÅ÷V&Æ—6†W%÷7WÆVÖVçBÃã3‚÷3CS“‚Ó#RÓ#ScBÓ ¦¶÷¦Æ÷w6¶•ó##U÷66–VçF–f–5÷&W÷'G2ÆfööE÷v7FU÷F÷'&Vf7F–öåó#C2ÃÃC“rÃ#ãsƒ33332Ã#ÃRãssƒ332Ã3rÇF÷'&Vf7F–öå÷&öGV7BÃ#CÃRãÃ#3ãƒÃS"ãÃCBã3“sƒ3“cÇG'VRÂÆW‡W&–ÖVçFÅ÷V&Æ—6†W%÷7WÆVÖVçBÃã3‚÷3CS“‚Ó#RÓ#ScBÓ ¦¶÷¦Æ÷w6¶•ó##U÷66–VçF–f–5÷&W÷'G2ÆfööE÷v7FU÷F÷'&Vf7F–öåó#C2Ã"ÃC“rÃ#ãsƒ33332Ã#ÃRãssƒ332Ã3rÇF÷'&Vf7F–öå÷&öGV7BÃ#CÃRãÃSãÃS"ãÂÓ"ãsSCÆfÇ6RÆW†6ÇVFVEög&öÕ÷V&Æ—6†W%öÖVã²–æ6öç6—7FVçE÷&u÷6–væÂÆW‡W&–ÖVçFÅ÷V&Æ—6†W%÷7WÆVÖVçBÃã3‚÷3CS“‚Ó#RÓ#ScBÓ ¦¶÷¦Æ÷w6¶•ó##U÷66–VçF–f–5÷&W÷'G2ÆfööE÷v7FU÷F÷'&Vf7F–öåó#C2Ã2ÃC“rÃ#ãsƒ33332Ã#ÃRãssƒ332Ã3rÇF÷'&Vf7F–öå÷&öGV7BÃ#CÃRãÃ##ƒbãÃS"ãÃCãƒS#““2ÇG'VRÂÆW‡W&–ÖVçFÅ÷V&Æ—6†W%÷7WÆVÖVçBÃã3‚÷3CS“‚Ó#RÓ#ScBÓ ¦¶÷¦Æ÷w6¶•ó##U÷66–VçF–f–5÷&W÷'G2ÆfööE÷v7FU÷—&öÇ—6—5óc2ÃÃC“rÃ#ãsƒ33332Ã#ÃRãssƒ332Ã3rÆ&–ö6†"ÃcÃRãÃ#CBãÃS"ãÃ3c‚ãscC““ÇG'VRÂÆW‡W&–ÖVçFÅ÷V&Æ—6†W%÷7WÆVÖVçBÃã3‚÷3CS“‚Ó#RÓ#ScBÓ ¦¶÷¦Æ÷w6¶•ó##U÷66–VçF–f–5÷&W÷'G2ÆfööE÷v7FU÷—&öÇ—6—5óc2Ã"ÃC“rÃ#ãsƒ33332Ã#ÃRãssƒ332Ã3rÆ&–ö6†"ÃcÃRãÃ#S‚ãÃS"ãÃ3sã“SC3rÇG'VRÂÆW‡W&–ÖVçFÅ÷V&Æ—6†W%÷7WÆVÖVçBÃã3‚÷3CS“‚Ó#RÓ#ScBÓ ¦¶÷¦Æ÷w6¶•ó##U÷66–VçF–f–5÷&W÷'G2ÆfööE÷v7FU÷—&öÇ—6—5óc2Ã2ÃC“rÃ#ãsƒ33332Ã#ÃRãssƒ332Ã3rÆ&–ö6†"ÃcÃRãÃƒƒ‚ã“ÃS"ãÃ3ã““S“S#2ÆfÇ6RÆW†6ÇVFVEög&öÕ÷V&Æ—6†W%öÖVã²–æ6öç6—7FVçE÷&u÷6–væÂÆW‡W&–ÖVçFÅ÷V&Æ—6†W%÷7WÆVÖVçBÃã3‚÷3CS“‚Ó#RÓ#ScBÓ ¦¶÷¦Æ÷w6¶•ó##U÷66–VçF–f–5÷&W÷'G2ÆfööE÷v7FUö‡–G&ö6†%ó#C2ÃÃC“rÃ#ãsƒ33332Ã#ÃRãssƒ332Ã3rÆ‡–G&ö6†"Ã#CÃRãÃ##CrãsÃS"ãÃ3“"ãs3CƒsC"ÇG'VRÂÆW‡W&–ÖVçFÅ÷V&Æ—6†W%÷7WÆVÖVçBÃã3‚÷3CS“‚Ó#RÓ#ScBÓ ¦¶÷¦Æ÷w6¶•ó##U÷66–VçF–f–5÷&W÷'G2ÆfööE÷v7FUö‡–G&ö6†%ó#C2Ã"ÃC“rÃ#ãsƒ33332Ã#ÃRãssƒ332Ã3rÆ‡–G&ö6†"Ã#CÃRãÃ##3’ãÃS"ãÃ3“ã#3#CCsBÇG'VRÂÆW‡W&–ÖVçFÅ÷V&Æ—6†W%÷7WÆVÖVçBÃã3‚÷3CS“‚Ó#RÓ#ScBÓ ¦¶÷¦Æ÷w6¶•ó##U÷66–VçF–f–5÷&W÷'G2ÆfööE÷v7FUö‡–G&ö6†%ó#C2Ã2ÃC“rÃ#ãsƒ33332Ã#ÃRãssƒ332Ã3rÆ‡–G&ö6†"Ã#CÃRãÃ##rãCÃS"ãÃ3ƒRã3#c“Cc3RÇG'VRÂÆW‡W&–ÖVçFÅ÷V&Æ—6†W%÷7WÆVÖVçBÃã3‚÷3CS“‚Ó#RÓ#ScBÓ ¦¶÷¦Æ÷w6¶•ó##U÷66–VçF–f–5÷&W÷'G2ÆfööE÷v7FRÃÃC“‚Ã#ãsSÃ#ÃRãƒsSÃ3rÆæöæRÂÃãÃ#‚ãcÃS"ã#Ã3Cã3ƒ3ƒCbÇG'VRÂÆW‡W&–ÖVçFÅ÷V&Æ—6†W%÷7WÆVÖVçBÃã3‚÷3CS“‚Ó#RÓ#ScBÓ ¦¶÷¦Æ÷w6¶•ó##U÷66–VçF–f–5÷&W÷'G2ÆfööE÷v7FRÃ"ÃC“‚Ã#ãsSÃ#ÃRãƒsSÃ3rÆæöæRÂÃãÃ#rãsÃS"ã#Ã3cãScsƒCBÇG'VRÂÆW‡W&–ÖVçFÅ÷V&Æ—6†W%÷7WÆVÖVçBÃã3‚÷3CS“‚Ó#RÓ#ScBÓ ¦¶÷¦Æ÷w6¶•ó##U÷66–VçF–f–5÷&W÷'G2ÆfööE÷v7FRÃ2ÃC“‚Ã#ãsSÃ#ÃRãƒsSÃ3rÆæöæRÂÃãÃ##rãsÃS"ã#Ã3cRã3SƒssCbÇG'VRÂÆW‡W&–ÖVçFÅ÷V&Æ—6†W%÷7WÆVÖVçBÃã3‚÷3CS“‚Ó#RÓ#ScBÓ ¦¶÷¦Æ÷w6¶•ó##U÷66–VçF–f–5÷&W÷'G2ÆfööE÷v7FU÷F÷'&Vf7F–öåó#C2ÃÃC“‚Ã#ãsSÃ#ÃRãƒsSÃ3rÇF÷'&Vf7F–öå÷&öGV7BÃ#CÃRãÃ#3"ãsÃS"ã#ÃCBãSsƒcc3rÇG'VRÂÆW‡W&–ÖVçFÅ÷V&Æ—6†W%÷7WÆVÖVçBÃã3‚÷3CS“‚Ó#RÓ#ScBÓ ¦¶÷¦Æ÷w6¶•ó##U÷66–VçF–f–5÷&W÷'G2ÆfööE÷v7FU÷F÷'&Vf7F–öåó#C2Ã"ÃC“‚Ã#ãsSÃ#ÃRãƒsSÃ3rÇF÷'&Vf7F–öå÷&öGV7BÃ#CÃRãÃSã“ÃS"ã#ÂÓ"ãSS333SÆfÇ6RÆW†6ÇVFVEög&öÕ÷V&Æ—6†W%öÖVã²–æ6öç6—7FVçE÷&u÷6–væÂÆW‡W&–ÖVçFÅ÷V&Æ—6†W%÷7WÆVÖVçBÃã3‚÷3CS“‚Ó#RÓ#ScBÓ ¦¶÷¦Æ÷w6¶•ó##U÷66–VçF–f–5÷&W÷'G2ÆfööE÷v7FU÷F÷'&Vf7F–öåó#C2Ã2ÃC“‚Ã#ãsSÃ#ÃRãƒsSÃ3rÇF÷'&Vf7F–öå÷&öGV7BÃ#CÃRãÃ##ƒbãSÃS"ã#ÃCã“ƒs“CrÇG'VRÂÆW‡W&–ÖVçFÅ÷V&Æ—6†W%÷7WÆVÖVçBÃã3‚÷3CS“‚Ó#RÓ#ScBÓ ¦¶÷¦Æ÷w6¶•ó##U÷66–VçF–f–5÷&W÷'G2ÆfööE÷v7FU÷—&öÇ—6—5óc2ÃÃC“‚Ã#ãsSÃ#ÃRãƒsSÃ3rÆ&–ö6†"ÃcÃRãÃ#CBãCÃS"ã#Ã3c‚ãƒ“3ƒ3S’ÇG'VRÂÆW‡W&–ÖVçFÅ÷V&Æ—6†W%÷7WÆVÖVçBÃã3‚÷3CS“‚Ó#RÓ#ScBÓ ¦¶÷¦Æ÷w6¶•ó##U÷66–VçF–f–5÷&W÷'G2ÆfööE÷v7FU÷—&öÇ—6—5óc2Ã"ÃC“‚Ã#ãsSÃ#ÃRãƒsSÃ3rÆ&–ö6†"ÃcÃRãÃ#S‚ãCÃS"ã#Ã3sã“s#ƒ“ÇG'VRÂÆW‡W&–ÖVçFÅ÷V&Æ—6†W%÷7WÆVÖVçBÃã3‚÷3CS“‚Ó#RÓ#ScBÓ ¦¶÷¦Æ÷w6¶•ó##U÷66–VçF–f–5÷&W÷'G2ÆfööE÷v7FU÷—&öÇ—6—5óc2Ã2ÃC“‚Ã#ãsSÃ#ÃRãƒsSÃ3rÆ&–ö6†"ÃcÃRãÃƒƒ’ã#ÃS"ã#Ã3ãCCsƒc“"ÆfÇ6RÆW†6ÇVFVEög&öÕ÷V&Æ—6†W%öÖVã²–æ6öç6—7FVçE÷&u÷6–væÂÆW‡W&–ÖVçFÅ÷V&Æ—6†W%÷7WÆVÖVçBÃã3‚÷3CS“‚Ó#RÓ#ScBÓ ¦¶÷¦Æ÷w6¶•ó##U÷66–VçF–f–5÷&W÷'G2ÆfööE÷v7FUö‡–G&ö6†%ó#C2ÃÃC“‚Ã#ãsSÃ#ÃRãƒsSÃ3rÆ‡–G&ö6†"Ã#CÃRãÃ##C‚ãSÃS"ã#Ã3“"ã33cSƒ32ÇG'VRÂÆW‡W&–ÖVçFÅ÷V&Æ—6†W%÷7WÆVÖVçBÃã3‚÷3CS“‚Ó#RÓ#ScBÓ ¦¶÷¦Æ÷w6¶•ó##U÷66–VçF–f–5÷&W÷'G2ÆfööE÷v7FUö‡–G&ö6†%ó#C2Ã"ÃC“‚Ã#ãsSÃ#ÃRãƒsSÃ3rÆ‡–G&ö6†"Ã#CÃRãÃ##3’ã“ÃS"ã#Ã3“ã3ƒƒCScRÇG'VRÂÆW‡W&–ÖVçFÅ÷V&Æ—6†W%÷7WÆVÖVçBÃã3‚÷3CS“‚Ó#RÓ#ScBÓ ¦¶÷¦Æ÷w6¶•ó##U÷66–VçF–f–5÷&W÷'G2ÆfööE÷v7FUö‡–G&ö6†%ó#C2Ã2ÃC“‚Ã#ãsSÃ#ÃRãƒsSÃ3rÆ‡–G&ö6†"Ã#CÃRãÃ##rãsÃS"ã#Ã3ƒRã3s#3ƒBÇG'VRÂÆW‡W&–ÖVçFÅ÷V&Æ—6†W%÷7WÆVÖVçBÃã3‚÷3CS“‚Ó#RÓ#ScBÓ ¦¶÷¦Æ÷w6¶•ó##U÷66–VçF–f–5÷&W÷'G2ÆfööE÷v7FRÃÃC“’Ã#ãs“ccccrÃ#ÃRã“s“ccrÃ3rÆæöæRÂÃãÃ#‚ã“ÃS"ã3Ã3CãC#“#RÇG'VRÂÆW‡W&–ÖVçFÅ÷V&Æ—6†W%÷7WÆVÖVçBÃã3‚÷3CS“‚Ó#RÓ#ScBÓ ¦¶÷¦Æ÷w6¶•ó##U÷66–VçF–f–5÷&W÷'G2ÆfööE÷v7FRÃ"ÃC“’Ã#ãs“ccccrÃ#ÃRã“s“ccrÃ3rÆæöæRÂÃãÃ#‚ãÃS"ã3Ã3cãSc“2ÇG'VRÂÆW‡W&–ÖVçFÅ÷V&Æ—6†W%÷7WÆVÖVçBÃã3‚÷3CS“‚Ó#RÓ#ScBÓ ¦¶÷¦Æ÷w6¶•ó##U÷66–VçF–f–5÷&W÷'G2ÆfööE÷v7FRÃ2ÃC“’Ã#ãs“ccccrÃ#ÃRã“s“ccrÃ3rÆæöæRÂÃãÃ##‚ãÃS"ã3Ã3cRãƒc“RÇG'VRÂÆW‡W&–ÖVçFÅ÷V&Æ—6†W%÷7WÆVÖVçBÃã3‚÷3CS“‚Ó#RÓ#ScBÓ ¦¶÷¦Æ÷w6¶•ó##U÷66–VçF–f–5÷&W÷'G2ÆfööE÷v7FU÷F÷'&Vf7F–öåó#C2ÃÃC“’Ã#ãs“ccccrÃ#ÃRã“s“ccrÃ3rÇF÷'&Vf7F–öå÷&öGV7BÃ#CÃRãÃ#32ãSÃS"ã3ÃCBãs3csss#’ÇG'VRÂÆW‡W&–ÖVçFÅ÷V&Æ—6†W%÷7WÆVÖVçBÃã3‚÷3CS“‚Ó#RÓ#ScBÓ ¦¶÷¦Æ÷w6¶•ó##U÷66–VçF–f–5÷&W÷'G2ÆfööE÷v7FU÷F÷'&Vf7F–öåó#C2Ã"ÃC“’Ã#ãs“ccccrÃ#ÃRã“s“ccrÃ3rÇF÷'&Vf7F–öå÷&öGV7BÃ#CÃRãÃSãsÃS"ã3ÂÓ"ã3“SS“S‚ÆfÇ6RÆW†6ÇVFVEög&öÕ÷V&Æ—6†W%öÖVã²–æ6öç6—7FVçE÷&u÷6–væÂÆW‡W&–ÖVçFÅ÷V&Æ—6†W%÷7WÆVÖVçBÃã3‚÷3CS“‚Ó#RÓ#ScBÓ ¦¶÷¦Æ÷w6¶•ó##U÷66–VçF–f–5÷&W÷'G2ÆfööE÷v7FU÷F÷'&Vf7F–öåó#C2Ã2ÃC“’Ã#ãs“ccccrÃ#ÃRã“s“ccrÃ3rÇF÷'&Vf7F–öå÷&öGV7BÃ#CÃRãÃ##ƒbã“ÃS"ã3ÃCã“ƒSƒcsÇG'VRÂÆW‡W&–ÖVçFÅ÷V&Æ—6†W%÷7WÆVÖVçBÃã3‚÷3CS“‚Ó#RÓ#ScBÓ ¦¶÷¦Æ÷w6¶•ó##U÷66–VçF–f–5÷&W÷'G2ÆfööE÷v7FU÷—&öÇ—6—5óc2ÃÃC“’Ã#ãs“ccccrÃ#ÃRã“s“ccrÃ3rÆ&–ö6†"ÃcÃRãÃ#CBãƒÃS"ã3Ã3c‚ãƒsss2ÇG'VRÂÆW‡W&–ÖVçFÅ÷V&Æ—6†W%÷7WÆVÖVçBÃã3‚÷3CS“‚Ó#RÓ#ScBÓ ¦¶÷¦Æ÷w6¶•ó##U÷66–VçF–f–5÷&W÷'G2ÆfööE÷v7FU÷—&öÇ—6—5óc2Ã"ÃC“’Ã#ãs“ccccrÃ#ÃRã“s“ccrÃ3rÆ&–ö6†"ÃcÃRãÃ#S‚ãƒÃS"ã3Ã3s"ãCSƒ“CBÇG'VRÂÆW‡W&–ÖVçFÅ÷V&Æ—6†W%÷7WÆVÖVçBÃã3‚÷3CS“‚Ó#RÓ#ScBÓ ¦¶÷¦Æ÷w6¶•ó##U÷66–VçF–f–5÷&W÷'G2ÆfööE÷v7FU÷—&öÇ—6—5óc2Ã2ÃC“’Ã#ãs“ccccrÃ#ÃRã“s“ccrÃ3rÆ&–ö6†"ÃcÃRãÃƒƒ’ãCÃS"ã3Ã3ãcs3ƒ#sbÆfÇ6RÆW†6ÇVFVEög&öÕ÷V&Æ—6†W%öÖVã²–æ6öç6—7FVçE÷&u÷6–væÂÆW‡W&–ÖVçFÅ÷V&Æ—6†W%÷7WÆVÖVçBÃã3‚÷3CS“‚Ó#RÓ#ScBÓ ¦¶÷¦Æ÷w6¶•ó##U÷66–VçF–f–5÷&W÷'G2ÆfööE÷v7FUö‡–G&ö6†%ó#C2ÃÃC“’Ã#ãs“ccccrÃ#ÃRã“s“ccrÃ3rÆ‡–G&ö6†"Ã#CÃRãÃ##C’ã#ÃS"ã3Ã3“"ãCcs#33CÇG'VRÂÆW‡W&–ÖVçFÅ÷V&Æ—6†W%÷7WÆVÖVçBÃã3‚÷3CS“‚Ó#RÓ#ScBÓ ¦¶÷¦Æ÷w6¶•ó##U÷66–VçF–f–5÷&W÷'G2ÆfööE÷v7FUö‡–G&ö6†%ó#C2Ã"ÃC“’Ã#ãs“ccccrÃ#ÃRã“s“ccrÃ3rÆ‡–G&ö6†"Ã#CÃRãÃ##CãcÃS"ã3Ã3“ãS#3““s"ÇG'VRÂÆW‡W&–ÖVçFÅ÷V&Æ—6†W%÷7WÆVÖVçBÃã3‚÷3CS“‚Ó#RÓ#ScBÓ ¦¶÷¦Æ÷w6¶•ó##U÷66–VçF–f–5÷&W÷'G2ÆfööE÷v7FUö‡–G&ö6†%ó#C2Ã2ÃC“’Ã#ãs“ccccrÃ#ÃRã“s“ccrÃ3rÆ‡–G&ö6†"Ã#CÃRãÃ##‚ãÃS"ã3Ã3ƒRãCs3#“s2ÇG'VRÂÆW‡W&–ÖVçFÅ÷V&Æ—6†W%÷7WÆVÖVçBÃã3‚÷3CS“‚Ó#RÓ#ScBÓ ¦¶÷¦Æ÷w6¶•ó##U÷66–VçF–f–5÷&W÷'G2ÆfööE÷v7FRÃÃSÃ#ãƒ3333332Ã#ÃRã#ƒ33332Ã3rÆæöæRÂÃãÃ#’ã#ÃS"ãCÃ3CãCsC“3ƒBÇG'VRÂÆW‡W&–ÖVçFÅ÷V&Æ—6†W%÷7WÆVÖVçBÃã3‚÷3CS“‚Ó#RÓ#ScBÓ ¦¶÷¦Æ÷w6¶•ó##U÷66–VçF–f–5÷&W÷'G2ÆfööE÷v7FRÃ"ÃSÃ#ãƒ3333332Ã#ÃRã#ƒ33332Ã3rÆæöæRÂÃãÃ#‚ã3ÃS"ãCÃ3cãcs“ƒ"ÇG'VRÂÆW‡W&–ÖVçFÅ÷V&Æ—6†W%÷7WÆVÖVçBÃã3‚÷3CS“‚Ó#RÓ#ScBÓ ¦¶÷¦Æ÷w6¶•ó##U÷66–VçF–f–5÷&W÷'G2ÆfööE÷v7FRÃ2ÃSÃ#ãƒ3333332Ã#ÃRã#ƒ33332Ã3rÆæöæRÂÃãÃ##‚ãCÃS"ãCÃ3cRãCƒƒScc’ÇG'VRÂÆW‡W&–ÖVçFÅ÷V&Æ—6†W%÷7WÆVÖVçBÃã3‚÷3CS“‚Ó#RÓ#ScBÓ ¦¶÷¦Æ÷w6¶•ó##U÷66–VçF–f–5÷&W÷'G2ÆfööE÷v7FU÷F÷'&Vf7F–öåó#C2ÃÃSÃ#ãƒ3333332Ã#ÃRã#ƒ33332Ã3rÇF÷'&Vf7F–öå÷&öGV7BÃ#CÃRãÃ#3Bã3ÃS"ãCÃCBãƒ“C“Cƒ#ÇG'VRÂÆW‡W&–ÖVçFÅ÷V&Æ—6†W%÷7WÆVÖVçBÃã3‚÷3CS“‚Ó#RÓ#ScBÓ ¦¶÷¦Æ÷w6¶•ó##U÷66–VçF–f–5÷&W÷'G2ÆfööE÷v7FU÷F÷'&Vf7F–öåó#C2Ã"ÃSÃ#ãƒ3333332Ã#ÃRã#ƒ33332Ã3rÇF÷'&Vf7F–öå÷&öGV7BÃ#CÃRãÃS"ãSÃS"ãCÂÓ"ã#3c“ƒƒcbÆfÇ6RÆW†6ÇVFVEög&öÕ÷V&Æ—6†W%öÖVã²–æ6öç6—7FVçE÷&u÷6–væÂÆW‡W&–ÖVçFÅ÷V&Æ—6†W%÷7WÆVÖVçBÃã3‚÷3CS“‚Ó#RÓ#ScBÓ ¦¶÷¦Æ÷w6¶•ó##U÷66–VçF–f–5÷&W÷'G2ÆfööE÷v7FU÷F÷'&Vf7F–öåó#C2Ã2ÃSÃ#ãƒ3333332Ã#ÃRã#ƒ33332Ã3rÇF÷'&Vf7F–öå÷&öGV7BÃ#CÃRãÃ##ƒrã3ÃS"ãCÃCãS3cSCSBÇG'VRÂÆW‡W&–ÖVçFÅ÷V&Æ—6†W%÷7WÆVÖVçBÃã3‚÷3CS“‚Ó#RÓ#ScBÓ ¦¶÷¦Æ÷w6¶•ó##U÷66–VçF–f–5÷&W÷'G2ÆfööE÷v7FU÷—&öÇ—6—5óc2ÃÃSÃ#ãƒ3333332Ã#ÃRã#ƒ33332Ã3rÆ&–ö6†"ÃcÃRãÃ#CRã#ÃS"ãCÃ3c‚ã“CC“SƒcbÇG'VRÂÆW‡W&–ÖVçFÅ÷V&Æ—6†W%÷7WÆVÖVçBÃã3‚÷3CS“‚Ó#RÓ#ScBÓ ¦¶÷¦Æ÷w6¶•ó##U÷66–VçF–f–5÷&W÷'G2ÆfööE÷v7FU÷—&öÇ—6—5óc2Ã"ÃSÃ#ãƒ3333332Ã#ÃRã#ƒ33332Ã3rÆ&–ö6†"ÃcÃRãÃ#S’ã3ÃS"ãCÃ3s"ã3“s#ƒ"ÇG'VRÂÆW‡W&–ÖVçFÅ÷V&Æ—6†W%÷7WÆVÖVçBÃã3‚÷3CS“‚Ó#RÓ#ScBÓ ¦¶÷¦Æ÷w6¶•ó##U÷66–VçF–f–5÷&W÷'G2ÆfööE÷v7FU÷—&öÇ—6—5óc2Ã2ÃSÃ#ãƒ3333332Ã#ÃRã#ƒ33332Ã3rÆ&–ö6†"ÃcÃRãÃƒƒ’ãsÃS"ãCÃ3ã##SsCCRÆfÇ6RÆW†6ÇVFVEög&öÕ÷V&Æ—6†W%öÖVã²–æ6öç6—7FVçE÷&u÷6–væÂÆW‡W&–ÖVçFÅ÷V&Æ—6†W%÷7WÆVÖVçBÃã3‚÷3CS“‚Ó#RÓ#ScBÓ ¦¶÷¦Æ÷w6¶•ó##U÷66–VçF–f–5÷&W÷'G2ÆfööE÷v7FUö‡–G&ö6†%ó#C2ÃÃSÃ#ãƒ3333332Ã#ÃRã#ƒ33332Ã3rÆ‡–G&ö6†"Ã#CÃRãÃ##C’ã“ÃS"ãCÃ3“"ãc#ƒƒCrÇG'VRÂÆW‡W&–ÖVçFÅ÷V&Æ—6†W%÷7WÆVÖVçBÃã3‚÷3CS“‚Ó#RÓ#ScBÓ ¦¶÷¦Æ÷w6¶•ó##U÷66–VçF–f–5÷&W÷'G2ÆfööE÷v7FUö‡–G&ö6†%ó#C2Ã"ÃSÃ#ãƒ3333332Ã#ÃRã#ƒ33332Ã3rÆ‡–G&ö6†"Ã#CÃRãÃ##Cã3ÃS"ãCÃ3“ãcS“ScSs’ÇG'VRÂÆW‡W&–ÖVçFÅ÷V&Æ—6†W%÷7WÆVÖVçBÃã3‚÷3CS“‚Ó#RÓ#ScBÓ ¦¶÷¦Æ÷w6¶•ó##U÷66–VçF–f–5÷&W÷'G2ÆfööE÷v7FUö‡–G&ö6†%ó#C2Ã2ÃSÃ#ãƒ3333332Ã#ÃRã#ƒ33332Ã3rÆ‡–G&ö6†"Ã#CÃRãÃ##‚ãCÃS"ãCÃ3ƒRãCƒSs#rÇG'VRÂÆW‡W&–ÖVçFÅ÷V&Æ—6†W%÷7WÆVÖVçBÃã3‚÷3CS“‚Ó#RÓ#ScBÓ ¦¶÷¦Æ÷w6¶•ó##U÷66–VçF–f–5÷&W÷'G2ÆfööE÷v7FRÃÃSÃ#ãƒsSÃ#ÃRã#ƒsSÃ3rÆæöæRÂÃãÃ#’ãSÃS"ãSÃ3CãS“3ƒSSBÇG'VRÂÆW‡W&–ÖVçFÅ÷V&Æ—6†W%÷7WÆVÖVçBÃã3‚÷3CS“‚Ó#RÓ#ScBÓ ¦¶÷¦Æ÷w6¶•ó##U÷66–VçF–f–5÷&W÷'G2ÆfööE÷v7FRÃ"ÃSÃ#ãƒsSÃ#ÃRã#ƒsSÃ3rÆæöæRÂÃãÃ#‚ãcÃS"ãSÃ3cãcS##ƒ3SÇG'VRÂÆW‡W&–ÖVçFÅ÷V&Æ—6†W%÷7WÆVÖVçBÃã3‚÷3CS“‚Ó#RÓ#ScBÓ ¦¶÷¦Æ÷w6¶•ó##U÷66–VçF–f–5÷&W÷'G2ÆfööE÷v7FRÃ2ÃSÃ#ãƒsSÃ#ÃRã#ƒsSÃ3rÆæöæRÂÃãÃ##‚ãsÃS"ãSÃ3cRã“CCƒ3‚ÇG'VRÂÆW‡W&–ÖVçFÅ÷V&Æ—6†W%÷7WÆVÖVçBÃã3‚÷3CS“‚Ó#RÓ#ScBÓ ¦¶÷¦Æ÷w6¶•ó##U÷66–VçF–f–5÷&W÷'G2ÆfööE÷v7FU÷F÷'&Vf7F–öåó#C2ÃÃSÃ#ãƒsSÃ#ÃRã#ƒsSÃ3rÇF÷'&Vf7F–öå÷&öGV7BÃ#CÃRãÃ#3Rã#ÃS"ãSÃCRãsSsC“bÇG'VRÂÆW‡W&–ÖVçFÅ÷V&Æ—6†W%÷7WÆVÖVçBÃã3‚÷3CS“‚Ó#RÓ#ScBÓ ¦¶÷¦Æ÷w6¶•ó##U÷66–VçF–f–5÷&W÷'G2ÆfööE÷v7FU÷F÷'&Vf7F–öåó#C2Ã"ÃSÃ#ãƒsSÃ#ÃRã#ƒsSÃ3rÇF÷'&Vf7F–öå÷&öGV7BÃ#CÃRãÃS2ã3ÃS"ãSÂÓ"ãsƒƒssRÆfÇ6RÆW†6ÇVFVEög&öÕ÷V&Æ—6†W%öÖVã²–æ6öç6—7FVçE÷&u÷6–væÂÆW‡W&–ÖVçFÅ÷V&Æ—6†W%÷7WÆVÖVçBÃã3‚÷3CS“‚Ó#RÓ#ScBÓ ¦¶÷¦Æ÷w6¶•ó##U÷66–VçF–f–5÷&W÷'G2ÆfööE÷v7FU÷F÷'&Vf7F–öåó#C2Ã2ÃSÃ#ãƒsSÃ#ÃRã#ƒsSÃ3rÇF÷'&Vf7F–öå÷&öGV7BÃ#CÃRãÃ##ƒrãsÃS"ãSÃCã#CC#rÇG'VRÂÆW‡W&–ÖVçFÅ÷V&Æ—6†W%÷7WÆVÖVçBÃã3‚÷3CS“‚Ó#RÓ#ScBÓ ¦¶÷¦Æ÷w6¶•ó##U÷66–VçF–f–5÷&W÷'G2ÆfööE÷v7FU÷—&öÇ—6—5óc2ÃÃSÃ#ãƒsSÃ#ÃRã#ƒsSÃ3rÆ&–ö6†"ÃcÃRãÃ#CRãSÃS"ãSÃ3c‚ã““S3RÇG'VRÂÆW‡W&–ÖVçFÅ÷V&Æ—6†W%÷7WÆVÖVçBÃã3‚÷3CS“‚Ó#RÓ#ScBÓ ¦¶÷¦Æ÷w6¶•ó##U÷66–VçF–f–5÷&W÷'G2ÆfööE÷v7FU÷—&öÇ—6—5óc2Ã"ÃSÃ#ãƒsSÃ#ÃRã#ƒsSÃ3rÆ&–ö6†"ÃcÃRãÃ#S’ãsÃS"ãSÃ3s"ã“ƒsc3RÇG'VRÂÆW‡W&–ÖVçFÅ÷V&Æ—6†W%÷7WÆVÖVçBÃã3‚÷3CS“‚Ó#RÓ#ScBÓ ¦¶÷¦Æ÷w6¶•ó##U÷66–VçF–f–5÷&W÷'G2ÆfööE÷v7FU÷—&öÇ—6—5óc2Ã2ÃSÃ#ãƒsSÃ#ÃRã#ƒsSÃ3rÆ&–ö6†"ÃcÃRãÃƒ“ãÃS"ãSÃ3ã#SssccBÆfÇ6RÆW†6ÇVFVEög&öÕ÷V&Æ—6†W%öÖVã²–æ6öç6—7FVçE÷&u÷6–væÂÆW‡W&–ÖVçFÅ÷V&Æ—6†W%÷7WÆVÖVçBÃã3‚÷3CS“‚Ó#RÓ#ScBÓ ¦¶÷¦Æ÷w6¶•ó##U÷66–VçF–f–5÷&W÷'G2ÆfööE÷v7FUö‡–G&ö6†%ó#C2ÃÃSÃ#ãƒsSÃ#ÃRã#ƒsSÃ3rÆ‡–G&ö6†"Ã#CÃRãÃ##SãsÃS"ãSÃ3“"ãsc“s“3’ÇG'VRÂÆW‡W&–ÖVçFÅ÷V&Æ—6†W%÷7WÆVÖVçBÃã3‚÷3CS“‚Ó#RÓ#ScBÓ ¦¶÷¦Æ÷w6¶•ó##U÷66–VçF–f–5÷&W÷'G2ÆfööE÷v7FUö‡–G&ö6†%ó#C2Ã"ÃSÃ#ãƒsSÃ#ÃRã#ƒsSÃ3rÆ‡–G&ö6†"Ã#CÃRãÃ##C"ãÃS"ãSÃ3“ãƒss3csÇG'VRÂÆW‡W&–ÖVçFÅ÷V&Æ—6†W%÷7WÆVÖVçBÃã3‚÷3CS“‚Ó#RÓ#ScBÓ ¦¶÷¦Æ÷w6¶•ó##U÷66–VçF–f–5÷&W÷'G2ÆfööE÷v7FUö‡–G&ö6†%ó#C2Ã2ÃSÃ#ãƒsSÃ#ÃRã#ƒsSÃ3rÆ‡–G&ö6†"Ã#CÃRãÃ##‚ãsÃS"ãSÃ3ƒRãS33ƒ“bÇG'VRÂÆW‡W&–ÖVçFÅ÷V&Æ—6†W%÷7WÆVÖVçBÃã3‚÷3CS“‚Ó#RÓ#ScBÓ ¦¶÷¦Æ÷w6¶•ó##U÷66–VçF–f–5÷&W÷'G2ÆfööE÷v7FRÃÃS"Ã#ã“cccccrÃ#ÃRã##“cccrÃ3rÆæöæRÂÃãÃ#’ãƒÃS"ãcÃ3CãScCSss#2ÇG'VRÂÆW‡W&–ÖVçFÅ÷V&Æ—6†W%÷7WÆVÖVçBÃã3‚÷3CS“‚Ó#RÓ#ScBÓ ¦¶÷¦Æ÷w6¶•ó##U÷66–VçF–f–5÷&W÷'G2ÆfööE÷v7FRÃ"ÃS"Ã#ã“cccccrÃ#ÃRã##“cccrÃ3rÆæöæRÂÃãÃ#‚ã“ÃS"ãcÃ3cãc“sCsS#ÇG'VRÂÆW‡W&–ÖVçFÅ÷V&Æ—6†W%÷7WÆVÖVçBÃã3‚÷3CS“‚Ó#RÓ#ScBÓ ¦¶÷¦Æ÷w6¶•ó##U÷66–VçF–f–5÷&W÷'G2ÆfööE÷v7FRÃ2ÃS"Ã#ã“cccccrÃ#ÃRã##“cccrÃ3rÆæöæRÂÃãÃ##’ãÃS"ãcÃ3cRã#3“#CrÇG'VRÂÆW‡W&–ÖVçFÅ÷V&Æ—6†W%÷7WÆVÖVçBÃã3‚÷3CS“‚Ó#RÓ#ScBÓ ¦¶÷¦Æ÷w6¶•ó##U÷66–VçF–f–5÷&W÷'G2ÆfööE÷v7FU÷F÷'&Vf7F–öåó#C2ÃÃS"Ã#ã“cccccrÃ#ÃRã##“cccrÃ3rÇF÷'&Vf7F–öå÷&öGV7BÃ#CÃRãÃ#3bãÃS"ãcÃCRã#33ƒƒSƒ‚ÇG'VRÂÆW‡W&–ÖVçFÅ÷V&Æ—6†W%÷7WÆVÖVçBÃã3‚÷3CS“‚Ó#RÓ#ScBÓ ¦¶÷¦Æ÷w6¶•ó##U÷66–VçF–f–5÷&W÷'G2ÆfööE÷v7FU÷F÷'&Vf7F–öåó#C2Ã"ÃS"Ã#ã“cccccrÃ#ÃRã##“cccrÃ3rÇF÷'&Vf7F–öå÷&öGV7BÃ#CÃRãÃSBãÃS"ãcÂÓã“#cCcƒ2ÆfÇ6RÆW†6ÇVFVEög&öÕ÷V&Æ—6†W%öÖVã²–æ6öç6—7FVçE÷&u÷6–væÂÆW‡W&–ÖVçFÅ÷V&Æ—6†W%÷7WÆVÖVçBÃã3‚÷3CS“‚Ó#RÓ#ScBÓ ¦¶÷¦Æ÷w6¶•ó##U÷66–VçF–f–5÷&W÷'G2ÆfööE÷v7FU÷F÷'&Vf7F–öåó#C2Ã2ÃS"Ã#ã“cccccrÃ#ÃRã##“cccrÃ3rÇF÷'&Vf7F–öå÷&öGV7BÃ#CÃRãÃ##ƒ‚ãÃS"ãcÃCãƒ“##“cÇG'VRÂÆW‡W&–ÖVçFÅ÷V&Æ—6†W%÷7WÆVÖVçBÃã3‚÷3CS“‚Ó#RÓ#ScBÓ ¦¶÷¦Æ÷w6¶•ó##U÷66–VçF–f–5÷&W÷'G2ÆfööE÷v7FU÷—&öÇ—6—5óc2ÃÃS"Ã#ã“cccccrÃ#ÃRã##“cccrÃ3rÆ&–ö6†"ÃcÃRãÃ#CRã“ÃS"ãcÃ3c’ãSs“3sƒ’ÇG'VRÂÆW‡W&–ÖVçFÅ÷V&Æ—6†W%÷7WÆVÖVçBÃã3‚÷3CS“‚Ó#RÓ#ScBÓ ¦¶÷¦Æ÷w6¶•ó##U÷66–VçF–f–5÷&W÷'G2ÆfööE÷v7FU÷—&öÇ—6—5óc2Ã"ÃS"Ã#ã“cccccrÃ#ÃRã##“cccrÃ3rÆ&–ö6†"ÃcÃRãÃ#cãÃS"ãcÃ3s"ã#ccSCsƒ’ÇG'VRÂÆW‡W&–ÖVçFÅ÷V&Æ—6†W%÷7WÆVÖVçBÃã3‚÷3CS“‚Ó#RÓ#ScBÓ ¦¶÷¦Æ÷w6¶•ó##U÷66–VçF–f–5÷&W÷'G2ÆfööE÷v7FU÷—&öÇ—6—5óc2Ã2ÃS"Ã#ã“cccccrÃ#ÃRã##“cccrÃ3rÆ&–ö6†"ÃcÃRãÃƒ“ã#ÃS"ãcÃ3ã#ƒ3c“’ÆfÇ6RÆW†6ÇVFVEög&öÕ÷V&Æ—6†W%öÖVã²–æ6öç6—7FVçE÷&u÷6–væÂÆW‡W&–ÖVçFÅ÷V&Æ—6†W%÷7WÆVÖVçBÃã3‚÷3CS“‚Ó#RÓ#ScBÓ ¦¶÷¦Æ÷w6¶•ó##U÷66–VçF–f–5÷&W÷'G2ÆfööE÷v7FUö‡–G&ö6†%ó#C2ÃÃS"Ã#ã“cccccrÃ#ÃRã##“cccrÃ3rÆ‡–G&ö6†"Ã#CÃRãÃ##SãCÃS"ãcÃ3“"ãƒ“cSSCCbÇG'VRÂÆW‡W&–ÖVçFÅ÷V&Æ—6†W%÷7WÆVÖVçBÃã3‚÷3CS“‚Ó#RÓ#ScBÓ ¦¶÷¦Æ÷w6¶•ó##U÷66–VçF–f–5÷&W÷'G2ÆfööE÷v7FUö‡–G&ö6†%ó#C2Ã"ÃS"Ã#ã“cccccrÃ#ÃRã##“cccrÃ3rÆ‡–G&ö6†"Ã#CÃRãÃ##C"ãƒÃS"ãcÃ3“ã“S33s‚ÇG'VRÂÆW‡W&–ÖVçFÅ÷V&Æ—6†W%÷7WÆVÖVçBÃã3‚÷3CS“‚Ó#RÓ#ScBÓ ¦¶÷¦Æ÷w6¶•ó##U÷66–VçF–f–5÷&W÷'G2ÆfööE÷v7FUö‡–G&ö6†%ó#C2Ã2ÃS"Ã#ã“cccccrÃ#ÃRã##“cccrÃ3rÆ‡–G&ö6†"Ã#CÃRãÃ##’ãÃS"ãcÃ3ƒRãSsSScRÇG'VRÂÆW‡W&–ÖVçFÅ÷V&Æ—6†W%÷7WÆVÖVçBÃã3‚÷3CS“‚Ó#RÓ#ScBÓ ¦¶÷¦Æ÷w6¶•ó##U÷66–VçF–f–5÷&W÷'G2ÆfööE÷v7FRÃÃS2Ã#ã“Sƒ33332Ã#ÃRã#3“Sƒ332Ã3rÆæöæRÂÃãÃ##ãÃS"ãsÃ3Cãc“scƒ“"ÇG'VRÂÆW‡W&–ÖVçFÅ÷V&Æ—6†W%÷7WÆVÖVçBÃã3‚÷3CS“‚Ó#RÓ#ScBÓ ¦¶÷¦Æ÷w6¶•ó##U÷66–VçF–f–5÷&W÷'G2ÆfööE÷v7FRÃ"ÃS2Ã#ã“Sƒ33332Ã#ÃRã#3“Sƒ332Ã3rÆæöæRÂÃãÃ#’ã#ÃS"ãsÃ3cãsC#cccƒ’ÇG'VRÂÆW‡W&–ÖVçFÅ÷V&Æ—6†W%÷7WÆVÖVçBÃã3‚÷3CS“‚Ó#RÓ#ScBÓ ¦¶÷¦Æ÷w6¶•ó##U÷66–VçF–f–5÷&W÷'G2ÆfööE÷v7FRÃ2ÃS2Ã#ã“Sƒ33332Ã#ÃRã#3“Sƒ332Ã3rÆæöæRÂÃãÃ##’ãCÃS"ãsÃ3cRã3s#scÇG'VRÂÆW‡W&–ÖVçFÅ÷V&Æ—6†W%÷7WÆVÖVçBÃã3‚÷3CS“‚Ó#RÓ#ScBÓ ¦¶÷¦Æ÷w6¶•ó##U÷66–VçF–f–5÷&W÷'G2ÆfööE÷v7FU÷F÷'&Vf7F–öåó#C2ÃÃS2Ã#ã“Sƒ33332Ã#ÃRã#3“Sƒ332Ã3rÇF÷'&Vf7F–öå÷&öGV7BÃ#CÃRãÃ#3bãƒÃS"ãsÃCRã3“#Scs’ÇG'VRÂÆW‡W&–ÖVçFÅ÷V&Æ—6†W%÷7WÆVÖVçBÃã3‚÷3CS“‚Ó#RÓ#ScBÓ ¦¶÷¦Æ÷w6¶•ó##U÷66–VçF–f–5÷&W÷'G2ÆfööE÷v7FU÷F÷'&Vf7F–öåó#C2Ã"ÃS2Ã#ã“Sƒ33332Ã#ÃRã#3“Sƒ332Ã3rÇF÷'&Vf7F–öå÷&öGV7BÃ#CÃRãÃSBã“ÃS"ãsÂÓãsc#CsS“"ÆfÇ6RÆW†6ÇVFVEög&öÕ÷V&Æ—6†W%öÖVã²–æ6öç6—7FVçE÷&u÷6–væÂÆW‡W&–ÖVçFÅ÷V&Æ—6†W%÷7WÆVÖVçBÃã3‚÷3CS“‚Ó#RÓ#ScBÓ ¦¶÷¦Æ÷w6¶•ó##U÷66–VçF–f–5÷&W÷'G2ÆfööE÷v7FU÷F÷'&Vf7F–öåó#C2Ã2ÃS2Ã#ã“Sƒ33332Ã#ÃRã#3“Sƒ332Ã3rÇF÷'&Vf7F–öå÷&öGV7BÃ#CÃRãÃ##ƒ‚ãSÃS"ãsÃCã#SssBÇG'VRÂÆW‡W&–ÖVçFÅ÷V&Æ—6†W%÷7WÆVÖVçBÃã3‚÷3CS“‚Ó#RÓ#ScBÓ ¦¶÷¦Æ÷w6¶•ó##U÷66–VçF–f–5÷&W÷'G2ÆfööE÷v7FU÷—&öÇ—6—5óc2ÃÃS2Ã#ã“Sƒ33332Ã#ÃRã#3“Sƒ332Ã3rÆ&–ö6†"ÃcÃRãÃ#Cbã3ÃS"ãsÃ3c’ã#Ss#SC"ÇG'VRÂÆW‡W&–ÖVçFÅ÷V&Æ—6†W%÷7WÆVÖVçBÃã3‚÷3CS“‚Ó#RÓ#ScBÓ ¦¶÷¦Æ÷w6¶•ó##U÷66–VçF–f–5÷&W÷'G2ÆfööE÷v7FU÷—&öÇ—6—5óc2Ã"ÃS2Ã#ã“Sƒ33332Ã#ÃRã#3“Sƒ332Ã3rÆ&–ö6†"ÃcÃRãÃ#cãcÃS"ãsÃ3s"ã3Sc“3#rÇG'VRÂÆW‡W&–ÖVçFÅ÷V&Æ—6†W%÷7WÆVÖVçBÃã3‚÷3CS“‚Ó#RÓ#ScBÓ ¦¶÷¦Æ÷w6¶•ó##U÷66–VçF–f–5÷&W÷'G2ÆfööE÷v7FU÷—&öÇ—6—5óc2Ã2ÃS2Ã#ã“Sƒ33332Ã#ÃRã#3“Sƒ332Ã3rÆ&–ö6†"ÃcÃRãÃƒ“ãSÃS"ãsÃ3ã3#SSS3c‚ÆfÇ6RÆW†6ÇVFVEög&öÕ÷V&Æ—6†W%öÖVã²–æ6öç6—7FVçE÷&u÷6–væÂÆW‡W&–ÖVçFÅ÷V&Æ—6†W%÷7WÆVÖVçBÃã3‚÷3CS“‚Ó#RÓ#ScBÓ ¦¶÷¦Æ÷w6¶•ó##U÷66–VçF–f–5÷&W÷'G2ÆfööE÷v7FUö‡–G&ö6†%ó#C2ÃÃS2Ã#ã“Sƒ33332Ã#ÃRã#3“Sƒ332Ã3rÆ‡–G&ö6†"Ã#CÃRãÃ##S"ãÃS"ãsÃ3“2ã3##“S2ÇG'VRÂÆW‡W&–ÖVçFÅ÷V&Æ—6†W%÷7WÆVÖVçBÃã3‚÷3CS“‚Ó#RÓ#ScBÓ ¦¶÷¦Æ÷w6¶•ó##U÷66–VçF–f–5÷&W÷'G2ÆfööE÷v7FUö‡–G&ö6†%ó#C2Ã"ÃS2Ã#ã“Sƒ33332Ã#ÃRã#3“Sƒ332Ã3rÆ‡–G&ö6†"Ã#CÃRãÃ##C2ãSÃS"ãsÃ3“ãƒƒƒƒcƒRÇG'VRÂÆW‡W&–ÖVçFÅ÷V&Æ—6†W%÷7WÆVÖVçBÃã3‚÷3CS“‚Ó#RÓ#ScBÓ ¦¶÷¦Æ÷w6¶•ó##U÷66–VçF–f–5÷&W÷'G2ÆfööE÷v7FUö‡–G&ö6†%ó#C2Ã2ÃS2Ã#ã“Sƒ33332Ã#ÃRã#3“Sƒ332Ã3rÆ‡–G&ö6†"Ã#CÃRãÃ##’ãCÃS"ãsÃ3ƒRãcC3#ƒƒ‚ÇG'VRÂÆW‡W&–ÖVçFÅ÷V&Æ—6†W%÷7WÆVÖVçBÃã3‚÷3CS“‚Ó#RÓ#ScBÓ ¦¶÷¦Æ÷w6¶•ó##U÷66–VçF–f–5÷&W÷'G2ÆfööE÷v7FRÃÃSBÃ#ãÃ#ÃRã#SÃ3rÆæöæRÂÃãÃ##ãCÃS"ãƒÃ3CãcSC“ccÇG'VRÂÆW‡W&–ÖVçFÅ÷V&Æ—6†W%÷7WÆVÖVçBÃã3‚÷3CS“‚Ó#RÓ#ScBÓ ¦¶÷¦Æ÷w6¶•ó##U÷66–VçF–f–5÷&W÷'G2ÆfööE÷v7FRÃ"ÃSBÃ#ãÃ#ÃRã#SÃ3rÆæöæRÂÃãÃ#’ãSÃS"ãƒÃ3cãsƒsƒSƒS‚ÇG'VRÂÆW‡W&–ÖVçFÅ÷V&Æ—6†W%÷7WÆVÖVçBÃã3‚÷3CS“‚Ó#RÓ#ScBÓ ¦¶÷¦Æ÷w6¶•ó##U÷66–VçF–f–5÷&W÷'G2ÆfööE÷v7FRÃ2ÃSBÃ#ãÃ#ÃRã#SÃ3rÆæöæRÂÃãÃ##’ãsÃS"ãƒÃ3cRã3S##“#’ÇG'VRÂÆW‡W&–ÖVçFÅ÷V&Æ—6†W%÷7WÆVÖVçBÃã3‚÷3CS“‚Ó#RÓ#ScBÓ ¦¶÷¦Æ÷w6¶•ó##U÷66–VçF–f–5÷&W÷'G2ÆfööE÷v7FU÷F÷'&Vf7F–öåó#C2ÃÃSBÃ#ãÃ#ÃRã#SÃ3rÇF÷'&Vf7F–öå÷&öGV7BÃ#CÃRãÃ#3rãsÃS"ãƒÃCRãSs#ƒ#3SRÇG'VRÂÆW‡W&–ÖVçFÅ÷V&Æ—6†W%÷7WÆVÖVçBÃã3‚÷3CS“‚Ó#RÓ#ScBÓ ¦¶÷¦Æ÷w6¶•ó##U÷66–VçF–f–5÷&W÷'G2ÆfööE÷v7FU÷F÷'&Vf7F–öåó#C2Ã"ÃSBÃ#ãÃ#ÃRã#SÃ3rÇF÷'&Vf7F–öå÷&öGV7BÃ#CÃRãÃSRãsÃS"ãƒÂÓãcC3SÆfÇ6RÆW†6ÇVFVEög&öÕ÷V&Æ—6†W%öÖVã²–æ6öç6—7FVçE÷&u÷6–væÂÆW‡W&–ÖVçFÅ÷V&Æ—6†W%÷7WÆVÖVçBÃã3‚÷3CS“‚Ó#RÓ#ScBÓ ¦¶÷¦Æ÷w6¶•ó##U÷66–VçF–f–5÷&W÷'G2ÆfööE÷v7FU÷F÷'&Vf7F–öåó#C2Ã2ÃSBÃ#ãÃ#ÃRã#SÃ3rÇF÷'&Vf7F–öå÷&öGV7BÃ#CÃRãÃ##ƒ‚ã“ÃS"ãƒÃCã3#CƒCc‚ÇG'VRÂÆW‡W&–ÖVçFÅ÷V&Æ—6†W%÷7WÆVÖVçBÃã3‚÷3CS“‚Ó#RÓ#ScBÓ ¦¶÷¦Æ÷w6¶•ó##U÷66–VçF–f–5÷&W÷'G2ÆfööE÷v7FU÷—&öÇ—6—5óc2ÃÃSBÃ#ãÃ#ÃRã#SÃ3rÆ&–ö6†"ÃcÃRãÃ#CbãcÃS"ãƒÃ3c’ãs“sÇG'VRÂÆW‡W&–ÖVçFÅ÷V&Æ—6†W%÷7WÆVÖVçBÃã3‚÷3CS“‚Ó#RÓ#ScBÓ ¦¶÷¦Æ÷w6¶•ó##U÷66–VçF–f–5÷&W÷'G2ÆfööE÷v7FU÷—&öÇ—6—5óc2Ã"ÃSBÃ#ãÃ#ÃRã#SÃ3rÆ&–ö6†"ÃcÃRãÃ#cãÃS"ãƒÃ3s"ãC#CsƒƒÇG'VRÂÆW‡W&–ÖVçFÅ÷V&Æ—6†W%÷7WÆVÖVçBÃã3‚÷3CS“‚Ó#RÓ#ScBÓ ¦¶÷¦Æ÷w6¶•ó##U÷66–VçF–f–5÷&W÷'G2ÆfööE÷v7FU÷—&öÇ—6—5óc2Ã2ÃSBÃ#ãÃ#ÃRã#SÃ3rÆ&–ö6†"ÃcÃRãÃƒ“ãƒÃS"ãƒÃ3ã3ssCS3rÆfÇ6RÆW†6ÇVFVEög&öÕ÷V&Æ—6†W%öÖVã²–æ6öç6—7FVçE÷&u÷6–væÂÆW‡W&–ÖVçFÅ÷V&Æ—6†W%÷7WÆVÖVçBÃã3‚÷3CS“‚Ó#RÓ#ScBÓ ¦¶÷¦Æ÷w6¶•ó##U÷66–VçF–f–5÷&W÷'G2ÆfööE÷v7FUö‡–G&ö6†%ó#C2ÃÃSBÃ#ãÃ#ÃRã#SÃ3rÆ‡–G&ö6†"Ã#CÃRãÃ##S"ã“ÃS"ãƒÃ3“2ã“3CBÇG'VRÂÆW‡W&–ÖVçFÅ÷V&Æ—6†W%÷7WÆVÖVçBÃã3‚÷3CS“‚Ó#RÓ#ScBÓ ¦¶÷¦Æ÷w6¶•ó##U÷66–VçF–f–5÷&W÷'G2ÆfööE÷v7FUö‡–G&ö6†%ó#C2Ã"ÃSBÃ#ãÃ#ÃRã#SÃ3rÆ‡–G&ö6†"Ã#CÃRãÃ##CBã3ÃS"ãƒÃ3“ã#CsSssrÇG'VRÂÆW‡W&–ÖVçFÅ÷V&Æ—6†W%÷7WÆVÖVçBÃã3‚÷3CS“‚Ó#RÓ#ScBÓ ¦¶÷¦Æ÷w6¶•ó##U÷66–VçF–f–5÷&W÷'G2ÆfööE÷v7FUö‡–G&ö6†%ó#C2Ã2ÃSBÃ#ãÃ#ÃRã#SÃ3rÆ‡–G&ö6†"Ã#CÃRãÃ##’ãsÃS"ãƒÃ3ƒRãcƒƒCs“ƒrÇG'VRÂÆW‡W&–ÖVçFÅ÷V&Æ—6†W%÷7WÆVÖVçBÃã3‚÷3CS“‚Ó#RÓ#ScBÓ 